"TaxaID","source","baseMean","log2FoldChange","lfcSE","stat","pvalue","padj","method","adjusted_p_value","score","significant","Kingdom","Phylum","Class","Order","Family","Genus","Species","rab.all","rab.win.control","rab.win.DOR1","diff.btw","diff.win","effect","overlap","we.ep","we.eBH","wi.ep","wi.eBH","Names","scores","significant_in_deseq2.x","significant_in_aldex2.x","significant_in_lefse.x","significant_in_deseq2.y","significant_in_aldex2.y","significant_in_lefse.y","n_methods","is_significant"
"ASV1","DESeq2",263.471696247797,-4.30177177508116,1.43038996377252,-3.01122551901799,0.00260195525553112,0.00410621063763505,"deseq2",0.00410621063763505,-4.30177177508116,TRUE,"Bacteria","Proteobacteria","Alphaproteobacteria","SAR11 clade","Clade I","Clade Ia",NA,NA,NA,NA,NA,NA,NA,NA,NA,NA,NA,NA,NA,NA,TRUE,FALSE,FALSE,TRUE,FALSE,TRUE,2,TRUE
"ASV1","LEfSe",NA,NA,NA,NA,NA,NA,"lefse",0.0832645166635506,-4.35033864645372,TRUE,"Bacteria","Proteobacteria","Alphaproteobacteria","SAR11 clade","Clade I","Clade Ia",NA,NA,NA,NA,NA,NA,NA,NA,NA,NA,NA,NA,"ASV1",-4.35033864645372,FALSE,FALSE,TRUE,TRUE,FALSE,TRUE,2,TRUE
"ASV1","ALDEx2",NA,NA,NA,NA,NA,NA,"aldex2",0.901024353983086,-1.15011824810106,FALSE,"Bacteria","Proteobacteria","Alphaproteobacteria","SAR11 clade","Clade I","Clade Ia",NA,4.79631460303458,5.12539964032488,1.8989963003589,-3.32717636008196,4.65554502644495,-1.15011824810106,0.00789046640005469,0.415419455427443,0.901024353983086,0.2078125,0.51192844415289,NA,NA,FALSE,FALSE,FALSE,TRUE,FALSE,TRUE,2,TRUE
"ASV1015","DESeq2",39.7674451039711,3.43312788306502,1.86955941690874,1.82242628982614,0.0683903285616209,0.0832219660810086,"deseq2",0.0832219660810086,3.43312788306502,FALSE,"Bacteria","Bacteroidota","Bacteroidia","Flavobacteriales","Flavobacteriaceae","Aquibacter",NA,NA,NA,NA,NA,NA,NA,NA,NA,NA,NA,NA,NA,NA,FALSE,FALSE,FALSE,FALSE,TRUE,TRUE,2,TRUE
"ASV1015","ALDEx2",NA,NA,NA,NA,NA,NA,"aldex2",0.247132514860742,2.65323003405014,TRUE,"Bacteria","Bacteroidota","Bacteroidia","Flavobacteriales","Flavobacteriaceae","Aquibacter",NA,-0.0722590422598204,-4.42693459076167,5.48293107986617,10.0657843751876,3.7455545522799,2.65323003405014,0.000547999460257121,0.053260866176296,0.247132514860742,0,0,NA,NA,FALSE,TRUE,FALSE,FALSE,TRUE,TRUE,2,TRUE
"ASV1015","LEfSe",NA,NA,NA,NA,NA,NA,"lefse",0.0832645166635506,4.04500311066172,TRUE,"Bacteria","Bacteroidota","Bacteroidia","Flavobacteriales","Flavobacteriaceae","Aquibacter",NA,NA,NA,NA,NA,NA,NA,NA,NA,NA,NA,NA,"ASV1015",4.04500311066172,FALSE,FALSE,TRUE,FALSE,TRUE,TRUE,2,TRUE
"ASV1030","DESeq2",25.4047221630263,-6.88128722587882,1.43918006962742,-4.78084395662467,1.74560820379804e-06,4.40766071459004e-06,"deseq2",4.40766071459004e-06,-6.88128722587882,TRUE,"Bacteria","Proteobacteria","Gammaproteobacteria","Enterobacterales","Alteromonadaceae","Aliiglaciecola",NA,NA,NA,NA,NA,NA,NA,NA,NA,NA,NA,NA,NA,NA,TRUE,FALSE,FALSE,TRUE,FALSE,FALSE,1,TRUE
"ASV1030","ALDEx2",NA,NA,NA,NA,NA,NA,"aldex2",0.54754023574427,-2.07036364024425,FALSE,"Bacteria","Proteobacteria","Gammaproteobacteria","Enterobacterales","Alteromonadaceae","Aliiglaciecola",NA,1.18112030405904,1.62411821222719,-2.87876030735975,-4.65181051896989,2.15538091174701,-2.07036364024425,0.000547999460257121,0.152514834759106,0.54754023574427,0.2,0.498666175676709,NA,NA,FALSE,FALSE,FALSE,TRUE,FALSE,FALSE,1,TRUE
"ASV111","DESeq2",44.2480379527809,-5.10927649118481,2.20990039152271,-2.49941848342735,0.0124397314705324,0.016994232435774,"deseq2",0.016994232435774,-5.10927649118481,TRUE,"Bacteria","Proteobacteria","Gammaproteobacteria","Pseudomonadales","SAR86 clade",NA,NA,NA,NA,NA,NA,NA,NA,NA,NA,NA,NA,NA,NA,NA,TRUE,FALSE,FALSE,TRUE,FALSE,FALSE,1,TRUE
"ASV111","ALDEx2",NA,NA,NA,NA,NA,NA,"aldex2",0.892753556081082,-0.668387205481963,FALSE,"Bacteria","Proteobacteria","Gammaproteobacteria","Pseudomonadales","SAR86 clade",NA,NA,-1.38561366150976,2.62874160920751,-3.06125094296493,-4.59101754895844,6.50928791625665,-0.668387205481963,0.248063706377386,0.497398700115753,0.892753556081082,0.651562499999999,0.932070806315102,NA,NA,FALSE,FALSE,FALSE,TRUE,FALSE,FALSE,1,TRUE
"ASV1133","LEfSe",NA,NA,NA,NA,NA,NA,"lefse",0.0832645166635506,-3.73635537205706,TRUE,"Bacteria","Bacteroidota","Bacteroidia","Flavobacteriales","Flavobacteriaceae","Aurantivirga",NA,NA,NA,NA,NA,NA,NA,NA,NA,NA,NA,NA,"ASV1133",-3.73635537205706,FALSE,FALSE,TRUE,TRUE,FALSE,TRUE,2,TRUE
"ASV1133","ALDEx2",NA,NA,NA,NA,NA,NA,"aldex2",0.528097148543145,-1.82273082759574,FALSE,"Bacteria","Bacteroidota","Bacteroidia","Flavobacteriales","Flavobacteriaceae","Aurantivirga",NA,0.74340754353285,2.92652661019194,-3.10980651815299,-5.75224417025634,2.86626289431717,-1.82273082759574,0.00789046640005469,0.135251630673964,0.528097148543145,0.209375,0.515614715620286,NA,NA,FALSE,FALSE,FALSE,TRUE,FALSE,TRUE,2,TRUE
"ASV1133","DESeq2",48.7803936450183,-7.38821927140122,1.65680721059344,-4.45299637860334,8.46801833494014e-06,1.78181219131032e-05,"deseq2",1.78181219131032e-05,-7.38821927140122,TRUE,"Bacteria","Bacteroidota","Bacteroidia","Flavobacteriales","Flavobacteriaceae","Aurantivirga",NA,NA,NA,NA,NA,NA,NA,NA,NA,NA,NA,NA,NA,NA,TRUE,FALSE,FALSE,TRUE,FALSE,TRUE,2,TRUE
"ASV1158","DESeq2",36.8987404618335,8.38333545293206,1.30310788612747,6.42963461308372,1.27911040055043e-10,1.07658458712995e-09,"deseq2",1.07658458712995e-09,8.38333545293206,TRUE,"Bacteria","Bacteroidota","Bacteroidia","Flavobacteriales","Crocinitomicaceae","Salinirepens",NA,NA,NA,NA,NA,NA,NA,NA,NA,NA,NA,NA,NA,NA,TRUE,FALSE,FALSE,TRUE,TRUE,TRUE,3,TRUE
"ASV1158","LEfSe",NA,NA,NA,NA,NA,NA,"lefse",0.0832645166635506,4.07525828641717,TRUE,"Bacteria","Bacteroidota","Bacteroidia","Flavobacteriales","Crocinitomicaceae","Salinirepens",NA,NA,NA,NA,NA,NA,NA,NA,NA,NA,NA,NA,"ASV1158",4.07525828641717,FALSE,FALSE,TRUE,TRUE,TRUE,TRUE,3,TRUE
"ASV1158","ALDEx2",NA,NA,NA,NA,NA,NA,"aldex2",0.126720190689761,5.19418810388473,TRUE,"Bacteria","Bacteroidota","Bacteroidia","Flavobacteriales","Crocinitomicaceae","Salinirepens",NA,-3.75786855530851,-5.87957960741752,5.44701222358346,11.1587882598844,2.20551148589111,5.19418810388473,0.000547999460257121,0.0190727588099935,0.126720190689761,0,0,NA,NA,FALSE,TRUE,FALSE,TRUE,TRUE,TRUE,3,TRUE
"ASV116","DESeq2",40.0947653883458,-3.09954546769231,2.37284056500151,-4.92170473377452,NA,NA,"deseq2",NA,-3.09954546769231,NA,"Bacteria","Proteobacteria","Alphaproteobacteria","Rhodobacterales","Rhodobacteraceae","Sedimentitalea",NA,NA,NA,NA,NA,NA,NA,NA,NA,NA,NA,NA,NA,NA,FALSE,FALSE,FALSE,FALSE,FALSE,FALSE,0,FALSE
"ASV116","ALDEx2",NA,NA,NA,NA,NA,NA,"aldex2",0.968262313086401,-0.00685163910905281,FALSE,"Bacteria","Proteobacteria","Alphaproteobacteria","Rhodobacterales","Rhodobacteraceae","Sedimentitalea",NA,-3.33254852750018,-3.66528299570408,-2.86267655008451,-0.0329349203373441,7.24287067504255,-0.00685163910905281,0.496124050418246,0.780126099302771,0.968262313086401,0.6875,0.973015470054701,NA,NA,FALSE,FALSE,FALSE,FALSE,FALSE,FALSE,0,FALSE
"ASV1179","ALDEx2",NA,NA,NA,NA,NA,NA,"aldex2",0.424353879224608,2.53370736915198,FALSE,"Bacteria","Bacteroidota","Bacteroidia","Flavobacteriales","Flavobacteriaceae","Aquimarina",NA,1.67027840930209,1.22700376022698,4.07914336945138,2.9127679351598,1.11586450170758,2.53370736915198,0.000547999460257121,0.11513741066106,0.424353879224608,0,0,NA,NA,FALSE,FALSE,FALSE,FALSE,FALSE,FALSE,0,FALSE
"ASV1179","DESeq2",31.8874771211878,0.317581338109949,0.845854101633688,0.375512668817315,0.707279226296937,0.728930631183578,"deseq2",0.728930631183578,0.317581338109949,FALSE,"Bacteria","Bacteroidota","Bacteroidia","Flavobacteriales","Flavobacteriaceae","Aquimarina",NA,NA,NA,NA,NA,NA,NA,NA,NA,NA,NA,NA,NA,NA,FALSE,FALSE,FALSE,FALSE,FALSE,FALSE,0,FALSE
"ASV1194","DESeq2",38.7807938393809,-6.97009124431896,1.73723072141934,-4.002898701964,6.25710975520264e-05,0.00011285144379919,"deseq2",0.00011285144379919,-6.97009124431896,TRUE,"Bacteria","Bacteroidota","Bacteroidia","Flavobacteriales","Flavobacteriaceae",NA,NA,NA,NA,NA,NA,NA,NA,NA,NA,NA,NA,NA,NA,NA,TRUE,FALSE,FALSE,TRUE,FALSE,TRUE,2,TRUE
"ASV1194","ALDEx2",NA,NA,NA,NA,NA,NA,"aldex2",0.546112625925753,-1.59124125315801,FALSE,"Bacteria","Bacteroidota","Bacteroidia","Flavobacteriales","Flavobacteriaceae",NA,NA,-0.236941826533329,2.65466385663543,-3.16711803935491,-5.28584591154026,3.35767342287589,-1.59124125315801,0.0312696412751581,0.139464278242003,0.546112625925753,0.2375,0.54991303962172,NA,NA,FALSE,FALSE,FALSE,TRUE,FALSE,TRUE,2,TRUE
"ASV1194","LEfSe",NA,NA,NA,NA,NA,NA,"lefse",0.0832645166635506,-3.62023574956598,TRUE,"Bacteria","Bacteroidota","Bacteroidia","Flavobacteriales","Flavobacteriaceae",NA,NA,NA,NA,NA,NA,NA,NA,NA,NA,NA,NA,NA,"ASV1194",-3.62023574956598,FALSE,FALSE,TRUE,TRUE,FALSE,TRUE,2,TRUE
"ASV1218","ALDEx2",NA,NA,NA,NA,NA,NA,"aldex2",0.779821977948828,0.970296190588027,FALSE,"Bacteria","Bacteroidota","Bacteroidia","Flavobacteriales","Flavobacteriaceae","Aureicoccus","marinus",2.69428321358029,2.24874125665048,3.47409347757406,1.43373983116937,1.79163504276943,0.970296190588027,0.117192204319805,0.265181484154806,0.779821977948828,0.1671875,0.463912098930481,NA,NA,FALSE,FALSE,FALSE,FALSE,FALSE,FALSE,0,FALSE
"ASV1218","DESeq2",44.9886136253485,-1.1688872674116,1.20808945586995,-0.96770606940538,0.33319118606201,0.36980560211278,"deseq2",0.36980560211278,-1.1688872674116,FALSE,"Bacteria","Bacteroidota","Bacteroidia","Flavobacteriales","Flavobacteriaceae","Aureicoccus","marinus",NA,NA,NA,NA,NA,NA,NA,NA,NA,NA,NA,NA,NA,FALSE,FALSE,FALSE,FALSE,FALSE,FALSE,0,FALSE
"ASV1227","DESeq2",58.3515972293735,8.88300847158024,1.37619397739739,6.41624722946272,1.39674554774098e-10,1.08516384862953e-09,"deseq2",1.08516384862953e-09,8.88300847158024,TRUE,"Bacteria","Proteobacteria","Gammaproteobacteria","Burkholderiales","Rhodocyclaceae","Thauera",NA,NA,NA,NA,NA,NA,NA,NA,NA,NA,NA,NA,NA,NA,TRUE,FALSE,FALSE,TRUE,TRUE,TRUE,3,TRUE
"ASV1227","ALDEx2",NA,NA,NA,NA,NA,NA,"aldex2",0.118602620953596,5.35652379711229,TRUE,"Bacteria","Proteobacteria","Gammaproteobacteria","Burkholderiales","Rhodocyclaceae","Thauera",NA,-3.88901885795263,-5.99516666238354,6.10904661678159,12.111085640044,2.48142471084166,5.35652379711229,0.000547999460257121,0.0160479339860184,0.118602620953596,0,0,NA,NA,FALSE,TRUE,FALSE,TRUE,TRUE,TRUE,3,TRUE
"ASV1227","LEfSe",NA,NA,NA,NA,NA,NA,"lefse",0.0832645166635506,4.24975034702614,TRUE,"Bacteria","Proteobacteria","Gammaproteobacteria","Burkholderiales","Rhodocyclaceae","Thauera",NA,NA,NA,NA,NA,NA,NA,NA,NA,NA,NA,NA,"ASV1227",4.24975034702614,FALSE,FALSE,TRUE,TRUE,TRUE,TRUE,3,TRUE
"ASV1232","ALDEx2",NA,NA,NA,NA,NA,NA,"aldex2",0.904128409344394,-0.548487463460375,FALSE,"Bacteria","Bacteroidota","Bacteroidia","Flavobacteriales","Flavobacteriaceae",NA,NA,-1.08109744708882,1.9103925050432,-2.9099906427848,-3.78110096205652,6.44981931201788,-0.548487463460375,0.271319277489628,0.559441615417104,0.904128409344394,0.639062499999999,0.922094309331055,NA,NA,FALSE,FALSE,FALSE,TRUE,FALSE,FALSE,1,TRUE
"ASV1232","DESeq2",31.8323712630419,-5.30799927028107,2.17775573479646,-2.49434051037933,0.0126191422645003,0.016994232435774,"deseq2",0.016994232435774,-5.30799927028107,TRUE,"Bacteria","Bacteroidota","Bacteroidia","Flavobacteriales","Flavobacteriaceae",NA,NA,NA,NA,NA,NA,NA,NA,NA,NA,NA,NA,NA,NA,NA,TRUE,FALSE,FALSE,TRUE,FALSE,FALSE,1,TRUE
"ASV1233","LEfSe",NA,NA,NA,NA,NA,NA,"lefse",0.0832645166635506,-3.63218438301327,TRUE,"Bacteria","Proteobacteria","Gammaproteobacteria","Enterobacterales","Alteromonadaceae",NA,NA,NA,NA,NA,NA,NA,NA,NA,NA,NA,NA,NA,"ASV1233",-3.63218438301327,FALSE,FALSE,TRUE,TRUE,FALSE,TRUE,2,TRUE
"ASV1233","DESeq2",40.6281019701239,-7.49931774140264,1.41154947050052,-5.31291375240032,1.07886107562879e-07,3.75741271167268e-07,"deseq2",3.75741271167268e-07,-7.49931774140264,TRUE,"Bacteria","Proteobacteria","Gammaproteobacteria","Enterobacterales","Alteromonadaceae",NA,NA,NA,NA,NA,NA,NA,NA,NA,NA,NA,NA,NA,NA,NA,TRUE,FALSE,FALSE,TRUE,FALSE,TRUE,2,TRUE
"ASV1233","ALDEx2",NA,NA,NA,NA,NA,NA,"aldex2",0.527037447335652,-2.24036245194089,FALSE,"Bacteria","Proteobacteria","Gammaproteobacteria","Enterobacterales","Alteromonadaceae",NA,NA,1.93327899901579,2.34477165100897,-2.88968611677623,-5.43364878632856,2.44185790494314,-2.24036245194089,0.000547999460257121,0.141871154697835,0.527037447335652,0.2,0.498666175676709,NA,NA,FALSE,FALSE,FALSE,TRUE,FALSE,TRUE,2,TRUE
"ASV1244","DESeq2",33.2400125358465,8.27614216991673,1.27595239446027,6.48511236224805,8.86656814121919e-11,8.95523382263138e-10,"deseq2",8.95523382263138e-10,8.27614216991673,TRUE,"Bacteria","Proteobacteria","Alphaproteobacteria","Rhodobacterales","Rhodobacteraceae",NA,NA,NA,NA,NA,NA,NA,NA,NA,NA,NA,NA,NA,NA,NA,TRUE,FALSE,FALSE,TRUE,TRUE,TRUE,3,TRUE
"ASV1244","ALDEx2",NA,NA,NA,NA,NA,NA,"aldex2",0.1233794405515,4.03833505716996,TRUE,"Bacteria","Proteobacteria","Alphaproteobacteria","Rhodobacterales","Rhodobacteraceae",NA,NA,-3.72122081804258,-6.2033048504568,5.32309621182825,11.2812075730507,2.75832138845197,4.03833505716996,0.000547999460257121,0.0170937636561803,0.1233794405515,0,0,NA,NA,FALSE,TRUE,FALSE,TRUE,TRUE,TRUE,3,TRUE
"ASV1244","LEfSe",NA,NA,NA,NA,NA,NA,"lefse",0.0832645166635506,4.01347023979023,TRUE,"Bacteria","Proteobacteria","Alphaproteobacteria","Rhodobacterales","Rhodobacteraceae",NA,NA,NA,NA,NA,NA,NA,NA,NA,NA,NA,NA,NA,"ASV1244",4.01347023979023,FALSE,FALSE,TRUE,TRUE,TRUE,TRUE,3,TRUE
"ASV1253","LEfSe",NA,NA,NA,NA,NA,NA,"lefse",0.0832645166635506,-3.62622983857701,TRUE,"Bacteria","Proteobacteria","Gammaproteobacteria","Arenicellales","Arenicellaceae","Arenicella",NA,NA,NA,NA,NA,NA,NA,NA,NA,NA,NA,NA,"ASV1253",-3.62622983857701,FALSE,FALSE,TRUE,TRUE,FALSE,TRUE,2,TRUE
"ASV1253","DESeq2",41.1938845154072,-7.53482982383879,1.39880658218869,-5.38672231829204,7.17541601415933e-08,2.68413710159294e-07,"deseq2",2.68413710159294e-07,-7.53482982383879,TRUE,"Bacteria","Proteobacteria","Gammaproteobacteria","Arenicellales","Arenicellaceae","Arenicella",NA,NA,NA,NA,NA,NA,NA,NA,NA,NA,NA,NA,NA,NA,TRUE,FALSE,FALSE,TRUE,FALSE,TRUE,2,TRUE
"ASV1253","ALDEx2",NA,NA,NA,NA,NA,NA,"aldex2",0.538004080244808,-2.3012590349884,FALSE,"Bacteria","Proteobacteria","Gammaproteobacteria","Arenicellales","Arenicellaceae","Arenicella",NA,2.05093750771397,2.36001161084713,-3.21065048877389,-5.58062629687615,2.4640514428112,-2.3012590349884,0.000547999460257121,0.135916404616494,0.538004080244808,0.2,0.498666175676709,NA,NA,FALSE,FALSE,FALSE,TRUE,FALSE,TRUE,2,TRUE
"ASV13","DESeq2",71.9719702392163,-3.80987099806658,1.1965990757296,-3.16795818373131,0.00153513599299382,0.00246109103638692,"deseq2",0.00246109103638692,-3.80987099806658,TRUE,"Bacteria","Proteobacteria","Alphaproteobacteria","SAR11 clade","Clade I","Clade Ib",NA,NA,NA,NA,NA,NA,NA,NA,NA,NA,NA,NA,NA,NA,TRUE,FALSE,FALSE,TRUE,FALSE,TRUE,2,TRUE
"ASV13","LEfSe",NA,NA,NA,NA,NA,NA,"lefse",0.0832645166635506,-3.7895124406478,TRUE,"Bacteria","Proteobacteria","Alphaproteobacteria","SAR11 clade","Clade I","Clade Ib",NA,NA,NA,NA,NA,NA,NA,NA,NA,NA,NA,NA,"ASV13",-3.7895124406478,FALSE,FALSE,TRUE,TRUE,FALSE,TRUE,2,TRUE
"ASV13","ALDEx2",NA,NA,NA,NA,NA,NA,"aldex2",0.91764793910105,-0.689840872850026,FALSE,"Bacteria","Proteobacteria","Alphaproteobacteria","SAR11 clade","Clade I","Clade Ib",NA,2.85123843974293,3.48756553751674,1.63280801334525,-1.82617563757098,3.49170423990849,-0.689840872850026,0.178297322477122,0.446345940049358,0.91764793910105,0.401562499999999,0.790955332189239,NA,NA,FALSE,FALSE,FALSE,TRUE,FALSE,TRUE,2,TRUE
"ASV1328","LEfSe",NA,NA,NA,NA,NA,NA,"lefse",0.0832645166635506,-3.62133267869804,TRUE,"Bacteria","Proteobacteria","Alphaproteobacteria","Rhodobacterales","Rhodobacteraceae",NA,NA,NA,NA,NA,NA,NA,NA,NA,NA,NA,NA,NA,"ASV1328",-3.62133267869804,FALSE,FALSE,TRUE,TRUE,FALSE,TRUE,2,TRUE
"ASV1328","DESeq2",34.8682461807262,-6.98515680206579,1.64264283744723,-4.24798402745799,2.15702769254871e-05,4.2717607244592e-05,"deseq2",4.2717607244592e-05,-6.98515680206579,TRUE,"Bacteria","Proteobacteria","Alphaproteobacteria","Rhodobacterales","Rhodobacteraceae",NA,NA,NA,NA,NA,NA,NA,NA,NA,NA,NA,NA,NA,NA,NA,TRUE,FALSE,FALSE,TRUE,FALSE,TRUE,2,TRUE
"ASV1328","ALDEx2",NA,NA,NA,NA,NA,NA,"aldex2",0.553459503740889,-1.64782605753225,FALSE,"Bacteria","Proteobacteria","Alphaproteobacteria","Rhodobacterales","Rhodobacteraceae",NA,NA,0.697542668782054,1.37869797963522,-2.85172796766044,-4.60228370559649,2.99902821568127,-1.64782605753225,0.00782930484115282,0.139815531399059,0.553459503740889,0.2109375,0.513526102667581,NA,NA,FALSE,FALSE,FALSE,TRUE,FALSE,TRUE,2,TRUE
"ASV1331","DESeq2",34.4749685064416,8.22717705793938,1.35560699805233,6.05711807968402,1.38581864539654e-09,8.23339312853238e-09,"deseq2",8.23339312853238e-09,8.22717705793938,TRUE,"Bacteria","Proteobacteria","Alphaproteobacteria","Rhodobacterales","Rhodobacteraceae",NA,NA,NA,NA,NA,NA,NA,NA,NA,NA,NA,NA,NA,NA,NA,TRUE,FALSE,FALSE,TRUE,TRUE,TRUE,3,TRUE
"ASV1331","ALDEx2",NA,NA,NA,NA,NA,NA,"aldex2",0.124246271840934,4.51889392645647,TRUE,"Bacteria","Proteobacteria","Alphaproteobacteria","Rhodobacterales","Rhodobacteraceae",NA,NA,-3.84697607251289,-5.69898394078713,5.34154041511934,11.2437012396457,2.41470148379489,4.51889392645647,0.000547999460257121,0.0181755170046053,0.124246271840934,0,0,NA,NA,FALSE,TRUE,FALSE,TRUE,TRUE,TRUE,3,TRUE
"ASV1331","LEfSe",NA,NA,NA,NA,NA,NA,"lefse",0.0832645166635506,4.01964070563418,TRUE,"Bacteria","Proteobacteria","Alphaproteobacteria","Rhodobacterales","Rhodobacteraceae",NA,NA,NA,NA,NA,NA,NA,NA,NA,NA,NA,NA,NA,"ASV1331",4.01964070563418,FALSE,FALSE,TRUE,TRUE,TRUE,TRUE,3,TRUE
"ASV1334","DESeq2",23.5803225821623,-6.78872126908869,1.43607909176651,-4.72678332730872,2.28104437321906e-06,5.4853686117887e-06,"deseq2",5.4853686117887e-06,-6.78872126908869,TRUE,"Bacteria","Proteobacteria","Gammaproteobacteria","Pseudomonadales","Spongiibacteraceae","Dasania",NA,NA,NA,NA,NA,NA,NA,NA,NA,NA,NA,NA,NA,NA,TRUE,FALSE,FALSE,TRUE,FALSE,FALSE,1,TRUE
"ASV1334","ALDEx2",NA,NA,NA,NA,NA,NA,"aldex2",0.555758646156289,-1.71524560014545,FALSE,"Bacteria","Proteobacteria","Gammaproteobacteria","Pseudomonadales","Spongiibacteraceae","Dasania",NA,1.11747391216269,1.52087241840583,-3.02228548125811,-4.80373919186217,2.78840399728395,-1.71524560014545,0.000547999460257121,0.163658114091064,0.555758646156289,0.2046875,0.505733200297792,NA,NA,FALSE,FALSE,FALSE,TRUE,FALSE,FALSE,1,TRUE
"ASV141","ALDEx2",NA,NA,NA,NA,NA,NA,"aldex2",0.526076932348562,-1.99578172334374,FALSE,"Bacteria","Cyanobacteria","Cyanobacteriia","Synechococcales","Cyanobiaceae","Synechococcus CC9902",NA,0.553921185649725,1.63786962827541,-3.15223264738479,-4.82764379177706,2.16097021479669,-1.99578172334374,0.00782930484115282,0.147051120814505,0.526076932348562,0.2078125,0.512432269363295,NA,NA,FALSE,FALSE,FALSE,TRUE,FALSE,FALSE,1,TRUE
"ASV141","DESeq2",19.6931907617412,-6.54265737681675,1.430192367001,-4.57478715557147,4.76704366716099e-06,1.06993646751836e-05,"deseq2",1.06993646751836e-05,-6.54265737681675,TRUE,"Bacteria","Cyanobacteria","Cyanobacteriia","Synechococcales","Cyanobiaceae","Synechococcus CC9902",NA,NA,NA,NA,NA,NA,NA,NA,NA,NA,NA,NA,NA,NA,TRUE,FALSE,FALSE,TRUE,FALSE,FALSE,1,TRUE
"ASV1415","LEfSe",NA,NA,NA,NA,NA,NA,"lefse",0.0832645166635506,-3.57781529520507,TRUE,"Bacteria","Proteobacteria","Alphaproteobacteria","Rhodobacterales","Rhodobacteraceae","Yoonia-Loktanella",NA,NA,NA,NA,NA,NA,NA,NA,NA,NA,NA,NA,"ASV1415",-3.57781529520507,FALSE,FALSE,TRUE,TRUE,FALSE,TRUE,2,TRUE
"ASV1415","DESeq2",35.3559074365249,-3.58832122064366,1.22450204175244,-2.90862288383195,0.00363024475242805,0.00564084184608051,"deseq2",0.00564084184608051,-3.58832122064366,TRUE,"Bacteria","Proteobacteria","Alphaproteobacteria","Rhodobacterales","Rhodobacteraceae","Yoonia-Loktanella",NA,NA,NA,NA,NA,NA,NA,NA,NA,NA,NA,NA,NA,NA,TRUE,FALSE,FALSE,TRUE,FALSE,TRUE,2,TRUE
"ASV1415","ALDEx2",NA,NA,NA,NA,NA,NA,"aldex2",0.912368892891665,-0.654188354486672,FALSE,"Bacteria","Proteobacteria","Alphaproteobacteria","Rhodobacterales","Rhodobacteraceae","Yoonia-Loktanella",NA,1.59885874874591,1.72055140216037,0.682814248449714,-1.96936943968222,3.11045405654022,-0.654188354486672,0.226564484085857,0.450518057233664,0.912368892891665,0.565625,0.842217848367985,NA,NA,FALSE,FALSE,FALSE,TRUE,FALSE,TRUE,2,TRUE
"ASV1426","LEfSe",NA,NA,NA,NA,NA,NA,"lefse",0.0832645166635506,4.32668761116335,TRUE,"Bacteria","Chloroflexi","Anaerolineae","C10-SB1A",NA,NA,NA,NA,NA,NA,NA,NA,NA,NA,NA,NA,NA,NA,"ASV1426",4.32668761116335,FALSE,FALSE,TRUE,TRUE,TRUE,TRUE,3,TRUE
"ASV1426","DESeq2",67.4807914700705,9.12507800709016,1.33999107757353,6.76980271932554,1.28958118026232e-11,3.25619248016235e-10,"deseq2",3.25619248016235e-10,9.12507800709016,TRUE,"Bacteria","Chloroflexi","Anaerolineae","C10-SB1A",NA,NA,NA,NA,NA,NA,NA,NA,NA,NA,NA,NA,NA,NA,NA,NA,TRUE,FALSE,FALSE,TRUE,TRUE,TRUE,3,TRUE
"ASV1426","ALDEx2",NA,NA,NA,NA,NA,NA,"aldex2",0.123099373923057,5.15707864487991,TRUE,"Bacteria","Chloroflexi","Anaerolineae","C10-SB1A",NA,NA,NA,-3.82642615046922,-6.11811083308908,6.35081528093905,12.5562891275215,2.61975904480726,5.15707864487991,0.000547999460257121,0.0168146764157011,0.123099373923057,0,0,NA,NA,FALSE,TRUE,FALSE,TRUE,TRUE,TRUE,3,TRUE
"ASV1498","DESeq2",21.8609382250325,-6.6108599058322,1.4771444601606,-4.4755219200346,7.62248775940132e-06,1.63802396531816e-05,"deseq2",1.63802396531816e-05,-6.6108599058322,TRUE,"Bacteria","Proteobacteria","Gammaproteobacteria","Pseudomonadales","Marinobacteraceae","Marinobacter","guineae",NA,NA,NA,NA,NA,NA,NA,NA,NA,NA,NA,NA,NA,TRUE,FALSE,FALSE,TRUE,FALSE,FALSE,1,TRUE
"ASV1498","ALDEx2",NA,NA,NA,NA,NA,NA,"aldex2",0.523486983479162,-1.86114711844234,FALSE,"Bacteria","Proteobacteria","Gammaproteobacteria","Pseudomonadales","Marinobacteraceae","Marinobacter","guineae",0.533117048877952,1.55349826092058,-3.27546588568264,-4.9127527652034,2.50017120784496,-1.86114711844234,0.00782930484115282,0.142928342032563,0.523486983479162,0.209375,0.513918178606494,NA,NA,FALSE,FALSE,FALSE,TRUE,FALSE,FALSE,1,TRUE
"ASV1510","ALDEx2",NA,NA,NA,NA,NA,NA,"aldex2",0.552285273592248,-2.10129876447206,FALSE,"Bacteria","Proteobacteria","Alphaproteobacteria","Rhodobacterales","Rhodobacteraceae","Yoonia-Loktanella",NA,1.42844862524531,1.78567753735542,-2.95558337589602,-4.8556080771705,2.25136816528009,-2.10129876447206,0.000547999460257121,0.149679325125275,0.552285273592248,0.2015625,0.5009033915858,NA,NA,FALSE,FALSE,FALSE,TRUE,FALSE,FALSE,1,TRUE
"ASV1510","DESeq2",30.2685425165902,-7.08746108557707,1.43080216655762,-4.95371315495969,7.2810516737153e-07,2.0427394973479e-06,"deseq2",2.0427394973479e-06,-7.08746108557707,TRUE,"Bacteria","Proteobacteria","Alphaproteobacteria","Rhodobacterales","Rhodobacteraceae","Yoonia-Loktanella",NA,NA,NA,NA,NA,NA,NA,NA,NA,NA,NA,NA,NA,NA,TRUE,FALSE,FALSE,TRUE,FALSE,FALSE,1,TRUE
"ASV1573","ALDEx2",NA,NA,NA,NA,NA,NA,"aldex2",0.130144451675907,4.31513628171777,TRUE,"Bacteria","Proteobacteria","Gammaproteobacteria","Pseudomonadales","Nitrincolaceae",NA,NA,-3.67378172678135,-5.66762136863694,5.30914319659109,10.8716050064775,2.64318920621084,4.31513628171777,0.000547999460257121,0.0188179177462388,0.130144451675907,0,0,NA,NA,FALSE,TRUE,FALSE,TRUE,TRUE,TRUE,3,TRUE
"ASV1573","LEfSe",NA,NA,NA,NA,NA,NA,"lefse",0.0832645166635506,4.02785991883428,TRUE,"Bacteria","Proteobacteria","Gammaproteobacteria","Pseudomonadales","Nitrincolaceae",NA,NA,NA,NA,NA,NA,NA,NA,NA,NA,NA,NA,NA,"ASV1573",4.02785991883428,FALSE,FALSE,TRUE,TRUE,TRUE,TRUE,3,TRUE
"ASV1573","DESeq2",33.4998893333827,8.3081190442309,1.25744069272753,6.60647744891125,3.93572189089153e-11,5.91768292007664e-10,"deseq2",5.91768292007664e-10,8.3081190442309,TRUE,"Bacteria","Proteobacteria","Gammaproteobacteria","Pseudomonadales","Nitrincolaceae",NA,NA,NA,NA,NA,NA,NA,NA,NA,NA,NA,NA,NA,NA,NA,TRUE,FALSE,FALSE,TRUE,TRUE,TRUE,3,TRUE
"ASV160","DESeq2",129.993000705728,0.186262392088535,0.383187280354247,0.486099595789934,0.626896553501471,0.652747957769573,"deseq2",0.652747957769573,0.186262392088535,FALSE,"Bacteria","Bacteroidota","Bacteroidia","Flavobacteriales","Flavobacteriaceae","Polaribacter","dokdonensis",NA,NA,NA,NA,NA,NA,NA,NA,NA,NA,NA,NA,NA,FALSE,FALSE,FALSE,FALSE,TRUE,TRUE,2,TRUE
"ASV160","ALDEx2",NA,NA,NA,NA,NA,NA,"aldex2",0.107893794453312,6.08524838152203,TRUE,"Bacteria","Bacteroidota","Bacteroidia","Flavobacteriales","Flavobacteriaceae","Polaribacter","dokdonensis",3.73236446988723,3.24334890070006,6.05227578254344,2.79631055262946,0.469995144256673,6.08524838152203,0.000547999460257121,0.0136289615418055,0.107893794453312,0,0,NA,NA,FALSE,TRUE,FALSE,FALSE,TRUE,TRUE,2,TRUE
"ASV160","LEfSe",NA,NA,NA,NA,NA,NA,"lefse",0.0832645166635506,3.98512119896748,TRUE,"Bacteria","Bacteroidota","Bacteroidia","Flavobacteriales","Flavobacteriaceae","Polaribacter","dokdonensis",NA,NA,NA,NA,NA,NA,NA,NA,NA,NA,NA,"ASV160",3.98512119896748,FALSE,FALSE,TRUE,FALSE,TRUE,TRUE,2,TRUE
"ASV1633","DESeq2",35.3412244982291,8.37113604092466,1.2653773014837,6.61449144099513,3.72831227585833e-11,5.91768292007664e-10,"deseq2",5.91768292007664e-10,8.37113604092466,TRUE,"Bacteria","Bacteroidota","Bacteroidia","Flavobacteriales","Flavobacteriaceae","Aquimarina",NA,NA,NA,NA,NA,NA,NA,NA,NA,NA,NA,NA,NA,NA,TRUE,FALSE,FALSE,TRUE,TRUE,TRUE,3,TRUE
"ASV1633","LEfSe",NA,NA,NA,NA,NA,NA,"lefse",0.0832645166635506,4.06509566396755,TRUE,"Bacteria","Bacteroidota","Bacteroidia","Flavobacteriales","Flavobacteriaceae","Aquimarina",NA,NA,NA,NA,NA,NA,NA,NA,NA,NA,NA,NA,"ASV1633",4.06509566396755,FALSE,FALSE,TRUE,TRUE,TRUE,TRUE,3,TRUE
"ASV1633","ALDEx2",NA,NA,NA,NA,NA,NA,"aldex2",0.12827949976167,4.31217472626782,TRUE,"Bacteria","Bacteroidota","Bacteroidia","Flavobacteriales","Flavobacteriaceae","Aquimarina",NA,-3.7096656445152,-5.78366811101379,5.43893054076715,11.3213608370032,2.61000563921771,4.31217472626782,0.000547999460257121,0.0182922667917609,0.12827949976167,0,0,NA,NA,FALSE,TRUE,FALSE,TRUE,TRUE,TRUE,3,TRUE
"ASV169","LEfSe",NA,NA,NA,NA,NA,NA,"lefse",0.0832645166635506,3.89997016341173,TRUE,"Bacteria","Proteobacteria","Gammaproteobacteria","Enterobacterales","Colwelliaceae","Thalassotalea","eurytherma",NA,NA,NA,NA,NA,NA,NA,NA,NA,NA,NA,"ASV169",3.89997016341173,FALSE,FALSE,TRUE,FALSE,FALSE,TRUE,1,TRUE
"ASV169","DESeq2",81.1731542137748,0.388379343175937,1.73867006977182,0.223178529492571,0.823396561520433,0.833570647442365,"deseq2",0.833570647442365,0.388379343175937,FALSE,"Bacteria","Proteobacteria","Gammaproteobacteria","Enterobacterales","Colwelliaceae","Thalassotalea","eurytherma",NA,NA,NA,NA,NA,NA,NA,NA,NA,NA,NA,NA,NA,FALSE,FALSE,FALSE,FALSE,FALSE,TRUE,1,TRUE
"ASV169","ALDEx2",NA,NA,NA,NA,NA,NA,"aldex2",0.563998738273624,1.33180782159312,FALSE,"Bacteria","Proteobacteria","Gammaproteobacteria","Enterobacterales","Colwelliaceae","Thalassotalea","eurytherma",4.20473827339362,-0.153500346169396,5.5355217156441,5.6721966666734,4.44589710478614,1.33180782159312,0.000547999460257121,0.164453486702066,0.563998738273624,0,0,NA,NA,FALSE,FALSE,FALSE,FALSE,FALSE,TRUE,1,TRUE
"ASV1733","DESeq2",29.6395275013644,-7.07682242613979,1.41640206867181,-4.99663825421388,5.83383553076257e-07,1.73299231943241e-06,"deseq2",1.73299231943241e-06,-7.07682242613979,TRUE,"Bacteria","Proteobacteria","Alphaproteobacteria","Rhodobacterales","Rhodobacteraceae","Tateyamaria",NA,NA,NA,NA,NA,NA,NA,NA,NA,NA,NA,NA,NA,NA,TRUE,FALSE,FALSE,TRUE,FALSE,FALSE,1,TRUE
"ASV1733","ALDEx2",NA,NA,NA,NA,NA,NA,"aldex2",0.585243855749338,-2.06822710214293,FALSE,"Bacteria","Proteobacteria","Alphaproteobacteria","Rhodobacterales","Rhodobacteraceae","Tateyamaria",NA,1.34131999477895,1.86800725595029,-2.96062070666889,-4.96793817092514,2.44387276943852,-2.06822710214293,0.00782930484115282,0.170606452952555,0.585243855749338,0.2,0.498666175676709,NA,NA,FALSE,FALSE,FALSE,TRUE,FALSE,FALSE,1,TRUE
"ASV175","ALDEx2",NA,NA,NA,NA,NA,NA,"aldex2",0.480033093976279,-2.60461148179894,FALSE,"Bacteria","Proteobacteria","Gammaproteobacteria","Enterobacterales","Colwelliaceae","Colwellia",NA,3.68468543211363,4.31551398447594,-3.39159473866148,-7.9469719436694,2.97858245870377,-2.60461148179894,0.000547999460257121,0.116217241519061,0.480033093976279,0.2,0.498666175676709,NA,NA,FALSE,FALSE,FALSE,TRUE,FALSE,TRUE,2,TRUE
"ASV175","LEfSe",NA,NA,NA,NA,NA,NA,"lefse",0.0832645166635506,-4.1880124851992,TRUE,"Bacteria","Proteobacteria","Gammaproteobacteria","Enterobacterales","Colwelliaceae","Colwellia",NA,NA,NA,NA,NA,NA,NA,NA,NA,NA,NA,NA,"ASV175",-4.1880124851992,FALSE,FALSE,TRUE,TRUE,FALSE,TRUE,2,TRUE
"ASV175","DESeq2",156.697951698676,-9.15431660018338,1.48425233752125,-6.16544838618798,7.02836930888851e-10,5.07046642998385e-09,"deseq2",5.07046642998385e-09,-9.15431660018338,TRUE,"Bacteria","Proteobacteria","Gammaproteobacteria","Enterobacterales","Colwelliaceae","Colwellia",NA,NA,NA,NA,NA,NA,NA,NA,NA,NA,NA,NA,NA,NA,TRUE,FALSE,FALSE,TRUE,FALSE,TRUE,2,TRUE
"ASV1750","ALDEx2",NA,NA,NA,NA,NA,NA,"aldex2",0.145485845441241,3.76128771300566,TRUE,"Bacteria","Proteobacteria","Gammaproteobacteria","Pseudomonadales","Spongiibacteraceae","BD1-7 clade",NA,-3.42746325391066,-5.64867076613353,5.09955082537478,10.7448489465015,2.92461626334113,3.76128771300566,0.000547999460257121,0.0245443149787943,0.145485845441241,0,0,NA,NA,FALSE,TRUE,FALSE,TRUE,TRUE,TRUE,3,TRUE
"ASV1750","DESeq2",28.9712058185927,8.04573915617875,1.31729726366596,6.10564676264074,1.0238522330674e-09,6.82234547866604e-09,"deseq2",6.82234547866604e-09,8.04573915617875,TRUE,"Bacteria","Proteobacteria","Gammaproteobacteria","Pseudomonadales","Spongiibacteraceae","BD1-7 clade",NA,NA,NA,NA,NA,NA,NA,NA,NA,NA,NA,NA,NA,NA,TRUE,FALSE,FALSE,TRUE,TRUE,TRUE,3,TRUE
"ASV1750","LEfSe",NA,NA,NA,NA,NA,NA,"lefse",0.0832645166635506,3.98899130258293,TRUE,"Bacteria","Proteobacteria","Gammaproteobacteria","Pseudomonadales","Spongiibacteraceae","BD1-7 clade",NA,NA,NA,NA,NA,NA,NA,NA,NA,NA,NA,NA,"ASV1750",3.98899130258293,FALSE,FALSE,TRUE,TRUE,TRUE,TRUE,3,TRUE
"ASV180","DESeq2",53.1246280724584,-2.34106883215124,1.60704727933601,-1.45939150139812,0.144457383774216,0.169653439083672,"deseq2",0.169653439083672,-2.34106883215124,FALSE,"Bacteria","Proteobacteria","Gammaproteobacteria","Enterobacterales","Pseudoalteromonadaceae","Pseudoalteromonas",NA,NA,NA,NA,NA,NA,NA,NA,NA,NA,NA,NA,NA,NA,FALSE,FALSE,FALSE,FALSE,FALSE,FALSE,0,FALSE
"ASV180","ALDEx2",NA,NA,NA,NA,NA,NA,"aldex2",0.999526445079572,-0.117068599560075,FALSE,"Bacteria","Proteobacteria","Gammaproteobacteria","Enterobacterales","Pseudoalteromonadaceae","Pseudoalteromonas",NA,2.6114808818424,2.6114808818424,2.13509145934064,-0.442599575429718,4.20179172336469,-0.117068599560075,0.410853174248917,0.702045767091871,0.999526445079572,0.890624999999999,1,NA,NA,FALSE,FALSE,FALSE,FALSE,FALSE,FALSE,0,FALSE
"ASV1836","ALDEx2",NA,NA,NA,NA,NA,NA,"aldex2",0.805556742742119,-0.772075542363876,FALSE,"Bacteria","Proteobacteria","Gammaproteobacteria","Pseudomonadales","Alcanivoracaceae1","Alcanivorax",NA,-1.56276726931151,1.99812712792444,-3.44248510746661,-5.09058041989241,5.83357078896254,-0.772075542363876,0.19380090298063,0.385353611102071,0.805556742742119,0.528125,0.844643560349428,NA,NA,FALSE,FALSE,FALSE,TRUE,FALSE,FALSE,1,TRUE
"ASV1836","DESeq2",38.9037649988161,-5.56003782281788,2.15558304157268,-2.63882020239531,0.00831950915992933,0.0123569180169539,"deseq2",0.0123569180169539,-5.56003782281788,TRUE,"Bacteria","Proteobacteria","Gammaproteobacteria","Pseudomonadales","Alcanivoracaceae1","Alcanivorax",NA,NA,NA,NA,NA,NA,NA,NA,NA,NA,NA,NA,NA,NA,TRUE,FALSE,FALSE,TRUE,FALSE,FALSE,1,TRUE
"ASV1892","ALDEx2",NA,NA,NA,NA,NA,NA,"aldex2",0.272685576834693,2.1804618850983,FALSE,"Bacteria","Proteobacteria","Alphaproteobacteria","Caulobacterales","Hyphomonadaceae",NA,NA,2.14565947201705,1.70355514484654,4.1053194987084,2.62755947651947,1.17289679127161,2.1804618850983,0.000547999460257121,0.0611204830086663,0.272685576834693,0,0,NA,NA,FALSE,FALSE,FALSE,FALSE,FALSE,FALSE,0,FALSE
"ASV1892","DESeq2",35.4059071456267,0.0100140330835694,0.943769175270041,0.0106117393691297,0.991533215900438,0.991533215900438,"deseq2",0.991533215900438,0.0100140330835694,FALSE,"Bacteria","Proteobacteria","Alphaproteobacteria","Caulobacterales","Hyphomonadaceae",NA,NA,NA,NA,NA,NA,NA,NA,NA,NA,NA,NA,NA,NA,NA,FALSE,FALSE,FALSE,FALSE,FALSE,FALSE,0,FALSE
"ASV1959","LEfSe",NA,NA,NA,NA,NA,NA,"lefse",0.0832645166635506,4.08345416890716,TRUE,"Bacteria","Bacteroidota","Bacteroidia","Flavobacteriales","Flavobacteriaceae","Tenacibaculum",NA,NA,NA,NA,NA,NA,NA,NA,NA,NA,NA,NA,"ASV1959",4.08345416890716,FALSE,FALSE,TRUE,TRUE,TRUE,TRUE,3,TRUE
"ASV1959","DESeq2",37.3355680547427,8.4169690407788,1.28840057528611,6.53105464023545,6.53081656067572e-11,8.24515590785309e-10,"deseq2",8.24515590785309e-10,8.4169690407788,TRUE,"Bacteria","Bacteroidota","Bacteroidia","Flavobacteriales","Flavobacteriaceae","Tenacibaculum",NA,NA,NA,NA,NA,NA,NA,NA,NA,NA,NA,NA,NA,NA,TRUE,FALSE,FALSE,TRUE,TRUE,TRUE,3,TRUE
"ASV1959","ALDEx2",NA,NA,NA,NA,NA,NA,"aldex2",0.132700398290348,3.99952508548988,TRUE,"Bacteria","Bacteroidota","Bacteroidia","Flavobacteriales","Flavobacteriaceae","Tenacibaculum",NA,-3.74911659071215,-5.80529106158116,5.48782582130693,11.3637937515769,2.90120155041157,3.99952508548988,0.000547999460257121,0.020275042797695,0.132700398290348,0,0,NA,NA,FALSE,TRUE,FALSE,TRUE,TRUE,TRUE,3,TRUE
"ASV2","LEfSe",NA,NA,NA,NA,NA,NA,"lefse",0.0832645166635506,-3.52868209190376,TRUE,"Bacteria","Cyanobacteria","Cyanobacteriia","Synechococcales","Cyanobiaceae","Prochlorococcus MIT9313","marinus",NA,NA,NA,NA,NA,NA,NA,NA,NA,NA,NA,"ASV2",-3.52868209190376,FALSE,FALSE,TRUE,TRUE,FALSE,TRUE,2,TRUE
"ASV2","DESeq2",34.2938123644637,-7.34138713574746,1.37555723561099,-5.33699296577415,9.45007046681201e-08,3.40877541838576e-07,"deseq2",3.40877541838576e-07,-7.34138713574746,TRUE,"Bacteria","Cyanobacteria","Cyanobacteriia","Synechococcales","Cyanobiaceae","Prochlorococcus MIT9313","marinus",NA,NA,NA,NA,NA,NA,NA,NA,NA,NA,NA,NA,NA,TRUE,FALSE,FALSE,TRUE,FALSE,TRUE,2,TRUE
"ASV2","ALDEx2",NA,NA,NA,NA,NA,NA,"aldex2",0.556319118171793,-2.13703268499301,FALSE,"Bacteria","Cyanobacteria","Cyanobacteriia","Synechococcales","Cyanobiaceae","Prochlorococcus MIT9313","marinus",1.81577755457663,2.25465508331469,-3.05500978989567,-5.28777048173702,2.39270576973131,-2.13703268499301,0.000547999460257121,0.152296655457955,0.556319118171793,0.2,0.498666175676709,NA,NA,FALSE,FALSE,FALSE,TRUE,FALSE,TRUE,2,TRUE
"ASV20","DESeq2",60.6045208448102,-1.85616150836435,1.49567969665795,-1.2421379929195,0.214185652865264,0.24582671522036,"deseq2",0.24582671522036,-1.85616150836435,FALSE,"Bacteria","Proteobacteria","Alphaproteobacteria","SAR11 clade","Clade I","Clade Ia",NA,NA,NA,NA,NA,NA,NA,NA,NA,NA,NA,NA,NA,NA,FALSE,FALSE,FALSE,FALSE,FALSE,FALSE,0,FALSE
"ASV20","ALDEx2",NA,NA,NA,NA,NA,NA,"aldex2",0.999439488022803,-0.0716708363421091,FALSE,"Bacteria","Proteobacteria","Alphaproteobacteria","SAR11 clade","Clade I","Clade Ia",NA,2.83022648641957,2.83022648641957,2.09016118306,-0.385606751006559,4.71635002994977,-0.0716708363421091,0.5,0.691624866129683,0.999439488022803,0.799999999999998,1,NA,NA,FALSE,FALSE,FALSE,FALSE,FALSE,FALSE,0,FALSE
"ASV2111","LEfSe",NA,NA,NA,NA,NA,NA,"lefse",0.0832645166635506,4.09468005924764,TRUE,"Bacteria","Bacteroidota","Bacteroidia","Flavobacteriales","Flavobacteriaceae","Spongiivirga",NA,NA,NA,NA,NA,NA,NA,NA,NA,NA,NA,NA,"ASV2111",4.09468005924764,FALSE,FALSE,TRUE,TRUE,TRUE,TRUE,3,TRUE
"ASV2111","DESeq2",40.214665588121,8.30599242446872,1.44312782517278,5.72315884390016,1.04561417992022e-08,4.80031964417918e-08,"deseq2",4.80031964417918e-08,8.30599242446872,TRUE,"Bacteria","Bacteroidota","Bacteroidia","Flavobacteriales","Flavobacteriaceae","Spongiivirga",NA,NA,NA,NA,NA,NA,NA,NA,NA,NA,NA,NA,NA,NA,TRUE,FALSE,FALSE,TRUE,TRUE,TRUE,3,TRUE
"ASV2111","ALDEx2",NA,NA,NA,NA,NA,NA,"aldex2",0.119438130725015,4.42286135199066,TRUE,"Bacteria","Bacteroidota","Bacteroidia","Flavobacteriales","Flavobacteriaceae","Spongiivirga",NA,-3.89300649937114,-6.04670646332248,5.57848636359873,11.4484048354787,2.70506704172317,4.42286135199066,0.000547999460257121,0.0169037514474345,0.119438130725015,0,0,NA,NA,FALSE,TRUE,FALSE,TRUE,TRUE,TRUE,3,TRUE
"ASV223","ALDEx2",NA,NA,NA,NA,NA,NA,"aldex2",0.47921347843534,-2.67544227320623,FALSE,"Bacteria","Proteobacteria","Gammaproteobacteria","Pseudomonadales","Cellvibrionaceae","Aestuariicella",NA,2.91765270908263,3.24391621627654,-2.8870285467645,-6.35391178189979,2.25006645094499,-2.67544227320623,0.000547999460257121,0.110169510130106,0.47921347843534,0.2,0.498666175676709,NA,NA,FALSE,FALSE,FALSE,TRUE,FALSE,TRUE,2,TRUE
"ASV223","LEfSe",NA,NA,NA,NA,NA,NA,"lefse",0.0832645166635506,-3.91383945531326,TRUE,"Bacteria","Proteobacteria","Gammaproteobacteria","Pseudomonadales","Cellvibrionaceae","Aestuariicella",NA,NA,NA,NA,NA,NA,NA,NA,NA,NA,NA,NA,"ASV223",-3.91383945531326,FALSE,FALSE,TRUE,TRUE,FALSE,TRUE,2,TRUE
"ASV223","DESeq2",92.7149650587744,-8.52338240333577,1.45781611728918,-5.84530844808934,5.05630473520474e-09,2.8371487680871e-08,"deseq2",2.8371487680871e-08,-8.52338240333577,TRUE,"Bacteria","Proteobacteria","Gammaproteobacteria","Pseudomonadales","Cellvibrionaceae","Aestuariicella",NA,NA,NA,NA,NA,NA,NA,NA,NA,NA,NA,NA,NA,NA,TRUE,FALSE,FALSE,TRUE,FALSE,TRUE,2,TRUE
"ASV2291","DESeq2",32.0566409696781,8.15935090099234,1.3370595347199,6.09700112384866,1.08076760058076e-09,6.82234547866604e-09,"deseq2",6.82234547866604e-09,8.15935090099234,TRUE,"Bacteria","Actinobacteriota","Acidimicrobiia","Microtrichales",NA,NA,NA,NA,NA,NA,NA,NA,NA,NA,NA,NA,NA,NA,NA,NA,TRUE,FALSE,FALSE,TRUE,TRUE,TRUE,3,TRUE
"ASV2291","ALDEx2",NA,NA,NA,NA,NA,NA,"aldex2",0.12306992238957,4.88896530420196,TRUE,"Bacteria","Actinobacteriota","Acidimicrobiia","Microtrichales",NA,NA,NA,-3.87784359900897,-5.93349470251083,5.21374970704766,11.4189395267987,2.52534144795046,4.88896530420196,0.000547999460257121,0.0176919801748003,0.12306992238957,0,0,NA,NA,FALSE,TRUE,FALSE,TRUE,TRUE,TRUE,3,TRUE
"ASV2291","LEfSe",NA,NA,NA,NA,NA,NA,"lefse",0.0832645166635506,3.98936175895494,TRUE,"Bacteria","Actinobacteriota","Acidimicrobiia","Microtrichales",NA,NA,NA,NA,NA,NA,NA,NA,NA,NA,NA,NA,NA,NA,"ASV2291",3.98936175895494,FALSE,FALSE,TRUE,TRUE,TRUE,TRUE,3,TRUE
"ASV23","ALDEx2",NA,NA,NA,NA,NA,NA,"aldex2",0.113571581072473,4.01921981990532,TRUE,"Bacteria","Proteobacteria","Alphaproteobacteria","Sphingomonadales","Sphingomonadaceae","Sphingobium",NA,-4.04789363215366,-6.164022436751,5.78528553331074,11.8231513931269,2.82472697538306,4.01921981990532,0.000547999460257121,0.0140192545916419,0.113571581072473,0,0,NA,NA,FALSE,TRUE,FALSE,TRUE,TRUE,TRUE,3,TRUE
"ASV23","LEfSe",NA,NA,NA,NA,NA,NA,"lefse",0.0832645166635506,4.19918170279382,TRUE,"Bacteria","Proteobacteria","Alphaproteobacteria","Sphingomonadales","Sphingomonadaceae","Sphingobium",NA,NA,NA,NA,NA,NA,NA,NA,NA,NA,NA,NA,"ASV23",4.19918170279382,FALSE,FALSE,TRUE,TRUE,TRUE,TRUE,3,TRUE
"ASV23","DESeq2",46.2085850949188,8.45264043095824,1.4653606484823,5.72741977466577,1.01969632216293e-08,4.80031964417918e-08,"deseq2",4.80031964417918e-08,8.45264043095824,TRUE,"Bacteria","Proteobacteria","Alphaproteobacteria","Sphingomonadales","Sphingomonadaceae","Sphingobium",NA,NA,NA,NA,NA,NA,NA,NA,NA,NA,NA,NA,NA,NA,TRUE,FALSE,FALSE,TRUE,TRUE,TRUE,3,TRUE
"ASV2303","DESeq2",32.2712112696251,-5.30119658820156,2.17915288882803,-2.4943310248588,0.0126194795315153,0.016994232435774,"deseq2",0.016994232435774,-5.30119658820156,TRUE,"Bacteria","Bacteroidota","Bacteroidia","Flavobacteriales","Flavobacteriaceae","Winogradskyella",NA,NA,NA,NA,NA,NA,NA,NA,NA,NA,NA,NA,NA,NA,TRUE,FALSE,FALSE,TRUE,FALSE,FALSE,1,TRUE
"ASV2303","ALDEx2",NA,NA,NA,NA,NA,NA,"aldex2",0.903421296090757,-0.687603305440758,FALSE,"Bacteria","Bacteroidota","Bacteroidia","Flavobacteriales","Flavobacteriaceae","Winogradskyella",NA,-1.37634786525139,2.45877633593652,-2.79476652139872,-3.96889957914266,5.90906749761424,-0.687603305440758,0.294574880995797,0.559515961809848,0.903421296090757,0.654687499999999,0.92078788293004,NA,NA,FALSE,FALSE,FALSE,TRUE,FALSE,FALSE,1,TRUE
"ASV236","DESeq2",112.243321265682,-2.39892118720649,2.11520640473389,-1.1642369420381,0.244328003122539,0.274190314615294,"deseq2",0.274190314615294,-2.39892118720649,FALSE,"Bacteria","Bacteroidota","Bacteroidia","Flavobacteriales","Flavobacteriaceae","Aurantivirga",NA,NA,NA,NA,NA,NA,NA,NA,NA,NA,NA,NA,NA,NA,FALSE,FALSE,FALSE,FALSE,FALSE,FALSE,0,FALSE
"ASV236","ALDEx2",NA,NA,NA,NA,NA,NA,"aldex2",1,-0.0637008533504777,FALSE,"Bacteria","Bacteroidota","Bacteroidia","Flavobacteriales","Flavobacteriaceae","Aurantivirga",NA,3.62000658509748,3.73123993237532,1.83398324317194,-0.567321912824308,8.03568008611371,-0.0637008533504777,0.410853174248917,0.898333757139223,1,0.876562499999999,0.987806804916971,NA,NA,FALSE,FALSE,FALSE,FALSE,FALSE,FALSE,0,FALSE
"ASV24","DESeq2",277.740675949646,-9.42227991766954,1.70215974690529,-5.49299196864313,3.95180770724586e-08,1.66305241013263e-07,"deseq2",1.66305241013263e-07,-9.42227991766954,TRUE,"Bacteria","Proteobacteria","Alphaproteobacteria","Rhodobacterales","Rhodobacteraceae","Pseudophaeobacter",NA,NA,NA,NA,NA,NA,NA,NA,NA,NA,NA,NA,NA,NA,TRUE,FALSE,FALSE,TRUE,FALSE,TRUE,2,TRUE
"ASV24","ALDEx2",NA,NA,NA,NA,NA,NA,"aldex2",0.410992560578303,-2.68895509964298,FALSE,"Bacteria","Proteobacteria","Alphaproteobacteria","Rhodobacterales","Rhodobacteraceae","Pseudophaeobacter",NA,3.5549873126283,3.84591738620733,-2.88437454591175,-7.71583028202048,3.03629622726697,-2.68895509964298,0.000547999460257121,0.0712274351481431,0.410992560578303,0.2,0.498666175676709,NA,NA,FALSE,FALSE,FALSE,TRUE,FALSE,TRUE,2,TRUE
"ASV24","LEfSe",NA,NA,NA,NA,NA,NA,"lefse",0.0832645166635506,-4.3959978883769,TRUE,"Bacteria","Proteobacteria","Alphaproteobacteria","Rhodobacterales","Rhodobacteraceae","Pseudophaeobacter",NA,NA,NA,NA,NA,NA,NA,NA,NA,NA,NA,NA,"ASV24",-4.3959978883769,FALSE,FALSE,TRUE,TRUE,FALSE,TRUE,2,TRUE
"ASV248","DESeq2",18.3865775569897,-4.9979894304239,2.1901615382881,-2.27079490952501,0.0231593962614446,0.0296088483848848,"deseq2",0.0296088483848848,-4.9979894304239,TRUE,"Bacteria","Proteobacteria","Gammaproteobacteria","Enterobacterales","Alteromonadaceae","Alteromonas","australica",NA,NA,NA,NA,NA,NA,NA,NA,NA,NA,NA,NA,NA,TRUE,FALSE,FALSE,TRUE,FALSE,FALSE,1,TRUE
"ASV248","ALDEx2",NA,NA,NA,NA,NA,NA,"aldex2",0.855200240080638,-0.669549356416342,FALSE,"Bacteria","Proteobacteria","Gammaproteobacteria","Enterobacterales","Alteromonadaceae","Alteromonas","australica",-1.57527697363322,1.2906945912003,-2.7907738493969,-3.54763884960541,4.97385147629835,-0.669549356416342,0.25581555923057,0.497403488393434,0.855200240080638,0.587499999999999,0.865794697850088,NA,NA,FALSE,FALSE,FALSE,TRUE,FALSE,FALSE,1,TRUE
"ASV256","DESeq2",24.9210571837337,-3.05852526312949,2.37416286118081,-4.80116367686291,NA,NA,"deseq2",NA,-3.05852526312949,NA,"Bacteria","Proteobacteria","Alphaproteobacteria","Rhodobacterales","Rhodobacteraceae","Amylibacter",NA,NA,NA,NA,NA,NA,NA,NA,NA,NA,NA,NA,NA,NA,FALSE,FALSE,FALSE,FALSE,FALSE,FALSE,0,FALSE
"ASV256","ALDEx2",NA,NA,NA,NA,NA,NA,"aldex2",0.966724863897892,0.0504066685220156,FALSE,"Bacteria","Proteobacteria","Alphaproteobacteria","Rhodobacterales","Rhodobacteraceae","Amylibacter",NA,-3.53846393384351,-4.00751503907825,-2.93001154669393,0.209104106377746,7.67301332896801,0.0504066685220156,0.476562619469233,0.798837036891656,0.966724863897892,0.66875,0.972510587002224,NA,NA,FALSE,FALSE,FALSE,FALSE,FALSE,FALSE,0,FALSE
"ASV257","ALDEx2",NA,NA,NA,NA,NA,NA,"aldex2",0.119239764981194,4.93018471711125,TRUE,"Bacteria","Proteobacteria","Alphaproteobacteria","Rhodobacterales","Rhodobacteraceae","Ascidiaceihabitans",NA,-3.87985701153359,-5.87181604382327,5.74434592322583,11.8721330959239,2.70853387624256,4.93018471711125,0.000547999460257121,0.0171106549426969,0.119239764981194,0,0,NA,NA,FALSE,TRUE,FALSE,TRUE,TRUE,TRUE,3,TRUE
"ASV257","LEfSe",NA,NA,NA,NA,NA,NA,"lefse",0.0832645166635506,4.09671781807806,TRUE,"Bacteria","Proteobacteria","Alphaproteobacteria","Rhodobacterales","Rhodobacteraceae","Ascidiaceihabitans",NA,NA,NA,NA,NA,NA,NA,NA,NA,NA,NA,NA,"ASV257",4.09671781807806,FALSE,FALSE,TRUE,TRUE,TRUE,TRUE,3,TRUE
"ASV257","DESeq2",43.9415211282096,8.59475395784748,1.3178186713847,6.50689147707153,7.6721794827792e-11,8.60989030845221e-10,"deseq2",8.60989030845221e-10,8.59475395784748,TRUE,"Bacteria","Proteobacteria","Alphaproteobacteria","Rhodobacterales","Rhodobacteraceae","Ascidiaceihabitans",NA,NA,NA,NA,NA,NA,NA,NA,NA,NA,NA,NA,NA,NA,TRUE,FALSE,FALSE,TRUE,TRUE,TRUE,3,TRUE
"ASV2656","ALDEx2",NA,NA,NA,NA,NA,NA,"aldex2",0.572121548867789,-1.42955162730541,FALSE,"Bacteria","Bacteroidota","Bacteroidia","Flavobacteriales","Flavobacteriaceae",NA,NA,-0.181179728800346,1.76640911316603,-2.70479902920328,-4.50435299259072,2.71495688404493,-1.42955162730541,0.0234638632116018,0.14831850137496,0.572121548867789,0.228125,0.54157806793309,NA,NA,FALSE,FALSE,FALSE,TRUE,FALSE,TRUE,2,TRUE
"ASV2656","LEfSe",NA,NA,NA,NA,NA,NA,"lefse",0.0832645166635506,-3.50469368678414,TRUE,"Bacteria","Bacteroidota","Bacteroidia","Flavobacteriales","Flavobacteriaceae",NA,NA,NA,NA,NA,NA,NA,NA,NA,NA,NA,NA,NA,"ASV2656",-3.50469368678414,FALSE,FALSE,TRUE,TRUE,FALSE,TRUE,2,TRUE
"ASV2656","DESeq2",28.3586722900647,-6.70215436062402,1.66004401527557,-4.03278425013586,5.51198808251403e-05,0.000103094591913688,"deseq2",0.000103094591913688,-6.70215436062402,TRUE,"Bacteria","Bacteroidota","Bacteroidia","Flavobacteriales","Flavobacteriaceae",NA,NA,NA,NA,NA,NA,NA,NA,NA,NA,NA,NA,NA,NA,NA,TRUE,FALSE,FALSE,TRUE,FALSE,TRUE,2,TRUE
"ASV27","DESeq2",180.998579824786,-4.13964868549952,1.64462832777734,-2.52957756821496,0.0114199927996313,0.0162453418698981,"deseq2",0.0162453418698981,-4.13964868549952,TRUE,"Bacteria","Proteobacteria","Gammaproteobacteria","Pseudomonadales","Saccharospirillaceae","Oceaniserpentilla",NA,NA,NA,NA,NA,NA,NA,NA,NA,NA,NA,NA,NA,NA,TRUE,FALSE,FALSE,TRUE,FALSE,TRUE,2,TRUE
"ASV27","ALDEx2",NA,NA,NA,NA,NA,NA,"aldex2",0.940934075580664,-0.716623016963154,FALSE,"Bacteria","Proteobacteria","Gammaproteobacteria","Pseudomonadales","Saccharospirillaceae","Oceaniserpentilla",NA,2.58209723928439,2.5887458308314,2.13926476553567,-3.14674506858039,4.2169645471038,-0.716623016963154,0.325582389769386,0.472641779151751,0.940934075580664,0.778124999999998,0.991164378292233,NA,NA,FALSE,FALSE,FALSE,TRUE,FALSE,TRUE,2,TRUE
"ASV27","LEfSe",NA,NA,NA,NA,NA,NA,"lefse",0.0832645166635506,-4.09747933672273,TRUE,"Bacteria","Proteobacteria","Gammaproteobacteria","Pseudomonadales","Saccharospirillaceae","Oceaniserpentilla",NA,NA,NA,NA,NA,NA,NA,NA,NA,NA,NA,NA,"ASV27",-4.09747933672273,FALSE,FALSE,TRUE,TRUE,FALSE,TRUE,2,TRUE
"ASV3","LEfSe",NA,NA,NA,NA,NA,NA,"lefse",0.0832645166635506,-3.96517672796131,TRUE,"Bacteria","Proteobacteria","Alphaproteobacteria","SAR11 clade","Clade I","Clade Ia",NA,NA,NA,NA,NA,NA,NA,NA,NA,NA,NA,NA,"ASV3",-3.96517672796131,FALSE,FALSE,TRUE,TRUE,FALSE,TRUE,2,TRUE
"ASV3","DESeq2",154.014042375799,-2.33430809942942,0.52726290492752,-4.42475900214703,9.65500056391454e-06,1.95031011391074e-05,"deseq2",1.95031011391074e-05,-2.33430809942942,TRUE,"Bacteria","Proteobacteria","Alphaproteobacteria","SAR11 clade","Clade I","Clade Ia",NA,NA,NA,NA,NA,NA,NA,NA,NA,NA,NA,NA,NA,NA,TRUE,FALSE,FALSE,TRUE,FALSE,TRUE,2,TRUE
"ASV3","ALDEx2",NA,NA,NA,NA,NA,NA,"aldex2",0.912696083399806,0.393657355642328,FALSE,"Bacteria","Proteobacteria","Alphaproteobacteria","SAR11 clade","Clade I","Clade Ia",NA,4.26838315282634,4.20091752267661,4.44352030467556,0.201915104182659,0.597802647912758,0.393657355642328,0.351563327941938,0.667404258169654,0.912696083399806,0.531249999999999,0.813197693850267,NA,NA,FALSE,FALSE,FALSE,TRUE,FALSE,TRUE,2,TRUE
"ASV30","DESeq2",51.3761108774013,-1.30017915132262,2.09529344812749,-0.626692365592231,0.530860909185267,0.558509914871999,"deseq2",0.558509914871999,-1.30017915132262,FALSE,"Bacteria","Proteobacteria","Alphaproteobacteria","SAR11 clade","Clade II",NA,NA,NA,NA,NA,NA,NA,NA,NA,NA,NA,NA,NA,NA,NA,FALSE,FALSE,FALSE,FALSE,FALSE,FALSE,0,FALSE
"ASV30","ALDEx2",NA,NA,NA,NA,NA,NA,"aldex2",1,0.16857718528629,FALSE,"Bacteria","Proteobacteria","Alphaproteobacteria","SAR11 clade","Clade II",NA,NA,2.87048714112779,2.87048714112779,2.47852762434676,1.35703045865492,7.27420606105316,0.16857718528629,0.382813130675644,0.868512990726584,1,0.524999999999999,1,NA,NA,FALSE,FALSE,FALSE,FALSE,FALSE,FALSE,0,FALSE
"ASV3131","ALDEx2",NA,NA,NA,NA,NA,NA,"aldex2",0.913180723098182,-0.598961533590236,FALSE,"Bacteria","Bacteroidota","Bacteroidia","Flavobacteriales","Flavobacteriaceae","Tenacibaculum",NA,-1.58963175708285,2.15987007871549,-3.0707123233879,-4.0805848693663,6.82790346491562,-0.598961533590236,0.271319277489628,0.568697527241457,0.913180723098182,0.693749999999999,0.947236109080076,NA,NA,FALSE,FALSE,FALSE,TRUE,FALSE,FALSE,1,TRUE
"ASV3131","DESeq2",26.5657178665629,-5.22782764043475,2.18020338856599,-2.42678367273845,0.0152333360800673,0.0199813888842441,"deseq2",0.0199813888842441,-5.22782764043475,TRUE,"Bacteria","Bacteroidota","Bacteroidia","Flavobacteriales","Flavobacteriaceae","Tenacibaculum",NA,NA,NA,NA,NA,NA,NA,NA,NA,NA,NA,NA,NA,NA,TRUE,FALSE,FALSE,TRUE,FALSE,FALSE,1,TRUE
"ASV319","DESeq2",87.4043335443404,-4.43677980081689,1.22699884280846,-3.59300607200118,0.000326884967666339,0.000550256362238337,"deseq2",0.000550256362238337,-4.43677980081689,TRUE,"Bacteria","Proteobacteria","Gammaproteobacteria","Pseudomonadales","Saccharospirillaceae","Oleispira",NA,NA,NA,NA,NA,NA,NA,NA,NA,NA,NA,NA,NA,NA,TRUE,FALSE,FALSE,TRUE,FALSE,TRUE,2,TRUE
"ASV319","LEfSe",NA,NA,NA,NA,NA,NA,"lefse",0.0832645166635506,-3.87491344250421,TRUE,"Bacteria","Proteobacteria","Gammaproteobacteria","Pseudomonadales","Saccharospirillaceae","Oleispira",NA,NA,NA,NA,NA,NA,NA,NA,NA,NA,NA,NA,"ASV319",-3.87491344250421,FALSE,FALSE,TRUE,TRUE,FALSE,TRUE,2,TRUE
"ASV319","ALDEx2",NA,NA,NA,NA,NA,NA,"aldex2",0.831819731787596,-0.997318335416493,FALSE,"Bacteria","Proteobacteria","Gammaproteobacteria","Pseudomonadales","Saccharospirillaceae","Oleispira",NA,2.68989110277477,3.31092994041381,0.89408582490176,-2.9368449172224,3.0450211436415,-0.997318335416493,0.0390780901701758,0.344450173487146,0.831819731787596,0.248437499999999,0.572185339528892,NA,NA,FALSE,FALSE,FALSE,TRUE,FALSE,TRUE,2,TRUE
"ASV34","DESeq2",38.9726725316625,-7.4390761475156,1.41703669305912,-5.2497964436558,1.52267375461508e-07,4.96096932955235e-07,"deseq2",4.96096932955235e-07,-7.4390761475156,TRUE,"Bacteria","Proteobacteria","Alphaproteobacteria","SAR11 clade","Clade IV",NA,NA,NA,NA,NA,NA,NA,NA,NA,NA,NA,NA,NA,NA,NA,TRUE,FALSE,FALSE,TRUE,FALSE,TRUE,2,TRUE
"ASV34","LEfSe",NA,NA,NA,NA,NA,NA,"lefse",0.0832645166635506,-3.60109887304746,TRUE,"Bacteria","Proteobacteria","Alphaproteobacteria","SAR11 clade","Clade IV",NA,NA,NA,NA,NA,NA,NA,NA,NA,NA,NA,NA,NA,"ASV34",-3.60109887304746,FALSE,FALSE,TRUE,TRUE,FALSE,TRUE,2,TRUE
"ASV34","ALDEx2",NA,NA,NA,NA,NA,NA,"aldex2",0.537537354557634,-2.16576406202299,FALSE,"Bacteria","Proteobacteria","Alphaproteobacteria","SAR11 clade","Clade IV",NA,NA,1.97113240715974,2.23759600480325,-3.42888940064381,-5.77988521800615,2.45084766662483,-2.16576406202299,0.000547999460257121,0.141982817783858,0.537537354557634,0.2015625,0.500874709330555,NA,NA,FALSE,FALSE,FALSE,TRUE,FALSE,TRUE,2,TRUE
"ASV343","DESeq2",34.2664536276339,-3.08770954237317,2.37322366394634,-4.89959146119115,NA,NA,"deseq2",NA,-3.08770954237317,NA,"Bacteria","Proteobacteria","Gammaproteobacteria","Enterobacterales","Colwelliaceae","Colwellia",NA,NA,NA,NA,NA,NA,NA,NA,NA,NA,NA,NA,NA,NA,FALSE,FALSE,FALSE,FALSE,FALSE,FALSE,0,FALSE
"ASV343","ALDEx2",NA,NA,NA,NA,NA,NA,"aldex2",0.975663339767274,-0.0498551755131188,FALSE,"Bacteria","Proteobacteria","Gammaproteobacteria","Enterobacterales","Colwelliaceae","Colwellia",NA,-3.66530350805177,-4.11301848460069,-3.13265403558695,-0.447556536799078,7.62246441346757,-0.0498551755131188,0.476562619469233,0.774074902048803,0.975663339767274,0.696875,0.982926175419769,NA,NA,FALSE,FALSE,FALSE,FALSE,FALSE,FALSE,0,FALSE
"ASV347","DESeq2",25.549778696395,-5.3444273537435,2.16371366599658,-2.47305107294755,0.0133964996463447,0.0178032429510633,"deseq2",0.0178032429510633,-5.3444273537435,TRUE,"Bacteria","Proteobacteria","Gammaproteobacteria","Enterobacterales","Alteromonadaceae","Alteromonas","genovensis",NA,NA,NA,NA,NA,NA,NA,NA,NA,NA,NA,NA,NA,TRUE,FALSE,FALSE,TRUE,FALSE,FALSE,1,TRUE
"ASV347","ALDEx2",NA,NA,NA,NA,NA,NA,"aldex2",0.847105177139343,-0.659051434333355,FALSE,"Bacteria","Proteobacteria","Gammaproteobacteria","Enterobacterales","Alteromonadaceae","Alteromonas","genovensis",-1.24451895464552,0.0629971949956651,-2.82687395032894,-3.69999731012455,4.87868724525713,-0.659051434333355,0.263567416398401,0.489149836189482,0.847105177139343,0.5703125,0.858314496222448,NA,NA,FALSE,FALSE,FALSE,TRUE,FALSE,FALSE,1,TRUE
"ASV35","DESeq2",112.566943372681,10.0005596312258,1.19463161077534,8.32906862477593,8.14808274602312e-17,6.08928675199026e-15,"deseq2",6.08928675199026e-15,10.0005596312258,TRUE,"Bacteria","Bacteroidota","Bacteroidia","Flavobacteriales","Crocinitomicaceae","Fluviicola",NA,NA,NA,NA,NA,NA,NA,NA,NA,NA,NA,NA,NA,NA,TRUE,FALSE,FALSE,TRUE,TRUE,TRUE,3,TRUE
"ASV35","ALDEx2",NA,NA,NA,NA,NA,NA,"aldex2",0.107111623481863,5.51713037388416,TRUE,"Bacteria","Bacteroidota","Bacteroidia","Flavobacteriales","Crocinitomicaceae","Fluviicola",NA,-3.56982398393971,-5.88546564555329,7.10529171348484,13.091307135128,2.41177135540247,5.51713037388416,0.000547999460257121,0.013493337592785,0.107111623481863,0,0,NA,NA,FALSE,TRUE,FALSE,TRUE,TRUE,TRUE,3,TRUE
"ASV35","LEfSe",NA,NA,NA,NA,NA,NA,"lefse",0.0832645166635506,4.54376676943903,TRUE,"Bacteria","Bacteroidota","Bacteroidia","Flavobacteriales","Crocinitomicaceae","Fluviicola",NA,NA,NA,NA,NA,NA,NA,NA,NA,NA,NA,NA,"ASV35",4.54376676943903,FALSE,FALSE,TRUE,TRUE,TRUE,TRUE,3,TRUE
"ASV354","DESeq2",37.3098376369338,0.33732285481848,1.52754030446434,0.220710991261014,0.825317472715213,0.833570647442365,"deseq2",0.833570647442365,0.33732285481848,FALSE,"Bacteria","Bacteroidota","Bacteroidia","Flavobacteriales","Flavobacteriaceae","Winogradskyella",NA,NA,NA,NA,NA,NA,NA,NA,NA,NA,NA,NA,NA,NA,FALSE,FALSE,FALSE,FALSE,FALSE,FALSE,0,FALSE
"ASV354","ALDEx2",NA,NA,NA,NA,NA,NA,"aldex2",0.551383166642476,1.78543740138301,FALSE,"Bacteria","Bacteroidota","Bacteroidia","Flavobacteriales","Flavobacteriaceae","Winogradskyella",NA,2.16572836700385,1.42109575262591,4.39340710318526,3.13359822609101,2.18822667522473,1.78543740138301,0.000547999460257121,0.161181469661034,0.551383166642476,0,0,NA,NA,FALSE,FALSE,FALSE,FALSE,FALSE,FALSE,0,FALSE
"ASV363","DESeq2",87.0518274593837,9.59751251529565,1.2396651300414,7.70689073643289,1.28920086362502e-14,4.34030957420424e-13,"deseq2",4.34030957420424e-13,9.59751251529565,TRUE,"Bacteria","Proteobacteria","Gammaproteobacteria","Pseudomonadales","Alcanivoracaceae1","Alcanivorax","nanhaiticus",NA,NA,NA,NA,NA,NA,NA,NA,NA,NA,NA,NA,NA,TRUE,FALSE,FALSE,TRUE,TRUE,TRUE,3,TRUE
"ASV363","LEfSe",NA,NA,NA,NA,NA,NA,"lefse",0.0832645166635506,4.47838083138595,TRUE,"Bacteria","Proteobacteria","Gammaproteobacteria","Pseudomonadales","Alcanivoracaceae1","Alcanivorax","nanhaiticus",NA,NA,NA,NA,NA,NA,NA,NA,NA,NA,NA,"ASV363",4.47838083138595,FALSE,FALSE,TRUE,TRUE,TRUE,TRUE,3,TRUE
"ASV363","ALDEx2",NA,NA,NA,NA,NA,NA,"aldex2",0.127763522184746,4.75654942023332,TRUE,"Bacteria","Proteobacteria","Gammaproteobacteria","Pseudomonadales","Alcanivoracaceae1","Alcanivorax","nanhaiticus",-3.60371995612542,-5.65638126176192,6.6964015720031,12.3613214153674,2.76111144385932,4.75654942023332,0.000547999460257121,0.0191367819516434,0.127763522184746,0,0,NA,NA,FALSE,TRUE,FALSE,TRUE,TRUE,TRUE,3,TRUE
"ASV37","DESeq2",31.9765559678115,-7.18235722506388,1.41834833414054,-5.06395673953808,4.10642871598214e-07,1.25681606155817e-06,"deseq2",1.25681606155817e-06,-7.18235722506388,TRUE,"Bacteria","Cyanobacteria","Cyanobacteriia","Synechococcales","Cyanobiaceae","Synechococcus CC9902",NA,NA,NA,NA,NA,NA,NA,NA,NA,NA,NA,NA,NA,NA,TRUE,FALSE,FALSE,TRUE,FALSE,FALSE,1,TRUE
"ASV37","ALDEx2",NA,NA,NA,NA,NA,NA,"aldex2",0.543277360666586,-1.84727517509528,FALSE,"Bacteria","Cyanobacteria","Cyanobacteriia","Synechococcales","Cyanobiaceae","Synechococcus CC9902",NA,1.72480929166737,2.06377374763732,-3.0241408164076,-5.04843554289019,2.86115348905748,-1.84727517509528,0.000547999460257121,0.15169690573686,0.543277360666586,0.2015625,0.501646034265189,NA,NA,FALSE,FALSE,FALSE,TRUE,FALSE,FALSE,1,TRUE
"ASV383","LEfSe",NA,NA,NA,NA,NA,NA,"lefse",0.0832645166635506,-3.88505667484241,TRUE,"Bacteria","Proteobacteria","Gammaproteobacteria","Pseudomonadales","Saccharospirillaceae","Oleispira",NA,NA,NA,NA,NA,NA,NA,NA,NA,NA,NA,NA,"ASV383",-3.88505667484241,FALSE,FALSE,TRUE,TRUE,FALSE,TRUE,2,TRUE
"ASV383","DESeq2",89.6561543476559,-3.58196604167583,0.718150013681344,-4.96939450147451,6.71623005913318e-07,1.93811210277843e-06,"deseq2",1.93811210277843e-06,-3.58196604167583,TRUE,"Bacteria","Proteobacteria","Gammaproteobacteria","Pseudomonadales","Saccharospirillaceae","Oleispira",NA,NA,NA,NA,NA,NA,NA,NA,NA,NA,NA,NA,NA,NA,TRUE,FALSE,FALSE,TRUE,FALSE,TRUE,2,TRUE
"ASV383","ALDEx2",NA,NA,NA,NA,NA,NA,"aldex2",0.81483641121337,-0.823165251056723,FALSE,"Bacteria","Proteobacteria","Gammaproteobacteria","Pseudomonadales","Saccharospirillaceae","Oleispira",NA,3.00509431288256,3.22438198851433,2.47828401917737,-1.14629068572323,1.35403880001826,-0.823165251056723,0.178297322477122,0.354457974715351,0.81483641121337,0.493749999999999,0.812246804281087,NA,NA,FALSE,FALSE,FALSE,TRUE,FALSE,TRUE,2,TRUE
"ASV39","DESeq2",27.2965964802913,-6.9588226059523,1.43156167694241,-4.86111031264005,1.16729179834416e-06,3.10253872717789e-06,"deseq2",3.10253872717789e-06,-6.9588226059523,TRUE,"Bacteria","Actinobacteriota","Acidimicrobiia","Actinomarinales","Actinomarinaceae","Candidatus Actinomarina",NA,NA,NA,NA,NA,NA,NA,NA,NA,NA,NA,NA,NA,NA,TRUE,FALSE,FALSE,TRUE,FALSE,FALSE,1,TRUE
"ASV39","ALDEx2",NA,NA,NA,NA,NA,NA,"aldex2",0.559521704511392,-2.17957436727111,FALSE,"Bacteria","Actinobacteriota","Acidimicrobiia","Actinomarinales","Actinomarinaceae","Candidatus Actinomarina",NA,1.40130714210817,1.86200835315785,-3.29806044304949,-5.18123187243417,2.18113953263748,-2.17957436727111,0.000547999460257121,0.162523459142678,0.559521704511392,0.203125,0.504076759711524,NA,NA,FALSE,FALSE,FALSE,TRUE,FALSE,FALSE,1,TRUE
"ASV4","ALDEx2",NA,NA,NA,NA,NA,NA,"aldex2",0.898450788963656,-0.591471811394477,FALSE,"Bacteria","Cyanobacteria","Cyanobacteriia","Synechococcales","Cyanobiaceae","Synechococcus CC9902",NA,4.14318829952037,4.53289590162825,3.93557951339388,-0.551615574247582,0.856535274314397,-0.591471811394477,0.279071142155566,0.511211591180697,0.898450788963656,0.653124999999999,0.92290985535696,NA,NA,FALSE,FALSE,FALSE,TRUE,FALSE,TRUE,2,TRUE
"ASV4","LEfSe",NA,NA,NA,NA,NA,NA,"lefse",0.0832645166635506,-4.0744588794842,TRUE,"Bacteria","Cyanobacteria","Cyanobacteriia","Synechococcales","Cyanobiaceae","Synechococcus CC9902",NA,NA,NA,NA,NA,NA,NA,NA,NA,NA,NA,NA,"ASV4",-4.0744588794842,FALSE,FALSE,TRUE,TRUE,FALSE,TRUE,2,TRUE
"ASV4","DESeq2",161.356636023844,-2.98525135642949,0.461417562252648,-6.4625008201425,1.02986587509733e-10,9.45604121680273e-10,"deseq2",9.45604121680273e-10,-2.98525135642949,TRUE,"Bacteria","Cyanobacteria","Cyanobacteriia","Synechococcales","Cyanobiaceae","Synechococcus CC9902",NA,NA,NA,NA,NA,NA,NA,NA,NA,NA,NA,NA,NA,NA,TRUE,FALSE,FALSE,TRUE,FALSE,TRUE,2,TRUE
"ASV42","DESeq2",20.2336842332935,-6.34730483107021,1.62907819137055,-3.89206638384526,9.93940384863039e-05,0.000173082722191667,"deseq2",0.000173082722191667,-6.34730483107021,TRUE,"Bacteria","Proteobacteria","Gammaproteobacteria","Pseudomonadales","Marinomonadaceae","Marinomonas",NA,NA,NA,NA,NA,NA,NA,NA,NA,NA,NA,NA,NA,NA,TRUE,FALSE,FALSE,TRUE,FALSE,FALSE,1,TRUE
"ASV42","ALDEx2",NA,NA,NA,NA,NA,NA,"aldex2",0.581895978801199,-1.45610217159578,FALSE,"Bacteria","Proteobacteria","Gammaproteobacteria","Pseudomonadales","Marinomonadaceae","Marinomonas",NA,0.148088961717017,0.684961335964984,-2.80766123926415,-4.13959843398298,2.73662590614498,-1.45610217159578,0.023281977911024,0.156084562477553,0.581895978801199,0.23125,0.530762152451798,NA,NA,FALSE,FALSE,FALSE,TRUE,FALSE,FALSE,1,TRUE
"ASV424","ALDEx2",NA,NA,NA,NA,NA,NA,"aldex2",0.956836989874314,-0.0963204327000372,FALSE,"Bacteria","Proteobacteria","Alphaproteobacteria","Rhodobacterales","Rhodobacteraceae","Pseudophaeobacter","arcticus",-3.64500278300137,-3.91589631843158,-3.36148794263108,-0.500897962663367,6.11358209644409,-0.0963204327000372,0.480620252231404,0.765656795144806,0.956836989874314,0.7140625,0.95964433403939,NA,NA,FALSE,FALSE,FALSE,FALSE,FALSE,FALSE,0,FALSE
"ASV424","DESeq2",13.6663861975314,-2.98022759459107,2.37664176917002,-1.52798597708579,0.126516019654607,0.150330799824886,"deseq2",0.150330799824886,-2.98022759459107,FALSE,"Bacteria","Proteobacteria","Alphaproteobacteria","Rhodobacterales","Rhodobacteraceae","Pseudophaeobacter","arcticus",NA,NA,NA,NA,NA,NA,NA,NA,NA,NA,NA,NA,NA,FALSE,FALSE,FALSE,FALSE,FALSE,FALSE,0,FALSE
"ASV441","LEfSe",NA,NA,NA,NA,NA,NA,"lefse",0.0832645166635506,4.23303415448813,TRUE,"Bacteria","Bacteroidota","Bacteroidia","Flavobacteriales","Flavobacteriaceae","Winogradskyella",NA,NA,NA,NA,NA,NA,NA,NA,NA,NA,NA,NA,"ASV441",4.23303415448813,FALSE,FALSE,TRUE,FALSE,FALSE,TRUE,1,TRUE
"ASV441","ALDEx2",NA,NA,NA,NA,NA,NA,"aldex2",0.354099142310445,1.8901346460462,FALSE,"Bacteria","Bacteroidota","Bacteroidia","Flavobacteriales","Flavobacteriaceae","Winogradskyella",NA,2.07326304195705,-5.09394262713176,6.07093757014871,11.0233854451067,6.41466655133195,1.8901346460462,0.000547999460257121,0.0889133545868259,0.354099142310445,0,0,NA,NA,FALSE,FALSE,FALSE,FALSE,FALSE,TRUE,1,TRUE
"ASV441","DESeq2",66.5090418144953,2.48785674454153,2.08298306324139,1.18624254831956,0.235526527773973,0.267282913541251,"deseq2",0.267282913541251,2.48785674454153,FALSE,"Bacteria","Bacteroidota","Bacteroidia","Flavobacteriales","Flavobacteriaceae","Winogradskyella",NA,NA,NA,NA,NA,NA,NA,NA,NA,NA,NA,NA,NA,NA,FALSE,FALSE,FALSE,FALSE,FALSE,TRUE,1,TRUE
"ASV442","ALDEx2",NA,NA,NA,NA,NA,NA,"aldex2",0.529061595737296,-1.75887391018969,FALSE,"Bacteria","Proteobacteria","Gammaproteobacteria","Enterobacterales","Colwelliaceae","Colwellia","meonggei",0.412504085019147,2.76112078263335,-3.32462522410391,-5.87828892544255,3.38043997660713,-1.75887391018969,0.0156646691693825,0.133203192952889,0.529061595737296,0.2140625,0.52223990363867,NA,NA,FALSE,FALSE,FALSE,TRUE,FALSE,TRUE,2,TRUE
"ASV442","DESeq2",56.2155712411217,-7.39671842237869,1.75612714675773,-4.19938053097867,2.67646199180462e-05,5.19851271485128e-05,"deseq2",5.19851271485128e-05,-7.39671842237869,TRUE,"Bacteria","Proteobacteria","Gammaproteobacteria","Enterobacterales","Colwelliaceae","Colwellia","meonggei",NA,NA,NA,NA,NA,NA,NA,NA,NA,NA,NA,NA,NA,TRUE,FALSE,FALSE,TRUE,FALSE,TRUE,2,TRUE
"ASV442","LEfSe",NA,NA,NA,NA,NA,NA,"lefse",0.0832645166635506,-3.66875533498345,TRUE,"Bacteria","Proteobacteria","Gammaproteobacteria","Enterobacterales","Colwelliaceae","Colwellia","meonggei",NA,NA,NA,NA,NA,NA,NA,NA,NA,NA,NA,"ASV442",-3.66875533498345,FALSE,FALSE,TRUE,TRUE,FALSE,TRUE,2,TRUE
"ASV45","ALDEx2",NA,NA,NA,NA,NA,NA,"aldex2",0.994846636666436,-0.256220738249532,FALSE,"Bacteria","Proteobacteria","Alphaproteobacteria","SAR11 clade","Clade I","Clade Ib",NA,2.18182180070436,2.18331515617658,1.71297926033119,-1.03845520800639,4.08504118343342,-0.256220738249532,0.406250494200147,0.59365323010696,0.994846636666436,0.882812499999999,0.996168744243984,NA,NA,FALSE,FALSE,FALSE,FALSE,FALSE,FALSE,0,FALSE
"ASV45","DESeq2",41.3832623087836,-2.51201958163779,1.39786638545947,-1.79705512098931,0.0723268694844943,0.0869644502134991,"deseq2",0.0869644502134991,-2.51201958163779,FALSE,"Bacteria","Proteobacteria","Alphaproteobacteria","SAR11 clade","Clade I","Clade Ib",NA,NA,NA,NA,NA,NA,NA,NA,NA,NA,NA,NA,NA,NA,FALSE,FALSE,FALSE,FALSE,FALSE,FALSE,0,FALSE
"ASV47","DESeq2",24.2515492973412,-5.52310565976421,2.12005685886289,-2.58647530109522,0.00969631193695298,0.0141931522555399,"deseq2",0.0141931522555399,-5.52310565976421,TRUE,"Bacteria","Proteobacteria","Alphaproteobacteria","SAR11 clade","Clade I","Clade Ib",NA,NA,NA,NA,NA,NA,NA,NA,NA,NA,NA,NA,NA,NA,TRUE,FALSE,FALSE,TRUE,FALSE,FALSE,1,TRUE
"ASV47","ALDEx2",NA,NA,NA,NA,NA,NA,"aldex2",0.816696658336514,-0.67334993806241,FALSE,"Bacteria","Proteobacteria","Alphaproteobacteria","SAR11 clade","Clade I","Clade Ib",NA,-1.48111422111384,2.04284003432805,-3.32412483382893,-3.84135502695414,5.54514521120045,-0.67334993806241,0.203127332012097,0.405147458691678,0.816696658336514,0.534374999999999,0.834508991020742,NA,NA,FALSE,FALSE,FALSE,TRUE,FALSE,FALSE,1,TRUE
"ASV479","LEfSe",NA,NA,NA,NA,NA,NA,"lefse",0.0832645166635506,-3.60847418527957,TRUE,"Bacteria","Proteobacteria","Gammaproteobacteria","Enterobacterales","Colwelliaceae","Thalassotalea",NA,NA,NA,NA,NA,NA,NA,NA,NA,NA,NA,NA,"ASV479",-3.60847418527957,FALSE,FALSE,TRUE,TRUE,FALSE,TRUE,2,TRUE
"ASV479","DESeq2",40.4597709074162,-7.3863197644299,1.50716360710663,-4.89899877790678,9.63262434879481e-07,2.62944610602237e-06,"deseq2",2.62944610602237e-06,-7.3863197644299,TRUE,"Bacteria","Proteobacteria","Gammaproteobacteria","Enterobacterales","Colwelliaceae","Thalassotalea",NA,NA,NA,NA,NA,NA,NA,NA,NA,NA,NA,NA,NA,NA,TRUE,FALSE,FALSE,TRUE,FALSE,TRUE,2,TRUE
"ASV479","ALDEx2",NA,NA,NA,NA,NA,NA,"aldex2",0.543421847515444,-2.02829510930935,FALSE,"Bacteria","Proteobacteria","Gammaproteobacteria","Enterobacterales","Colwelliaceae","Thalassotalea",NA,1.47215576677491,2.56724493783062,-2.93908629822169,-5.38828109971279,2.44705148420602,-2.02829510930935,0.000547999460257121,0.144058680860149,0.543421847515444,0.2015625,0.501371306024303,NA,NA,FALSE,FALSE,FALSE,TRUE,FALSE,TRUE,2,TRUE
"ASV49","LEfSe",NA,NA,NA,NA,NA,NA,"lefse",0.0832645166635506,-4.40016794519913,TRUE,"Bacteria","Proteobacteria","Gammaproteobacteria","Enterobacterales","Colwelliaceae","Colwellia",NA,NA,NA,NA,NA,NA,NA,NA,NA,NA,NA,NA,"ASV49",-4.40016794519913,FALSE,FALSE,TRUE,TRUE,FALSE,TRUE,2,TRUE
"ASV49","DESeq2",284.156562127011,-9.39523138999944,1.71974690811769,-5.41192842519824,6.23496119746106e-08,2.42204261901372e-07,"deseq2",2.42204261901372e-07,-9.39523138999944,TRUE,"Bacteria","Proteobacteria","Gammaproteobacteria","Enterobacterales","Colwelliaceae","Colwellia",NA,NA,NA,NA,NA,NA,NA,NA,NA,NA,NA,NA,NA,NA,TRUE,FALSE,FALSE,TRUE,FALSE,TRUE,2,TRUE
"ASV49","ALDEx2",NA,NA,NA,NA,NA,NA,"aldex2",0.424735006100999,-2.58092738424993,FALSE,"Bacteria","Proteobacteria","Gammaproteobacteria","Enterobacterales","Colwelliaceae","Colwellia",NA,3.05311378482782,4.22082085848156,-2.83749566467222,-7.86453906349829,2.95957203983444,-2.58092738424993,0.000547999460257121,0.0739769387838689,0.424735006100999,0.2,0.498666175676709,NA,NA,FALSE,FALSE,FALSE,TRUE,FALSE,TRUE,2,TRUE
"ASV495","LEfSe",NA,NA,NA,NA,NA,NA,"lefse",0.0832645166635506,4.4575751556902,TRUE,"Bacteria","Proteobacteria","Gammaproteobacteria","Pseudomonadales","Oleiphilaceae","Oleiphilus",NA,NA,NA,NA,NA,NA,NA,NA,NA,NA,NA,NA,"ASV495",4.4575751556902,FALSE,FALSE,TRUE,TRUE,TRUE,TRUE,3,TRUE
"ASV495","DESeq2",90.2350041529198,4.62630882911273,1.72396357875278,2.6588590490719,0.0078405757223167,0.0118193753425968,"deseq2",0.0118193753425968,4.62630882911273,TRUE,"Bacteria","Proteobacteria","Gammaproteobacteria","Pseudomonadales","Oleiphilaceae","Oleiphilus",NA,NA,NA,NA,NA,NA,NA,NA,NA,NA,NA,NA,NA,NA,TRUE,FALSE,FALSE,TRUE,TRUE,TRUE,3,TRUE
"ASV495","ALDEx2",NA,NA,NA,NA,NA,NA,"aldex2",0.229924634389686,2.85074109126418,TRUE,"Bacteria","Proteobacteria","Gammaproteobacteria","Pseudomonadales","Oleiphilaceae","Oleiphilus",NA,0.49995673934217,-3.81253966620467,6.70241260929397,10.8659134928706,3.7856018206608,2.85074109126418,0.000547999460257121,0.0474026470204132,0.229924634389686,0,0,NA,NA,FALSE,TRUE,FALSE,TRUE,TRUE,TRUE,3,TRUE
"ASV5","DESeq2",140.05522847544,-4.40023826698752,1.23553900329096,-3.55165607924243,0.0003828148734253,0.000623617777676698,"deseq2",0.000623617777676698,-4.40023826698752,TRUE,"Bacteria","Proteobacteria","Alphaproteobacteria","SAR11 clade","Clade II",NA,NA,NA,NA,NA,NA,NA,NA,NA,NA,NA,NA,NA,NA,NA,TRUE,FALSE,FALSE,TRUE,FALSE,TRUE,2,TRUE
"ASV5","LEfSe",NA,NA,NA,NA,NA,NA,"lefse",0.0832645166635506,-4.09220796121168,TRUE,"Bacteria","Proteobacteria","Alphaproteobacteria","SAR11 clade","Clade II",NA,NA,NA,NA,NA,NA,NA,NA,NA,NA,NA,NA,NA,"ASV5",-4.09220796121168,FALSE,FALSE,TRUE,TRUE,FALSE,TRUE,2,TRUE
"ASV5","ALDEx2",NA,NA,NA,NA,NA,NA,"aldex2",0.864399342388947,-1.20581204271007,FALSE,"Bacteria","Proteobacteria","Alphaproteobacteria","SAR11 clade","Clade II",NA,NA,3.94986640462492,4.25211276420844,1.18314129690252,-3.01392081359491,4.00880411683819,-1.20581204271007,0.000547999460257121,0.377057686113057,0.864399342388947,0.20625,0.502477151286465,NA,NA,FALSE,FALSE,FALSE,TRUE,FALSE,TRUE,2,TRUE
"ASV50","ALDEx2",NA,NA,NA,NA,NA,NA,"aldex2",0.997781429327081,0.610637887575888,FALSE,"Bacteria","Proteobacteria","Alphaproteobacteria","Rhodobacterales","Rhodobacteraceae","Pseudophaeobacter",NA,2.5866563051701,1.28193969051808,2.92671727087979,1.57400284933545,1.38044903069434,0.610637887575888,0.320313549445968,0.592934239988799,0.997781429327081,0.406249999999999,1,NA,NA,FALSE,FALSE,FALSE,FALSE,FALSE,FALSE,0,FALSE
"ASV50","DESeq2",62.3523337218309,-2.43777496277912,1.24094720046317,-1.96336094785847,0.0496042481509668,0.0618522106573783,"deseq2",0.0618522106573783,-2.43777496277912,FALSE,"Bacteria","Proteobacteria","Alphaproteobacteria","Rhodobacterales","Rhodobacteraceae","Pseudophaeobacter",NA,NA,NA,NA,NA,NA,NA,NA,NA,NA,NA,NA,NA,NA,FALSE,FALSE,FALSE,FALSE,FALSE,FALSE,0,FALSE
"ASV506","DESeq2",38.6535404399277,-5.20770398975243,2.19590226147475,-2.49879765767484,0.0124615440885009,0.016994232435774,"deseq2",0.016994232435774,-5.20770398975243,TRUE,"Bacteria","Bacteroidota","Bacteroidia","Flavobacteriales","Flavobacteriaceae","Aurantivirga",NA,NA,NA,NA,NA,NA,NA,NA,NA,NA,NA,NA,NA,NA,TRUE,FALSE,FALSE,TRUE,FALSE,FALSE,1,TRUE
"ASV506","ALDEx2",NA,NA,NA,NA,NA,NA,"aldex2",0.895250833051262,-0.673468952239409,FALSE,"Bacteria","Bacteroidota","Bacteroidia","Flavobacteriales","Flavobacteriaceae","Aurantivirga",NA,-1.41098305942178,2.7301325900045,-2.99128759203631,-4.4131935497016,7.38559467968262,-0.673468952239409,0.224808178412025,0.50300978451462,0.895250833051262,0.643749999999999,0.929284633911032,NA,NA,FALSE,FALSE,FALSE,TRUE,FALSE,FALSE,1,TRUE
"ASV51","DESeq2",28.9151818428626,-7.09118348477628,1.39193041557698,-5.09455720787933,3.49557272745822e-07,1.103290142104e-06,"deseq2",1.103290142104e-06,-7.09118348477628,TRUE,"Bacteria","Proteobacteria","Alphaproteobacteria","SAR11 clade","Clade I","Clade Ib",NA,NA,NA,NA,NA,NA,NA,NA,NA,NA,NA,NA,NA,NA,TRUE,FALSE,FALSE,TRUE,FALSE,FALSE,1,TRUE
"ASV51","ALDEx2",NA,NA,NA,NA,NA,NA,"aldex2",0.595305991007894,-2.04270901446287,FALSE,"Bacteria","Proteobacteria","Alphaproteobacteria","SAR11 clade","Clade I","Clade Ib",NA,1.70730487256515,1.94138417746199,-2.69827623100712,-4.68690248543558,2.29377114630397,-2.04270901446287,0.00782930484115282,0.176269116981381,0.595305991007894,0.2046875,0.502271944907478,NA,NA,FALSE,FALSE,FALSE,TRUE,FALSE,FALSE,1,TRUE
"ASV523","DESeq2",42.1910784592063,-7.35191713747415,1.56939440097592,-4.68102120234942,2.85449412102049e-06,6.55236150506976e-06,"deseq2",6.55236150506976e-06,-7.35191713747415,TRUE,"Bacteria","Proteobacteria","Gammaproteobacteria","Enterobacterales","Colwelliaceae","Colwellia","aquaemaris",NA,NA,NA,NA,NA,NA,NA,NA,NA,NA,NA,NA,NA,TRUE,FALSE,FALSE,TRUE,FALSE,TRUE,2,TRUE
"ASV523","LEfSe",NA,NA,NA,NA,NA,NA,"lefse",0.0832645166635506,-3.57314833851811,TRUE,"Bacteria","Proteobacteria","Gammaproteobacteria","Enterobacterales","Colwelliaceae","Colwellia","aquaemaris",NA,NA,NA,NA,NA,NA,NA,NA,NA,NA,NA,"ASV523",-3.57314833851811,FALSE,FALSE,TRUE,TRUE,FALSE,TRUE,2,TRUE
"ASV523","ALDEx2",NA,NA,NA,NA,NA,NA,"aldex2",0.501979728060554,-1.86539244284529,FALSE,"Bacteria","Proteobacteria","Gammaproteobacteria","Enterobacterales","Colwelliaceae","Colwellia","aquaemaris",1.4146944979817,1.86698233380201,-3.14772525983028,-5.33163514471117,2.96331333783087,-1.86539244284529,0.000547999460257121,0.120968908994506,0.501979728060554,0.2,0.498666175676709,NA,NA,FALSE,FALSE,FALSE,TRUE,FALSE,TRUE,2,TRUE
"ASV53","ALDEx2",NA,NA,NA,NA,NA,NA,"aldex2",0.468395968720475,-1.84750477764793,FALSE,"Bacteria","Proteobacteria","Gammaproteobacteria","Enterobacterales","Colwelliaceae","Colwellia",NA,1.88802841549622,3.02320699548184,-3.38246521998067,-7.4019193383686,4.19809283515022,-1.84750477764793,0.000547999460257121,0.0842182977731652,0.468395968720475,0.2,0.498666175676709,NA,NA,FALSE,FALSE,FALSE,TRUE,FALSE,TRUE,2,TRUE
"ASV53","DESeq2",252.436242679028,-8.80220523415822,1.84721191579421,-4.6924455997554,2.69958332803911e-06,6.34088177051047e-06,"deseq2",6.34088177051047e-06,-8.80220523415822,TRUE,"Bacteria","Proteobacteria","Gammaproteobacteria","Enterobacterales","Colwelliaceae","Colwellia",NA,NA,NA,NA,NA,NA,NA,NA,NA,NA,NA,NA,NA,NA,TRUE,FALSE,FALSE,TRUE,FALSE,TRUE,2,TRUE
"ASV53","LEfSe",NA,NA,NA,NA,NA,NA,"lefse",0.0832645166635506,-4.31198700601885,TRUE,"Bacteria","Proteobacteria","Gammaproteobacteria","Enterobacterales","Colwelliaceae","Colwellia",NA,NA,NA,NA,NA,NA,NA,NA,NA,NA,NA,NA,"ASV53",-4.31198700601885,FALSE,FALSE,TRUE,TRUE,FALSE,TRUE,2,TRUE
"ASV543","ALDEx2",NA,NA,NA,NA,NA,NA,"aldex2",0.918507359237033,-0.567371908764237,FALSE,"Bacteria","Bacteroidota","Bacteroidia","Flavobacteriales","Flavobacteriaceae","Dokdonia","lutea",1.34807105400403,1.60452083112741,0.361333235438912,-1.86830246387914,3.31197539434727,-0.567371908764237,0.232560015435696,0.466812945945733,0.918507359237033,0.5640625,0.869629135820351,NA,NA,FALSE,FALSE,FALSE,TRUE,FALSE,FALSE,1,TRUE
"ASV543","DESeq2",30.3009241027119,-3.6190914130215,1.24675616881935,-2.87541644421035,0.00403494924854919,0.00617469506217376,"deseq2",0.00617469506217376,-3.6190914130215,TRUE,"Bacteria","Bacteroidota","Bacteroidia","Flavobacteriales","Flavobacteriaceae","Dokdonia","lutea",NA,NA,NA,NA,NA,NA,NA,NA,NA,NA,NA,NA,NA,TRUE,FALSE,FALSE,TRUE,FALSE,FALSE,1,TRUE
"ASV56","DESeq2",51.1702388731295,-7.28595276886429,1.74954238773519,-4.15352747685367,3.2738888018978e-05,6.23892016965429e-05,"deseq2",6.23892016965429e-05,-7.28595276886429,TRUE,"Archaea","Crenarchaeota","Nitrososphaeria","Nitrosopumilales","Nitrosopumilaceae","Candidatus Nitrosopelagicus",NA,NA,NA,NA,NA,NA,NA,NA,NA,NA,NA,NA,NA,NA,TRUE,FALSE,FALSE,TRUE,FALSE,TRUE,2,TRUE
"ASV56","LEfSe",NA,NA,NA,NA,NA,NA,"lefse",0.0832645166635506,-3.80597590147581,TRUE,"Archaea","Crenarchaeota","Nitrososphaeria","Nitrosopumilales","Nitrosopumilaceae","Candidatus Nitrosopelagicus",NA,NA,NA,NA,NA,NA,NA,NA,NA,NA,NA,NA,"ASV56",-3.80597590147581,FALSE,FALSE,TRUE,TRUE,FALSE,TRUE,2,TRUE
"ASV56","ALDEx2",NA,NA,NA,NA,NA,NA,"aldex2",0.551316510610457,-1.7032361579311,FALSE,"Archaea","Crenarchaeota","Nitrososphaeria","Nitrosopumilales","Nitrosopumilaceae","Candidatus Nitrosopelagicus",NA,0.219756677175866,2.49683724992758,-2.7997946900617,-5.37973647680168,3.09404279194575,-1.7032361579311,0.0156646691693825,0.137134824788616,0.551316510610457,0.2171875,0.527073028161916,NA,NA,FALSE,FALSE,FALSE,TRUE,FALSE,TRUE,2,TRUE
"ASV566","ALDEx2",NA,NA,NA,NA,NA,NA,"aldex2",0.560589052031262,-1.9444293915205,FALSE,"Bacteria","Proteobacteria","Gammaproteobacteria","Enterobacterales","Shewanellaceae","Psychrobium",NA,1.45464937502112,1.75334183189706,-2.89871500533644,-4.58831788285673,2.51618621612413,-1.9444293915205,0.00782930484115282,0.166063746761961,0.560589052031262,0.2046875,0.502572425676709,NA,NA,FALSE,FALSE,FALSE,TRUE,FALSE,FALSE,1,TRUE
"ASV566","DESeq2",24.4628805195701,-6.85847182321478,1.41248489399929,-4.85545420773752,1.20111109511715e-06,3.11056975914953e-06,"deseq2",3.11056975914953e-06,-6.85847182321478,TRUE,"Bacteria","Proteobacteria","Gammaproteobacteria","Enterobacterales","Shewanellaceae","Psychrobium",NA,NA,NA,NA,NA,NA,NA,NA,NA,NA,NA,NA,NA,NA,TRUE,FALSE,FALSE,TRUE,FALSE,FALSE,1,TRUE
"ASV578","LEfSe",NA,NA,NA,NA,NA,NA,"lefse",0.0832645166635506,3.9969693497287,TRUE,"Bacteria","Bacteroidota","Bacteroidia","Flavobacteriales","Flavobacteriaceae","Actibacter",NA,NA,NA,NA,NA,NA,NA,NA,NA,NA,NA,NA,"ASV578",3.9969693497287,FALSE,FALSE,TRUE,TRUE,TRUE,TRUE,3,TRUE
"ASV578","ALDEx2",NA,NA,NA,NA,NA,NA,"aldex2",0.1212480386049,4.71190791476599,TRUE,"Bacteria","Bacteroidota","Bacteroidia","Flavobacteriales","Flavobacteriaceae","Actibacter",NA,-3.61689703333495,-5.68908051989433,5.26495378909008,11.0667973797322,2.48348716113601,4.71190791476599,0.000547999460257121,0.0179325727415577,0.1212480386049,0,0,NA,NA,FALSE,TRUE,FALSE,TRUE,TRUE,TRUE,3,TRUE
"ASV578","DESeq2",34.274075307363,8.1279722417638,1.42379701422875,5.68519386592224,1.30664349320076e-08,5.73786925275116e-08,"deseq2",5.73786925275116e-08,8.1279722417638,TRUE,"Bacteria","Bacteroidota","Bacteroidia","Flavobacteriales","Flavobacteriaceae","Actibacter",NA,NA,NA,NA,NA,NA,NA,NA,NA,NA,NA,NA,NA,NA,TRUE,FALSE,FALSE,TRUE,TRUE,TRUE,3,TRUE
"ASV579","DESeq2",48.5695127519079,-1.16714739199925,1.62696498621447,-0.718298465427126,0.472573276174552,0.502420009406628,"deseq2",0.502420009406628,-1.16714739199925,FALSE,"Bacteria","Proteobacteria","Gammaproteobacteria","Enterobacterales","Alteromonadaceae",NA,NA,NA,NA,NA,NA,NA,NA,NA,NA,NA,NA,NA,NA,NA,FALSE,FALSE,FALSE,FALSE,FALSE,FALSE,0,FALSE
"ASV579","ALDEx2",NA,NA,NA,NA,NA,NA,"aldex2",0.948694193716809,0.604211213519808,FALSE,"Bacteria","Proteobacteria","Gammaproteobacteria","Enterobacterales","Alteromonadaceae",NA,NA,3.08419018476545,2.42898065313677,3.64092651409719,1.32381516984846,3.49161873732177,0.604211213519808,0.131786974150592,0.3276882260036,0.948694193716809,0.140625,0.408795068098262,NA,NA,FALSE,FALSE,FALSE,FALSE,FALSE,FALSE,0,FALSE
"ASV582","ALDEx2",NA,NA,NA,NA,NA,NA,"aldex2",0.553331881077859,-1.46478473201485,FALSE,"Bacteria","Proteobacteria","Gammaproteobacteria","Pseudomonadales","Oleiphilaceae","Oleiphilus",NA,0.386544821666507,0.93939554446601,-2.88473319472015,-4.79029597883079,3.11589936820261,-1.46478473201485,0.00782930484115282,0.139538655936986,0.553331881077859,0.209375,0.510611560815243,NA,NA,FALSE,FALSE,FALSE,TRUE,FALSE,TRUE,2,TRUE
"ASV582","DESeq2",36.4966537803938,-6.92587314306794,1.72548167070594,-4.00449587759367,6.21498748628875e-05,0.00011285144379919,"deseq2",0.00011285144379919,-6.92587314306794,TRUE,"Bacteria","Proteobacteria","Gammaproteobacteria","Pseudomonadales","Oleiphilaceae","Oleiphilus",NA,NA,NA,NA,NA,NA,NA,NA,NA,NA,NA,NA,NA,NA,TRUE,FALSE,FALSE,TRUE,FALSE,TRUE,2,TRUE
"ASV582","LEfSe",NA,NA,NA,NA,NA,NA,"lefse",0.0832645166635506,-3.52385439563793,TRUE,"Bacteria","Proteobacteria","Gammaproteobacteria","Pseudomonadales","Oleiphilaceae","Oleiphilus",NA,NA,NA,NA,NA,NA,NA,NA,NA,NA,NA,NA,"ASV582",-3.52385439563793,FALSE,FALSE,TRUE,TRUE,FALSE,TRUE,2,TRUE
"ASV6","LEfSe",NA,NA,NA,NA,NA,NA,"lefse",0.0832645166635506,-4.04009698126423,TRUE,"Bacteria","Proteobacteria","Alphaproteobacteria","SAR11 clade","Clade I","Clade Ia",NA,NA,NA,NA,NA,NA,NA,NA,NA,NA,NA,NA,"ASV6",-4.04009698126423,FALSE,FALSE,TRUE,TRUE,FALSE,TRUE,2,TRUE
"ASV6","DESeq2",140.157908855713,-3.28949151455245,1.36722771991829,-2.40683119330453,0.0160916059268915,0.0208365666489236,"deseq2",0.0208365666489236,-3.28949151455245,TRUE,"Bacteria","Proteobacteria","Alphaproteobacteria","SAR11 clade","Clade I","Clade Ia",NA,NA,NA,NA,NA,NA,NA,NA,NA,NA,NA,NA,NA,NA,TRUE,FALSE,FALSE,TRUE,FALSE,TRUE,2,TRUE
"ASV6","ALDEx2",NA,NA,NA,NA,NA,NA,"aldex2",0.965005756848818,-0.613433007250654,FALSE,"Bacteria","Proteobacteria","Alphaproteobacteria","SAR11 clade","Clade I","Clade Ia",NA,4.07025181424309,4.14628885198525,2.12120632760816,-1.97928140804217,3.83424308817433,-0.613433007250654,0.310078630782153,0.507281469801451,0.965005756848818,0.6625,0.867665300802232,NA,NA,FALSE,FALSE,FALSE,TRUE,FALSE,TRUE,2,TRUE
"ASV613","LEfSe",NA,NA,NA,NA,NA,NA,"lefse",0.0832645166635506,4.57379613368681,TRUE,"Bacteria","Proteobacteria","Gammaproteobacteria","Arenicellales","Arenicellaceae","HTCC5015",NA,NA,NA,NA,NA,NA,NA,NA,NA,NA,NA,NA,"ASV613",4.57379613368681,FALSE,FALSE,TRUE,TRUE,TRUE,TRUE,3,TRUE
"ASV613","DESeq2",112.069387359701,9.98687139290783,1.19955947691981,8.2825355599856,1.20579935682975e-16,6.08928675199026e-15,"deseq2",6.08928675199026e-15,9.98687139290783,TRUE,"Bacteria","Proteobacteria","Gammaproteobacteria","Arenicellales","Arenicellaceae","HTCC5015",NA,NA,NA,NA,NA,NA,NA,NA,NA,NA,NA,NA,NA,NA,TRUE,FALSE,FALSE,TRUE,TRUE,TRUE,3,TRUE
"ASV613","ALDEx2",NA,NA,NA,NA,NA,NA,"aldex2",0.116440124895272,5.16040177068654,TRUE,"Bacteria","Proteobacteria","Gammaproteobacteria","Arenicellales","Arenicellaceae","HTCC5015",NA,-3.59489464969923,-5.86237898993049,7.04896897708151,12.80401584362,2.58292828848944,5.16040177068654,0.000547999460257121,0.0161216545160003,0.116440124895272,0,0,NA,NA,FALSE,TRUE,FALSE,TRUE,TRUE,TRUE,3,TRUE
"ASV62","ALDEx2",NA,NA,NA,NA,NA,NA,"aldex2",0.65952519666487,-1.19030722223672,FALSE,"Bacteria","Verrucomicrobiota","Verrucomicrobiae","Opitutales","Puniceicoccaceae","Lentimonas",NA,-0.930454290732351,1.85578925901017,-2.66783611537839,-4.27613957571819,3.63194377763034,-1.19030722223672,0.0781324454049968,0.210183466070293,0.65952519666487,0.3359375,0.670163810957182,NA,NA,FALSE,FALSE,FALSE,TRUE,FALSE,FALSE,1,TRUE
"ASV62","DESeq2",26.2221685296963,-6.40218533520291,1.7922116266479,-3.56167504150273,0.000368496304512468,0.000610133225504251,"deseq2",0.000610133225504251,-6.40218533520291,TRUE,"Bacteria","Verrucomicrobiota","Verrucomicrobiae","Opitutales","Puniceicoccaceae","Lentimonas",NA,NA,NA,NA,NA,NA,NA,NA,NA,NA,NA,NA,NA,NA,TRUE,FALSE,FALSE,TRUE,FALSE,FALSE,1,TRUE
"ASV651","DESeq2",38.2483095149721,-7.42843606761452,1.40573649643371,-5.28449582980602,1.2605142036885e-07,4.24373115241796e-07,"deseq2",4.24373115241796e-07,-7.42843606761452,TRUE,"Bacteria","Bacteroidota","Bacteroidia","Flavobacteriales","Flavobacteriaceae","Tenacibaculum",NA,NA,NA,NA,NA,NA,NA,NA,NA,NA,NA,NA,NA,NA,TRUE,FALSE,FALSE,TRUE,FALSE,TRUE,2,TRUE
"ASV651","ALDEx2",NA,NA,NA,NA,NA,NA,"aldex2",0.540857330912831,-1.84288948192598,FALSE,"Bacteria","Bacteroidota","Bacteroidia","Flavobacteriales","Flavobacteriaceae","Tenacibaculum",NA,1.98620728870588,2.26982183765333,-2.78115434377014,-5.52930324818136,3.13093462661357,-1.84288948192598,0.000547999460257121,0.153583762217995,0.540857330912831,0.2,0.498666175676709,NA,NA,FALSE,FALSE,FALSE,TRUE,FALSE,TRUE,2,TRUE
"ASV651","LEfSe",NA,NA,NA,NA,NA,NA,"lefse",0.0832645166635506,-3.609098936752,TRUE,"Bacteria","Bacteroidota","Bacteroidia","Flavobacteriales","Flavobacteriaceae","Tenacibaculum",NA,NA,NA,NA,NA,NA,NA,NA,NA,NA,NA,NA,"ASV651",-3.609098936752,FALSE,FALSE,TRUE,TRUE,FALSE,TRUE,2,TRUE
"ASV66","LEfSe",NA,NA,NA,NA,NA,NA,"lefse",0.0832645166635506,4.20001693583215,TRUE,"Bacteria","Proteobacteria","Gammaproteobacteria","Enterobacterales","Vibrionaceae","Vibrio",NA,NA,NA,NA,NA,NA,NA,NA,NA,NA,NA,NA,"ASV66",4.20001693583215,FALSE,FALSE,TRUE,FALSE,FALSE,TRUE,1,TRUE
"ASV66","DESeq2",115.903164413711,0.960689696670242,1.00362451041123,0.95716272935287,0.338485125718553,0.371597801060586,"deseq2",0.371597801060586,0.960689696670242,FALSE,"Bacteria","Proteobacteria","Gammaproteobacteria","Enterobacterales","Vibrionaceae","Vibrio",NA,NA,NA,NA,NA,NA,NA,NA,NA,NA,NA,NA,NA,NA,FALSE,FALSE,FALSE,FALSE,FALSE,TRUE,1,TRUE
"ASV66","ALDEx2",NA,NA,NA,NA,NA,NA,"aldex2",0.254701035675157,4.77749058888488,FALSE,"Bacteria","Proteobacteria","Gammaproteobacteria","Enterobacterales","Vibrionaceae","Vibrio",NA,3.38194969692223,2.96699228553519,6.33102275103852,3.39825926558407,0.73199779446273,4.77749058888488,0.000547999460257121,0.0546338180938382,0.254701035675157,0,0,NA,NA,FALSE,FALSE,FALSE,FALSE,FALSE,TRUE,1,TRUE
"ASV691","ALDEx2",NA,NA,NA,NA,NA,NA,"aldex2",0.147779479586216,4.79231202184694,TRUE,"Bacteria","Bacteroidota","Bacteroidia","Flavobacteriales","Flavobacteriaceae","Dokdonia",NA,1.35851523923029,0.653870348268034,4.98200986575521,4.24731716706888,0.914489793041259,4.79231202184694,0.000547999460257121,0.023608048821586,0.147779479586216,0,0,NA,NA,FALSE,TRUE,FALSE,FALSE,TRUE,TRUE,2,TRUE
"ASV691","DESeq2",40.5093658393906,1.59643612583106,0.849049603117604,1.87982764955213,0.060131570876432,0.0740644958356052,"deseq2",0.0740644958356052,1.59643612583106,FALSE,"Bacteria","Bacteroidota","Bacteroidia","Flavobacteriales","Flavobacteriaceae","Dokdonia",NA,NA,NA,NA,NA,NA,NA,NA,NA,NA,NA,NA,NA,NA,FALSE,FALSE,FALSE,FALSE,TRUE,TRUE,2,TRUE
"ASV691","LEfSe",NA,NA,NA,NA,NA,NA,"lefse",0.0832645166635506,3.85324965958561,TRUE,"Bacteria","Bacteroidota","Bacteroidia","Flavobacteriales","Flavobacteriaceae","Dokdonia",NA,NA,NA,NA,NA,NA,NA,NA,NA,NA,NA,NA,"ASV691",3.85324965958561,FALSE,FALSE,TRUE,FALSE,TRUE,TRUE,2,TRUE
"ASV714","LEfSe",NA,NA,NA,NA,NA,NA,"lefse",0.0832645166635506,-3.6937109059716,TRUE,"Bacteria","Proteobacteria","Gammaproteobacteria","Enterobacterales","Alteromonadaceae","Aliiglaciecola",NA,NA,NA,NA,NA,NA,NA,NA,NA,NA,NA,NA,"ASV714",-3.6937109059716,FALSE,FALSE,TRUE,TRUE,FALSE,TRUE,2,TRUE
"ASV714","DESeq2",50.1005677172267,-7.77231641533639,1.42105346744962,-5.46904758100007,4.52460284113869e-08,1.82793954782003e-07,"deseq2",1.82793954782003e-07,-7.77231641533639,TRUE,"Bacteria","Proteobacteria","Gammaproteobacteria","Enterobacterales","Alteromonadaceae","Aliiglaciecola",NA,NA,NA,NA,NA,NA,NA,NA,NA,NA,NA,NA,NA,NA,TRUE,FALSE,FALSE,TRUE,FALSE,TRUE,2,TRUE
"ASV714","ALDEx2",NA,NA,NA,NA,NA,NA,"aldex2",0.517988667331306,-2.23587041505927,FALSE,"Bacteria","Proteobacteria","Gammaproteobacteria","Enterobacterales","Alteromonadaceae","Aliiglaciecola",NA,1.92417319119734,3.01276881753579,-2.97255797483485,-5.75423331187013,2.60991007131237,-2.23587041505927,0.000547999460257121,0.137436943364426,0.517988667331306,0.2015625,0.501371306024303,NA,NA,FALSE,FALSE,FALSE,TRUE,FALSE,TRUE,2,TRUE
"ASV72","DESeq2",26.8574316766785,-5.48044416763554,2.14810901996914,-2.54508159721128,0.0109252205226898,0.0157635324684524,"deseq2",0.0157635324684524,-5.48044416763554,TRUE,"Bacteria","Proteobacteria","Alphaproteobacteria","Puniceispirillales","SAR116 clade",NA,NA,NA,NA,NA,NA,NA,NA,NA,NA,NA,NA,NA,NA,NA,TRUE,FALSE,FALSE,TRUE,FALSE,FALSE,1,TRUE
"ASV72","ALDEx2",NA,NA,NA,NA,NA,NA,"aldex2",0.83492865167481,-0.62651530475232,FALSE,"Bacteria","Proteobacteria","Alphaproteobacteria","Puniceispirillales","SAR116 clade",NA,NA,-1.18061012763131,1.0861590474872,-2.80662113465432,-3.50853359968292,5.07898513253025,-0.62651530475232,0.232560015435696,0.437549555695789,0.83492865167481,0.567187499999999,0.855843042876286,NA,NA,FALSE,FALSE,FALSE,TRUE,FALSE,FALSE,1,TRUE
"ASV725","LEfSe",NA,NA,NA,NA,NA,NA,"lefse",0.0832645166635506,4.29670625220484,TRUE,"Bacteria","Bacteroidota","Bacteroidia","Flavobacteriales","Crocinitomicaceae","Fluviicola",NA,NA,NA,NA,NA,NA,NA,NA,NA,NA,NA,NA,"ASV725",4.29670625220484,FALSE,FALSE,TRUE,FALSE,TRUE,TRUE,2,TRUE
"ASV725","ALDEx2",NA,NA,NA,NA,NA,NA,"aldex2",0.238627775593187,2.47817303260277,TRUE,"Bacteria","Bacteroidota","Bacteroidia","Flavobacteriales","Crocinitomicaceae","Fluviicola",NA,0.281200910917157,-3.91606769581276,6.26577741012798,9.89692834898713,4.14710342624157,2.47817303260277,0.000547999460257121,0.0501193390771768,0.238627775593187,0,0,NA,NA,FALSE,TRUE,FALSE,FALSE,TRUE,TRUE,2,TRUE
"ASV725","DESeq2",70.0928530013612,3.83292703909145,1.908705356201,1.99245903095034,0.0463207160167051,0.0584799039710902,"deseq2",0.0584799039710902,3.83292703909145,FALSE,"Bacteria","Bacteroidota","Bacteroidia","Flavobacteriales","Crocinitomicaceae","Fluviicola",NA,NA,NA,NA,NA,NA,NA,NA,NA,NA,NA,NA,NA,NA,FALSE,FALSE,FALSE,FALSE,TRUE,TRUE,2,TRUE
"ASV76","LEfSe",NA,NA,NA,NA,NA,NA,"lefse",0.0832645166635506,-4.58851275177219,TRUE,"Bacteria","Proteobacteria","Gammaproteobacteria","Enterobacterales","Colwelliaceae","Colwellia",NA,NA,NA,NA,NA,NA,NA,NA,NA,NA,NA,NA,"ASV76",-4.58851275177219,FALSE,FALSE,TRUE,TRUE,FALSE,TRUE,2,TRUE
"ASV76","DESeq2",384.075055321024,-10.1966101177277,1.5435755542016,-6.60036871705817,4.10136440005312e-11,5.91768292007664e-10,"deseq2",5.91768292007664e-10,-10.1966101177277,TRUE,"Bacteria","Proteobacteria","Gammaproteobacteria","Enterobacterales","Colwelliaceae","Colwellia",NA,NA,NA,NA,NA,NA,NA,NA,NA,NA,NA,NA,NA,NA,TRUE,FALSE,FALSE,TRUE,FALSE,TRUE,2,TRUE
"ASV76","ALDEx2",NA,NA,NA,NA,NA,NA,"aldex2",0.441874111554779,-3.55210479810868,FALSE,"Bacteria","Proteobacteria","Gammaproteobacteria","Enterobacterales","Colwelliaceae","Colwellia",NA,5.03356041730487,5.51585907417499,-2.68490084464574,-8.3126349739823,2.33957338708447,-3.55210479810868,0.000547999460257121,0.0941160216491126,0.441874111554779,0.2,0.498666175676709,NA,NA,FALSE,FALSE,FALSE,TRUE,FALSE,TRUE,2,TRUE
"ASV795","LEfSe",NA,NA,NA,NA,NA,NA,"lefse",0.0832645166635506,-3.84105953568607,TRUE,"Bacteria","Bacteroidota","Bacteroidia","Cytophagales","Cyclobacteriaceae","Fabibacter",NA,NA,NA,NA,NA,NA,NA,NA,NA,NA,NA,NA,"ASV795",-3.84105953568607,FALSE,FALSE,TRUE,TRUE,FALSE,TRUE,2,TRUE
"ASV795","ALDEx2",NA,NA,NA,NA,NA,NA,"aldex2",0.504708065212152,-2.41863177961466,FALSE,"Bacteria","Bacteroidota","Bacteroidia","Cytophagales","Cyclobacteriaceae","Fabibacter",NA,2.79397528887589,3.08210130548932,-2.6555789946252,-5.83126435799601,2.65147629248424,-2.41863177961466,0.000547999460257121,0.126467083240392,0.504708065212152,0.2,0.498666175676709,NA,NA,FALSE,FALSE,FALSE,TRUE,FALSE,TRUE,2,TRUE
"ASV795","DESeq2",72.1181152647458,-8.24564425212824,1.41601949551227,-5.82287703335514,5.78431151532657e-09,3.07481822656833e-08,"deseq2",3.07481822656833e-08,-8.24564425212824,TRUE,"Bacteria","Bacteroidota","Bacteroidia","Cytophagales","Cyclobacteriaceae","Fabibacter",NA,NA,NA,NA,NA,NA,NA,NA,NA,NA,NA,NA,NA,NA,TRUE,FALSE,FALSE,TRUE,FALSE,TRUE,2,TRUE
"ASV81","DESeq2",85.283691999994,-8.02834085618651,1.69121293017017,-4.73679333048849,2.17126386174966e-06,5.34872317162721e-06,"deseq2",5.34872317162721e-06,-8.02834085618651,TRUE,"Bacteria","Proteobacteria","Alphaproteobacteria","Rhodobacterales","Rhodobacteraceae","Pseudophaeobacter",NA,NA,NA,NA,NA,NA,NA,NA,NA,NA,NA,NA,NA,NA,TRUE,FALSE,FALSE,TRUE,FALSE,TRUE,2,TRUE
"ASV81","ALDEx2",NA,NA,NA,NA,NA,NA,"aldex2",0.513401919446772,-1.70804352548262,FALSE,"Bacteria","Proteobacteria","Alphaproteobacteria","Rhodobacterales","Rhodobacteraceae","Pseudophaeobacter",NA,1.80249695903832,2.21738378660987,-3.29490101846738,-6.5574174046912,3.26025688107369,-1.70804352548262,0.000547999460257121,0.119843786018909,0.513401919446772,0.2,0.498666175676709,NA,NA,FALSE,FALSE,FALSE,TRUE,FALSE,TRUE,2,TRUE
"ASV81","LEfSe",NA,NA,NA,NA,NA,NA,"lefse",0.0832645166635506,-3.86689160342959,TRUE,"Bacteria","Proteobacteria","Alphaproteobacteria","Rhodobacterales","Rhodobacteraceae","Pseudophaeobacter",NA,NA,NA,NA,NA,NA,NA,NA,NA,NA,NA,NA,"ASV81",-3.86689160342959,FALSE,FALSE,TRUE,TRUE,FALSE,TRUE,2,TRUE
"ASV814","LEfSe",NA,NA,NA,NA,NA,NA,"lefse",0.0832645166635506,4.11195741839706,TRUE,"Bacteria","Proteobacteria","Gammaproteobacteria","Pseudomonadales","Oleiphilaceae","Oleiphilus",NA,NA,NA,NA,NA,NA,NA,NA,NA,NA,NA,NA,"ASV814",4.11195741839706,FALSE,FALSE,TRUE,TRUE,TRUE,TRUE,3,TRUE
"ASV814","DESeq2",40.2838121241898,7.66739487987037,1.26845567792493,5.80556783870925,6.4148224819e-09,3.2394853533595e-08,"deseq2",3.2394853533595e-08,7.66739487987037,TRUE,"Bacteria","Proteobacteria","Gammaproteobacteria","Pseudomonadales","Oleiphilaceae","Oleiphilus",NA,NA,NA,NA,NA,NA,NA,NA,NA,NA,NA,NA,NA,NA,TRUE,FALSE,FALSE,TRUE,TRUE,TRUE,3,TRUE
"ASV814","ALDEx2",NA,NA,NA,NA,NA,NA,"aldex2",0.13850284238718,4.48362339711916,TRUE,"Bacteria","Proteobacteria","Gammaproteobacteria","Pseudomonadales","Oleiphilaceae","Oleiphilus",NA,-3.11489659506935,-4.76585503748201,5.55842297483918,10.5067604534002,2.48473392259035,4.48362339711916,0.000547999460257121,0.0210005642431488,0.13850284238718,0,0,NA,NA,FALSE,TRUE,FALSE,TRUE,TRUE,TRUE,3,TRUE
"ASV829","DESeq2",24.4492471752178,-6.39053801064569,1.75511145827771,-3.6316312893371,0.000281635315517218,0.000482121472326084,"deseq2",0.000482121472326084,-6.39053801064569,TRUE,"Bacteria","Proteobacteria","Gammaproteobacteria","Enterobacterales","Colwelliaceae","Thalassotalea",NA,NA,NA,NA,NA,NA,NA,NA,NA,NA,NA,NA,NA,NA,TRUE,FALSE,FALSE,TRUE,FALSE,FALSE,1,TRUE
"ASV829","ALDEx2",NA,NA,NA,NA,NA,NA,"aldex2",0.643718800404804,-1.22781430077264,FALSE,"Bacteria","Proteobacteria","Gammaproteobacteria","Enterobacterales","Colwelliaceae","Thalassotalea",NA,-0.163023360184686,0.363137441415129,-3.11247764104805,-4.50563100564254,3.45396524068135,-1.22781430077264,0.0465244157677118,0.210689318148789,0.643718800404804,0.3015625,0.600297294943955,NA,NA,FALSE,FALSE,FALSE,TRUE,FALSE,FALSE,1,TRUE
"ASV853","DESeq2",37.436722007951,-0.765963351864191,0.827080378912122,-0.925919870882919,0.354487623822652,0.38498118286116,"deseq2",0.38498118286116,-0.765963351864191,FALSE,"Bacteria","Proteobacteria","Gammaproteobacteria","Pseudomonadales","Saccharospirillaceae",NA,NA,NA,NA,NA,NA,NA,NA,NA,NA,NA,NA,NA,NA,NA,FALSE,FALSE,FALSE,FALSE,FALSE,FALSE,0,FALSE
"ASV853","ALDEx2",NA,NA,NA,NA,NA,NA,"aldex2",0.499780856273632,1.42874572250537,FALSE,"Bacteria","Proteobacteria","Gammaproteobacteria","Pseudomonadales","Saccharospirillaceae",NA,NA,2.7516734937017,2.09444622854505,3.66379361754363,1.71385072031456,1.13786423331995,1.42874572250537,0.0310272461563087,0.142096469171453,0.499780856273632,0.021875,0.0660352084725936,NA,NA,FALSE,FALSE,FALSE,FALSE,FALSE,FALSE,0,FALSE
"ASV861","DESeq2",25.8813701222241,-6.81293329709378,1.51208072739751,-4.50402578404848,6.66781111852358e-06,1.46401939776279e-05,"deseq2",1.46401939776279e-05,-6.81293329709378,TRUE,"Bacteria","Proteobacteria","Gammaproteobacteria","Enterobacterales","Alteromonadaceae","Aestuariibacter",NA,NA,NA,NA,NA,NA,NA,NA,NA,NA,NA,NA,NA,NA,TRUE,FALSE,FALSE,TRUE,FALSE,FALSE,1,TRUE
"ASV861","ALDEx2",NA,NA,NA,NA,NA,NA,"aldex2",0.536433144016706,-1.65727048181177,FALSE,"Bacteria","Proteobacteria","Gammaproteobacteria","Enterobacterales","Alteromonadaceae","Aestuariibacter",NA,0.834672296545094,1.4292975846644,-3.05523723447821,-4.86730840264885,2.59179290386166,-1.65727048181177,0.00782930484115282,0.1396837048114,0.536433144016706,0.2046875,0.502572425676709,NA,NA,FALSE,FALSE,FALSE,TRUE,FALSE,FALSE,1,TRUE
"ASV882","DESeq2",30.9607239909162,-6.95536656972424,1.56715564956481,-4.43568229026144,9.17811271030215e-06,1.8918150688582e-05,"deseq2",1.8918150688582e-05,-6.95536656972424,TRUE,"Bacteria","Bacteroidota","Bacteroidia","Flavobacteriales","Flavobacteriaceae","Dokdonia",NA,NA,NA,NA,NA,NA,NA,NA,NA,NA,NA,NA,NA,NA,TRUE,FALSE,FALSE,TRUE,FALSE,TRUE,2,TRUE
"ASV882","LEfSe",NA,NA,NA,NA,NA,NA,"lefse",0.0832645166635506,-3.50024288880366,TRUE,"Bacteria","Bacteroidota","Bacteroidia","Flavobacteriales","Flavobacteriaceae","Dokdonia",NA,NA,NA,NA,NA,NA,NA,NA,NA,NA,NA,NA,"ASV882",-3.50024288880366,FALSE,FALSE,TRUE,TRUE,FALSE,TRUE,2,TRUE
"ASV882","ALDEx2",NA,NA,NA,NA,NA,NA,"aldex2",0.578476615830505,-1.8312155892533,FALSE,"Bacteria","Bacteroidota","Bacteroidia","Flavobacteriales","Flavobacteriaceae","Dokdonia",NA,1.07552202507427,1.8627197946566,-2.78744140369358,-4.6913589763202,2.4676263607663,-1.8312155892533,0.00782930484115282,0.169279758669259,0.578476615830505,0.2078125,0.51183290903671,NA,NA,FALSE,FALSE,FALSE,TRUE,FALSE,TRUE,2,TRUE
"ASV889","LEfSe",NA,NA,NA,NA,NA,NA,"lefse",0.0832645166635506,3.69899729321408,TRUE,"Bacteria","Proteobacteria","Gammaproteobacteria","Pseudomonadales","Oleiphilaceae","Oleiphilus",NA,NA,NA,NA,NA,NA,NA,NA,NA,NA,NA,NA,"ASV889",3.69899729321408,FALSE,FALSE,TRUE,FALSE,FALSE,TRUE,1,TRUE
"ASV889","DESeq2",36.2056770096112,0.681987692704246,2.0652488999695,0.32900440697428,NA,NA,"deseq2",NA,0.681987692704246,NA,"Bacteria","Proteobacteria","Gammaproteobacteria","Pseudomonadales","Oleiphilaceae","Oleiphilus",NA,NA,NA,NA,NA,NA,NA,NA,NA,NA,NA,NA,NA,NA,FALSE,FALSE,FALSE,FALSE,FALSE,TRUE,1,TRUE
"ASV889","ALDEx2",NA,NA,NA,NA,NA,NA,"aldex2",0.493869305975185,1.71007684950927,FALSE,"Bacteria","Proteobacteria","Gammaproteobacteria","Pseudomonadales","Oleiphilaceae","Oleiphilus",NA,2.91984659501248,-4.05443828733806,4.62264534188915,8.7995515774123,4.25649232213233,1.71007684950927,0.000547999460257121,0.138286798179077,0.493869305975185,0,0,NA,NA,FALSE,FALSE,FALSE,FALSE,FALSE,TRUE,1,TRUE
"ASV901","LEfSe",NA,NA,NA,NA,NA,NA,"lefse",0.0832645166635506,3.80492034333606,TRUE,"Bacteria","Bacteroidota","Bacteroidia","Flavobacteriales","Flavobacteriaceae","Aurantivirga",NA,NA,NA,NA,NA,NA,NA,NA,NA,NA,NA,NA,"ASV901",3.80492034333606,FALSE,FALSE,TRUE,FALSE,FALSE,TRUE,1,TRUE
"ASV901","DESeq2",42.1072369305991,1.3027242925295,1.64204408291477,0.792274041714859,0.428200904128242,0.460088205499494,"deseq2",0.460088205499494,1.3027242925295,FALSE,"Bacteria","Bacteroidota","Bacteroidia","Flavobacteriales","Flavobacteriaceae","Aurantivirga",NA,NA,NA,NA,NA,NA,NA,NA,NA,NA,NA,NA,NA,NA,FALSE,FALSE,FALSE,FALSE,FALSE,TRUE,1,TRUE
"ASV901","ALDEx2",NA,NA,NA,NA,NA,NA,"aldex2",0.5442999174601,2.9850052123018,FALSE,"Bacteria","Bacteroidota","Bacteroidia","Flavobacteriales","Flavobacteriaceae","Aurantivirga",NA,1.87181094157466,1.1366943793499,5.01382073677297,3.89520626822843,1.43055772685296,2.9850052123018,0.000547999460257121,0.157760161232504,0.5442999174601,0,0,NA,NA,FALSE,FALSE,FALSE,FALSE,FALSE,TRUE,1,TRUE
"ASV92","ALDEx2",NA,NA,NA,NA,NA,NA,"aldex2",0.60304279792162,-1.43742713778795,FALSE,"Bacteria","Verrucomicrobiota","Verrucomicrobiae","Opitutales","Puniceicoccaceae","Coraliomargarita",NA,-0.284752013131459,2.42724683373704,-2.76194048543848,-4.82532344932614,3.45184130456751,-1.43742713778795,0.0312696412751581,0.167782511155579,0.60304279792162,0.2515625,0.577864185579905,NA,NA,FALSE,FALSE,FALSE,TRUE,FALSE,TRUE,2,TRUE
"ASV92","DESeq2",36.8719048477685,-6.91574106369587,1.73202980115105,-3.98414839751571,6.77225448630624e-05,0.000119999597038058,"deseq2",0.000119999597038058,-6.91574106369587,TRUE,"Bacteria","Verrucomicrobiota","Verrucomicrobiae","Opitutales","Puniceicoccaceae","Coraliomargarita",NA,NA,NA,NA,NA,NA,NA,NA,NA,NA,NA,NA,NA,NA,TRUE,FALSE,FALSE,TRUE,FALSE,TRUE,2,TRUE
"ASV92","LEfSe",NA,NA,NA,NA,NA,NA,"lefse",0.0832645166635506,-3.63141226086053,TRUE,"Bacteria","Verrucomicrobiota","Verrucomicrobiae","Opitutales","Puniceicoccaceae","Coraliomargarita",NA,NA,NA,NA,NA,NA,NA,NA,NA,NA,NA,NA,"ASV92",-3.63141226086053,FALSE,FALSE,TRUE,TRUE,FALSE,TRUE,2,TRUE
"ASV976","ALDEx2",NA,NA,NA,NA,NA,NA,"aldex2",0.998710808339715,-0.031660306389114,FALSE,"Bacteria","Proteobacteria","Alphaproteobacteria","Sphingomonadales","Sphingomonadaceae","Erythrobacter",NA,1.505170498513,1.50058165519999,1.87923819134875,-0.293783370293407,3.63482090230093,-0.031660306389114,0.488372151282746,0.697196568365554,0.998710808339715,0.812499999999998,0.996875,NA,NA,FALSE,FALSE,FALSE,FALSE,FALSE,FALSE,0,FALSE
"ASV976","DESeq2",27.8140198444812,-1.94389168127711,1.35919234998953,-1.43015150520095,0.152673540412161,0.177241696340555,"deseq2",0.177241696340555,-1.94389168127711,FALSE,"Bacteria","Proteobacteria","Alphaproteobacteria","Sphingomonadales","Sphingomonadaceae","Erythrobacter",NA,NA,NA,NA,NA,NA,NA,NA,NA,NA,NA,NA,NA,NA,FALSE,FALSE,FALSE,FALSE,FALSE,FALSE,0,FALSE
