"TaxaID","source","baseMean","log2FoldChange","lfcSE","stat","pvalue","padj","method","adjusted_p_value","score","significant","Kingdom","Phylum","Class","Order","Family","Genus","Species","rab.all","rab.win.control","rab.win.Dor-in","diff.btw","diff.win","effect","overlap","we.ep","we.eBH","wi.ep","wi.eBH","Names","scores","significant_in_deseq2.x","significant_in_aldex2.x","significant_in_lefse.x","significant_in_deseq2.y","significant_in_aldex2.y","significant_in_lefse.y","n_methods","is_significant"
"ASV1","DESeq2",290.209324969744,-5.02409479842631,1.75687643346649,-2.85967453528491,0.00424075987327059,0.00647893869527451,"deseq2",0.00647893869527451,-5.02409479842631,TRUE,"Bacteria","Proteobacteria","Alphaproteobacteria","SAR11 clade","Clade I","Clade Ia",NA,NA,NA,NA,NA,NA,NA,NA,NA,NA,NA,NA,NA,NA,TRUE,FALSE,FALSE,TRUE,FALSE,TRUE,2,TRUE
"ASV1","LEfSe",NA,NA,NA,NA,NA,NA,"lefse",0.0832645166635506,-4.36903339224541,TRUE,"Bacteria","Proteobacteria","Alphaproteobacteria","SAR11 clade","Clade I","Clade Ia",NA,NA,NA,NA,NA,NA,NA,NA,NA,NA,NA,NA,"ASV1",-4.36903339224541,FALSE,FALSE,TRUE,TRUE,FALSE,TRUE,2,TRUE
"ASV1","ALDEx2",NA,NA,NA,NA,NA,NA,"aldex2",0.814168513799607,-1.02195598676866,FALSE,"Bacteria","Proteobacteria","Alphaproteobacteria","SAR11 clade","Clade I","Clade Ia",NA,5.04920405621453,5.49060571690954,2.06617281030871,-3.57571434869203,5.51081436852155,-1.02195598676866,0.000547999460257121,0.389625465272885,0.814168513799607,0.2,0.461206966504706,NA,NA,FALSE,FALSE,FALSE,TRUE,FALSE,TRUE,2,TRUE
"ASV1014","ALDEx2",NA,NA,NA,NA,NA,NA,"aldex2",0.115196545463742,4.63094917928836,TRUE,"Bacteria","Proteobacteria","Gammaproteobacteria","Enterobacterales","Psychromonadaceae","Agarivorans",NA,-3.45333187372315,-5.78327475742941,5.53374900927341,11.3257368086255,2.22127196650405,4.63094917928836,0.000547999460257121,0.0183550840644059,0.115196545463742,0,0,NA,NA,FALSE,TRUE,FALSE,TRUE,TRUE,FALSE,2,TRUE
"ASV1014","DESeq2",35.0367933277826,8.87637932550399,1.88515435646441,4.70856898007627,2.49461946054683e-06,7.62244835167087e-06,"deseq2",7.62244835167087e-06,8.87637932550399,TRUE,"Bacteria","Proteobacteria","Gammaproteobacteria","Enterobacterales","Psychromonadaceae","Agarivorans",NA,NA,NA,NA,NA,NA,NA,NA,NA,NA,NA,NA,NA,NA,TRUE,FALSE,FALSE,TRUE,TRUE,FALSE,2,TRUE
"ASV1030","ALDEx2",NA,NA,NA,NA,NA,NA,"aldex2",0.517057865919288,-1.86081956549936,FALSE,"Bacteria","Proteobacteria","Gammaproteobacteria","Enterobacterales","Alteromonadaceae","Aliiglaciecola",NA,1.50672866967341,1.94957477464498,-2.47373072573764,-4.75074103328042,2.4887080526229,-1.86081956549936,0.000547999460257121,0.168618421958301,0.517057865919288,0.2,0.461206966504706,NA,NA,FALSE,FALSE,FALSE,TRUE,FALSE,FALSE,1,TRUE
"ASV1030","DESeq2",28.0406845232222,-8.03002295433613,1.65992105578806,-4.83759328573841,1.31420710374066e-06,4.38069034580221e-06,"deseq2",4.38069034580221e-06,-8.03002295433613,TRUE,"Bacteria","Proteobacteria","Gammaproteobacteria","Enterobacterales","Alteromonadaceae","Aliiglaciecola",NA,NA,NA,NA,NA,NA,NA,NA,NA,NA,NA,NA,NA,NA,TRUE,FALSE,FALSE,TRUE,FALSE,FALSE,1,TRUE
"ASV1053","DESeq2",98.1022384369446,10.3617569656778,1.69308642674851,6.1200401834046,9.35517628211186e-10,1.28633673879038e-08,"deseq2",1.28633673879038e-08,10.3617569656778,TRUE,"Bacteria","Proteobacteria","Gammaproteobacteria","Enterobacterales","Vibrionaceae",NA,NA,NA,NA,NA,NA,NA,NA,NA,NA,NA,NA,NA,NA,NA,TRUE,FALSE,FALSE,TRUE,TRUE,FALSE,2,TRUE
"ASV1053","ALDEx2",NA,NA,NA,NA,NA,NA,"aldex2",0.109174990252232,4.82169539029496,TRUE,"Bacteria","Proteobacteria","Gammaproteobacteria","Enterobacterales","Vibrionaceae",NA,NA,-3.35173139045848,-5.65920735809729,6.88622606968309,12.5805875334409,2.615692084491,4.82169539029496,0.000547999460257121,0.0167184597203615,0.109174990252232,0,0,NA,NA,FALSE,TRUE,FALSE,TRUE,TRUE,FALSE,2,TRUE
"ASV1075","DESeq2",27.2239689260401,8.51237831238861,1.96470608173107,4.33264720435358,1.47327092463468e-05,3.27195957145084e-05,"deseq2",3.27195957145084e-05,8.51237831238861,TRUE,"Bacteria","Proteobacteria","Alphaproteobacteria","Rhodobacterales","Rhodobacteraceae","Ruegeria","conchae",NA,NA,NA,NA,NA,NA,NA,NA,NA,NA,NA,NA,NA,TRUE,FALSE,FALSE,TRUE,TRUE,FALSE,2,TRUE
"ASV1075","ALDEx2",NA,NA,NA,NA,NA,NA,"aldex2",0.123363479588213,4.38037630631704,TRUE,"Bacteria","Proteobacteria","Alphaproteobacteria","Rhodobacterales","Rhodobacteraceae","Ruegeria","conchae",-3.44202413182929,-5.73362194609155,5.1735701859551,11.0634050262493,2.72624229951213,4.38037630631704,0.000547999460257121,0.0208705700317586,0.123363479588213,0,0,NA,NA,FALSE,TRUE,FALSE,TRUE,TRUE,FALSE,2,TRUE
"ASV1077","DESeq2",28.0584522467216,8.55591059453897,1.93672535595668,4.41772013167692,9.97474612338881e-06,2.38526537733211e-05,"deseq2",2.38526537733211e-05,8.55591059453897,TRUE,"Bacteria","Verrucomicrobiota","Lentisphaeria","Lentisphaerales","Lentisphaeraceae","Lentisphaera",NA,NA,NA,NA,NA,NA,NA,NA,NA,NA,NA,NA,NA,NA,TRUE,FALSE,FALSE,TRUE,TRUE,FALSE,2,TRUE
"ASV1077","ALDEx2",NA,NA,NA,NA,NA,NA,"aldex2",0.120419474981085,4.19482242230606,TRUE,"Bacteria","Verrucomicrobiota","Lentisphaeria","Lentisphaerales","Lentisphaeraceae","Lentisphaera",NA,-3.6110757840525,-5.6920567672051,5.19445091938942,10.75198868759,2.6804887994106,4.19482242230606,0.000547999460257121,0.0200529784553738,0.120419474981085,0,0,NA,NA,FALSE,TRUE,FALSE,TRUE,TRUE,FALSE,2,TRUE
"ASV111","ALDEx2",NA,NA,NA,NA,NA,NA,"aldex2",0.853448243407396,-0.729675651623678,FALSE,"Bacteria","Proteobacteria","Gammaproteobacteria","Pseudomonadales","SAR86 clade",NA,NA,-1.56922516736981,2.91298898787133,-3.3644757487325,-5.256968787316,7.28904223619023,-0.729675651623678,0.25581555923057,0.497091087359948,0.853448243407396,0.651562499999999,0.908528032700771,NA,NA,FALSE,FALSE,FALSE,TRUE,FALSE,FALSE,1,TRUE
"ASV111","DESeq2",50.8436394444345,-8.87510960731235,3.92028107285031,-2.2638962468218,0.0235804968504093,0.0324231831693128,"deseq2",0.0324231831693128,-8.87510960731235,TRUE,"Bacteria","Proteobacteria","Gammaproteobacteria","Pseudomonadales","SAR86 clade",NA,NA,NA,NA,NA,NA,NA,NA,NA,NA,NA,NA,NA,NA,NA,TRUE,FALSE,FALSE,TRUE,FALSE,FALSE,1,TRUE
"ASV1133","ALDEx2",NA,NA,NA,NA,NA,NA,"aldex2",0.680749686308011,1.00940693163715,FALSE,"Bacteria","Bacteroidota","Bacteroidia","Flavobacteriales","Flavobacteriaceae","Aurantivirga",NA,3.58008174325296,3.21234075083554,3.98296621733507,0.802446935203046,0.868985560654875,1.00940693163715,0.10156805104198,0.248380596479603,0.680749686308011,0.1078125,0.25169615681409,NA,NA,FALSE,FALSE,FALSE,FALSE,FALSE,FALSE,0,FALSE
"ASV1133","DESeq2",67.5897460415711,-1.56879050766187,1.0507545554074,-1.49301328230132,0.13543371012093,0.15675708084393,"deseq2",0.15675708084393,-1.56879050766187,FALSE,"Bacteria","Bacteroidota","Bacteroidia","Flavobacteriales","Flavobacteriaceae","Aurantivirga",NA,NA,NA,NA,NA,NA,NA,NA,NA,NA,NA,NA,NA,NA,FALSE,FALSE,FALSE,FALSE,FALSE,FALSE,0,FALSE
"ASV116","DESeq2",43.339482406809,-22.0003910327768,4.40868786339201,-4.99023557903913,NA,NA,"deseq2",NA,-22.0003910327768,NA,"Bacteria","Proteobacteria","Alphaproteobacteria","Rhodobacterales","Rhodobacteraceae","Sedimentitalea",NA,NA,NA,NA,NA,NA,NA,NA,NA,NA,NA,NA,NA,NA,FALSE,FALSE,FALSE,FALSE,FALSE,FALSE,0,FALSE
"ASV116","ALDEx2",NA,NA,NA,NA,NA,NA,"aldex2",0.940057592775309,-0.0398124933349953,FALSE,"Bacteria","Proteobacteria","Alphaproteobacteria","Rhodobacterales","Rhodobacteraceae","Sedimentitalea",NA,-3.29362343294727,-3.82305435144401,-3.02416018188686,-0.180046090014295,6.88222179411302,-0.0398124933349953,0.488372151282746,0.72054404201481,0.940057592775309,0.7421875,0.957954422645474,NA,NA,FALSE,FALSE,FALSE,FALSE,FALSE,FALSE,0,FALSE
"ASV1179","DESeq2",31.6806364958462,-0.0527536291731831,0.77466695461661,-0.0680984632929016,0.945707253633592,0.95438346696968,"deseq2",0.95438346696968,-0.0527536291731831,FALSE,"Bacteria","Bacteroidota","Bacteroidia","Flavobacteriales","Flavobacteriaceae","Aquimarina",NA,NA,NA,NA,NA,NA,NA,NA,NA,NA,NA,NA,NA,NA,FALSE,FALSE,FALSE,FALSE,TRUE,FALSE,1,TRUE
"ASV1179","ALDEx2",NA,NA,NA,NA,NA,NA,"aldex2",0.118344122515372,4.14869691717754,TRUE,"Bacteria","Bacteroidota","Bacteroidia","Flavobacteriales","Flavobacteriaceae","Aquimarina",NA,1.94077121972731,1.51218592839717,3.98868207056447,2.45758652526114,0.589732458296828,4.14869691717754,0.000547999460257121,0.0180812371945869,0.118344122515372,0,0,NA,NA,FALSE,TRUE,FALSE,FALSE,TRUE,FALSE,1,TRUE
"ASV1191","ALDEx2",NA,NA,NA,NA,NA,NA,"aldex2",0.107592452564505,4.4910451518896,TRUE,"Bacteria","Bacteroidota","Bacteroidia","Flavobacteriales","Flavobacteriaceae","Lutimonas",NA,-3.51262924885459,-5.79916710872709,5.29139715718249,10.9152327924976,2.49640861215842,4.4910451518896,0.000547999460257121,0.0161303425640661,0.107592452564505,0,0,NA,NA,FALSE,TRUE,FALSE,TRUE,TRUE,FALSE,2,TRUE
"ASV1191","DESeq2",29.755812097696,8.64067821878197,1.94667286518118,4.43869043090492,9.05078845629025e-06,2.21241495598206e-05,"deseq2",2.21241495598206e-05,8.64067821878197,TRUE,"Bacteria","Bacteroidota","Bacteroidia","Flavobacteriales","Flavobacteriaceae","Lutimonas",NA,NA,NA,NA,NA,NA,NA,NA,NA,NA,NA,NA,NA,NA,TRUE,FALSE,FALSE,TRUE,TRUE,FALSE,2,TRUE
"ASV1194","DESeq2",43.8845573806798,-8.66082629829967,2.23324332222923,-3.87813822707613,0.000105258908633725,0.000196245422876436,"deseq2",0.000196245422876436,-8.66082629829967,TRUE,"Bacteria","Bacteroidota","Bacteroidia","Flavobacteriales","Flavobacteriaceae",NA,NA,NA,NA,NA,NA,NA,NA,NA,NA,NA,NA,NA,NA,NA,TRUE,FALSE,FALSE,TRUE,FALSE,FALSE,1,TRUE
"ASV1194","ALDEx2",NA,NA,NA,NA,NA,NA,"aldex2",0.465047522003045,-1.68910965042389,FALSE,"Bacteria","Bacteroidota","Bacteroidia","Flavobacteriales","Flavobacteriaceae",NA,NA,0.0471286578595285,2.93782761816966,-3.29806292097497,-5.61448783772803,3.12905923357233,-1.68910965042389,0.0310272461563087,0.124180550469254,0.465047522003045,0.2328125,0.506945201411353,NA,NA,FALSE,FALSE,FALSE,TRUE,FALSE,FALSE,1,TRUE
"ASV1218","DESeq2",41.4244950248696,-3.46661290337237,1.34793679905114,-2.57179187170543,0.0101173693832732,0.0150393328670277,"deseq2",0.0150393328670277,-3.46661290337237,TRUE,"Bacteria","Bacteroidota","Bacteroidia","Flavobacteriales","Flavobacteriaceae","Aureicoccus","marinus",NA,NA,NA,NA,NA,NA,NA,NA,NA,NA,NA,NA,NA,TRUE,FALSE,FALSE,TRUE,FALSE,FALSE,1,TRUE
"ASV1218","ALDEx2",NA,NA,NA,NA,NA,NA,"aldex2",0.969296328737799,-0.400054690534665,FALSE,"Bacteria","Bacteroidota","Bacteroidia","Flavobacteriales","Flavobacteriaceae","Aureicoccus","marinus",1.99754197994819,2.54471926850118,1.6159134859126,-0.753791436748779,1.43012025801262,-0.400054690534665,0.367188226780927,0.763368951275795,0.969296328737799,0.818749999999999,0.995836842991914,NA,NA,FALSE,FALSE,FALSE,TRUE,FALSE,FALSE,1,TRUE
"ASV1232","DESeq2",36.8756705312249,-8.41116424136789,3.94455957703236,-2.13234559577775,0.0329784463046318,0.0429639759563694,"deseq2",0.0429639759563694,-8.41116424136789,TRUE,"Bacteria","Bacteroidota","Bacteroidia","Flavobacteriales","Flavobacteriaceae",NA,NA,NA,NA,NA,NA,NA,NA,NA,NA,NA,NA,NA,NA,NA,TRUE,FALSE,FALSE,TRUE,FALSE,FALSE,1,TRUE
"ASV1232","ALDEx2",NA,NA,NA,NA,NA,NA,"aldex2",0.838422496362218,-0.658070119947954,FALSE,"Bacteria","Bacteroidota","Bacteroidia","Flavobacteriales","Flavobacteriaceae",NA,NA,-1.53006941585073,2.19136645687062,-2.97562033961794,-4.48497474524173,6.13889378201879,-0.658070119947954,0.281251375942352,0.48538265810806,0.838422496362218,0.639062499999999,0.905941285036259,NA,NA,FALSE,FALSE,FALSE,TRUE,FALSE,FALSE,1,TRUE
"ASV1233","DESeq2",46.1215376122192,-8.7252487263328,1.62709605394067,-5.36246689628501,8.20930165807312e-08,4.75275359151602e-07,"deseq2",4.75275359151602e-07,-8.7252487263328,TRUE,"Bacteria","Proteobacteria","Gammaproteobacteria","Enterobacterales","Alteromonadaceae",NA,NA,NA,NA,NA,NA,NA,NA,NA,NA,NA,NA,NA,NA,NA,TRUE,FALSE,FALSE,TRUE,FALSE,FALSE,1,TRUE
"ASV1233","ALDEx2",NA,NA,NA,NA,NA,NA,"aldex2",0.46219521321665,-2.287716205166,FALSE,"Bacteria","Proteobacteria","Gammaproteobacteria","Enterobacterales","Alteromonadaceae",NA,NA,2.20971976441068,2.73150035083996,-2.79971205217521,-5.64850332968614,2.66798662552952,-2.287716205166,0.000547999460257121,0.133344068459251,0.46219521321665,0.2,0.461206966504706,NA,NA,FALSE,FALSE,FALSE,TRUE,FALSE,FALSE,1,TRUE
"ASV1244","DESeq2",31.2898489696566,8.7132085003008,2.00192017072608,4.35242555008605,1.34639600051688e-05,3.08549083451784e-05,"deseq2",3.08549083451784e-05,8.7132085003008,TRUE,"Bacteria","Proteobacteria","Alphaproteobacteria","Rhodobacterales","Rhodobacteraceae",NA,NA,NA,NA,NA,NA,NA,NA,NA,NA,NA,NA,NA,NA,NA,TRUE,FALSE,FALSE,TRUE,TRUE,FALSE,2,TRUE
"ASV1244","ALDEx2",NA,NA,NA,NA,NA,NA,"aldex2",0.11316150339322,4.4074820654523,TRUE,"Bacteria","Proteobacteria","Alphaproteobacteria","Rhodobacterales","Rhodobacteraceae",NA,NA,-3.19011570581428,-5.35524311446807,5.31998620517007,10.6529898593779,2.37095775107632,4.4074820654523,0.000547999460257121,0.0179230525065906,0.11316150339322,0,0,NA,NA,FALSE,TRUE,FALSE,TRUE,TRUE,FALSE,2,TRUE
"ASV1253","DESeq2",46.5446082288626,-8.7389851131102,1.5919407541568,-5.48951654783094,4.03035359159474e-08,2.60787585338483e-07,"deseq2",2.60787585338483e-07,-8.7389851131102,TRUE,"Bacteria","Proteobacteria","Gammaproteobacteria","Arenicellales","Arenicellaceae","Arenicella",NA,NA,NA,NA,NA,NA,NA,NA,NA,NA,NA,NA,NA,NA,TRUE,FALSE,FALSE,TRUE,FALSE,FALSE,1,TRUE
"ASV1253","ALDEx2",NA,NA,NA,NA,NA,NA,"aldex2",0.468783654628396,-2.4894051162178,FALSE,"Bacteria","Proteobacteria","Gammaproteobacteria","Arenicellales","Arenicellaceae","Arenicella",NA,2.42688852255777,2.76751723505083,-2.98928801755353,-5.8717453308593,2.41485711048278,-2.4894051162178,0.000547999460257121,0.142534889778657,0.468783654628396,0.2,0.461206966504706,NA,NA,FALSE,FALSE,FALSE,TRUE,FALSE,FALSE,1,TRUE
"ASV1282","ALDEx2",NA,NA,NA,NA,NA,NA,"aldex2",0.116716482654527,4.32573858530978,TRUE,"Bacteria","Bacteroidota","Bacteroidia","Flavobacteriales","Flavobacteriaceae","Aurantivirga",NA,-3.56914943575669,-5.93019652329372,4.93182202281742,10.8019030661309,2.38831770857739,4.32573858530978,0.000547999460257121,0.0184736453963725,0.116716482654527,0,0,NA,NA,FALSE,TRUE,FALSE,TRUE,TRUE,FALSE,2,TRUE
"ASV1282","DESeq2",24.8039247061748,8.37799947351647,2.22379639087446,3.76743100577746,0.00016493610345535,0.000279122636616746,"deseq2",0.000279122636616746,8.37799947351647,TRUE,"Bacteria","Bacteroidota","Bacteroidia","Flavobacteriales","Flavobacteriaceae","Aurantivirga",NA,NA,NA,NA,NA,NA,NA,NA,NA,NA,NA,NA,NA,NA,TRUE,FALSE,FALSE,TRUE,TRUE,FALSE,2,TRUE
"ASV13","DESeq2",78.0420267657056,-9.4919732295134,1.57262486915666,-6.03575170129643,1.58224388906831e-09,1.9338536421946e-08,"deseq2",1.9338536421946e-08,-9.4919732295134,TRUE,"Bacteria","Proteobacteria","Alphaproteobacteria","SAR11 clade","Clade I","Clade Ib",NA,NA,NA,NA,NA,NA,NA,NA,NA,NA,NA,NA,NA,NA,TRUE,FALSE,FALSE,TRUE,FALSE,FALSE,1,TRUE
"ASV13","ALDEx2",NA,NA,NA,NA,NA,NA,"aldex2",0.408074038859655,-2.82977867802305,FALSE,"Bacteria","Proteobacteria","Alphaproteobacteria","SAR11 clade","Clade I","Clade Ib",NA,2.74986307639321,3.87195616059103,-2.96665465336364,-6.71769447990378,2.44854146451738,-2.82977867802305,0.000547999460257121,0.104022663382075,0.408074038859655,0.2,0.461206966504706,NA,NA,FALSE,FALSE,FALSE,TRUE,FALSE,FALSE,1,TRUE
"ASV1328","ALDEx2",NA,NA,NA,NA,NA,NA,"aldex2",0.484069468142343,-1.77313003328148,FALSE,"Bacteria","Proteobacteria","Alphaproteobacteria","Rhodobacterales","Rhodobacteraceae",NA,NA,1.02022248943257,1.65309036747571,-3.44353613258385,-5.57158494336335,2.95547112360808,-1.77313003328148,0.000547999460257121,0.145634100838575,0.484069468142343,0.2078125,0.471458468478472,NA,NA,FALSE,FALSE,FALSE,TRUE,FALSE,FALSE,1,TRUE
"ASV1328","DESeq2",40.6196340286191,-8.54448130807526,2.10658279434175,-4.05608615575215,4.99018586874455e-05,9.63018325547194e-05,"deseq2",9.63018325547194e-05,-8.54448130807526,TRUE,"Bacteria","Proteobacteria","Alphaproteobacteria","Rhodobacterales","Rhodobacteraceae",NA,NA,NA,NA,NA,NA,NA,NA,NA,NA,NA,NA,NA,NA,NA,TRUE,FALSE,FALSE,TRUE,FALSE,FALSE,1,TRUE
"ASV1334","DESeq2",26.0781628317523,-7.92548329858034,1.65255216022344,-4.79590507903165,1.61941956253263e-06,5.2392985846644e-06,"deseq2",5.2392985846644e-06,-7.92548329858034,TRUE,"Bacteria","Proteobacteria","Gammaproteobacteria","Pseudomonadales","Spongiibacteraceae","Dasania",NA,NA,NA,NA,NA,NA,NA,NA,NA,NA,NA,NA,NA,NA,TRUE,FALSE,FALSE,TRUE,FALSE,FALSE,1,TRUE
"ASV1334","ALDEx2",NA,NA,NA,NA,NA,NA,"aldex2",0.48094100215334,-2.05156088911877,FALSE,"Bacteria","Proteobacteria","Gammaproteobacteria","Pseudomonadales","Spongiibacteraceae","Dasania",NA,1.4004955950497,1.83256059250263,-3.58301071585034,-5.59020305913954,2.87105692320312,-2.05156088911877,0.000547999460257121,0.148445345747718,0.48094100215334,0.2015625,0.463789105832769,NA,NA,FALSE,FALSE,FALSE,TRUE,FALSE,FALSE,1,TRUE
"ASV141","DESeq2",22.2046327518357,-7.67482746407562,1.65582841899855,-4.63503789161764,3.56872103350699e-06,1.01704646203474e-05,"deseq2",1.01704646203474e-05,-7.67482746407562,TRUE,"Bacteria","Cyanobacteria","Cyanobacteriia","Synechococcales","Cyanobiaceae","Synechococcus CC9902",NA,NA,NA,NA,NA,NA,NA,NA,NA,NA,NA,NA,NA,NA,TRUE,FALSE,FALSE,TRUE,FALSE,FALSE,1,TRUE
"ASV141","ALDEx2",NA,NA,NA,NA,NA,NA,"aldex2",0.469706748136327,-1.92847039472879,FALSE,"Bacteria","Cyanobacteria","Cyanobacteriia","Synechococcales","Cyanobiaceae","Synechococcus CC9902",NA,0.902279530935964,2.04905730667168,-3.14717998886286,-4.9875334533583,2.534845200489,-1.92847039472879,0.00782930484115282,0.147617904100221,0.469706748136327,0.203125,0.466491593077667,NA,NA,FALSE,FALSE,FALSE,TRUE,FALSE,FALSE,1,TRUE
"ASV1415","DESeq2",41.7707399333743,-3.11943161445545,0.8868033424606,-3.51761373136012,0.000435445707140501,0.000714910862469479,"deseq2",0.000714910862469479,-3.11943161445545,TRUE,"Bacteria","Proteobacteria","Alphaproteobacteria","Rhodobacterales","Rhodobacteraceae","Yoonia-Loktanella",NA,NA,NA,NA,NA,NA,NA,NA,NA,NA,NA,NA,NA,NA,TRUE,FALSE,FALSE,TRUE,FALSE,FALSE,1,TRUE
"ASV1415","ALDEx2",NA,NA,NA,NA,NA,NA,"aldex2",0.869568607403034,-0.32034233966149,FALSE,"Bacteria","Proteobacteria","Alphaproteobacteria","Rhodobacterales","Rhodobacteraceae","Yoonia-Loktanella",NA,2.08982496741406,2.15357346623262,1.96646001310894,-0.425823841472908,1.14828045555949,-0.32034233966149,0.325582389769386,0.567214421315322,0.869568607403034,0.7359375,0.896637941358998,NA,NA,FALSE,FALSE,FALSE,TRUE,FALSE,FALSE,1,TRUE
"ASV1456","ALDEx2",NA,NA,NA,NA,NA,NA,"aldex2",0.124434251607872,4.64562046276518,TRUE,"Bacteria","Proteobacteria","Gammaproteobacteria","Enterobacterales","Vibrionaceae","Vibrio",NA,-3.12560892155685,-5.3241090415133,5.63022175440526,11.0902753443363,2.61609167802937,4.64562046276518,0.000547999460257121,0.0204013676060285,0.124434251607872,0,0,NA,NA,FALSE,TRUE,FALSE,TRUE,TRUE,FALSE,2,TRUE
"ASV1456","DESeq2",38.8145787760578,9.02409119850116,1.78102028583043,5.06680988998029,4.04537937527077e-07,1.77996692511914e-06,"deseq2",1.77996692511914e-06,9.02409119850116,TRUE,"Bacteria","Proteobacteria","Gammaproteobacteria","Enterobacterales","Vibrionaceae","Vibrio",NA,NA,NA,NA,NA,NA,NA,NA,NA,NA,NA,NA,NA,NA,TRUE,FALSE,FALSE,TRUE,TRUE,FALSE,2,TRUE
"ASV1498","ALDEx2",NA,NA,NA,NA,NA,NA,"aldex2",0.469139892034093,-1.73903579121094,FALSE,"Bacteria","Proteobacteria","Gammaproteobacteria","Pseudomonadales","Marinobacteraceae","Marinobacter","guineae",0.744047721179834,1.9873254994872,-3.24624996818767,-5.14488664581059,2.85273984613593,-1.73903579121094,0.00782930484115282,0.139344034052522,0.469139892034093,0.2015625,0.46402410472363,NA,NA,FALSE,FALSE,FALSE,TRUE,FALSE,FALSE,1,TRUE
"ASV1498","DESeq2",25.0277603733597,-7.84077595892828,1.79562407375692,-4.36660215995173,1.26194278055033e-05,2.95348310341568e-05,"deseq2",2.95348310341568e-05,-7.84077595892828,TRUE,"Bacteria","Proteobacteria","Gammaproteobacteria","Pseudomonadales","Marinobacteraceae","Marinobacter","guineae",NA,NA,NA,NA,NA,NA,NA,NA,NA,NA,NA,NA,NA,TRUE,FALSE,FALSE,TRUE,FALSE,FALSE,1,TRUE
"ASV1510","ALDEx2",NA,NA,NA,NA,NA,NA,"aldex2",0.447989383817835,-2.28681057173195,FALSE,"Bacteria","Proteobacteria","Alphaproteobacteria","Rhodobacterales","Rhodobacteraceae","Yoonia-Loktanella",NA,1.80725411235739,2.13412486753373,-2.96845235707931,-5.31490323763044,2.10368456592462,-2.28681057173195,0.000547999460257121,0.129322882715401,0.447989383817835,0.2,0.461206966504706,NA,NA,FALSE,FALSE,FALSE,TRUE,FALSE,FALSE,1,TRUE
"ASV1510","DESeq2",34.4667848479008,-8.30328995555309,1.70413869708877,-4.87242615271741,1.10236066366645e-06,3.92500267111363e-06,"deseq2",3.92500267111363e-06,-8.30328995555309,TRUE,"Bacteria","Proteobacteria","Alphaproteobacteria","Rhodobacterales","Rhodobacteraceae","Yoonia-Loktanella",NA,NA,NA,NA,NA,NA,NA,NA,NA,NA,NA,NA,NA,NA,TRUE,FALSE,FALSE,TRUE,FALSE,FALSE,1,TRUE
"ASV1526","DESeq2",32.6836936802151,8.77608032705647,1.92373053375553,4.56201124485128,5.06659330356413e-06,1.29610526370245e-05,"deseq2",1.29610526370245e-05,8.77608032705647,TRUE,"Bacteria","Planctomycetota","Planctomycetes","Pirellulales","Pirellulaceae","Rhodopirellula",NA,NA,NA,NA,NA,NA,NA,NA,NA,NA,NA,NA,NA,NA,TRUE,FALSE,FALSE,TRUE,TRUE,FALSE,2,TRUE
"ASV1526","ALDEx2",NA,NA,NA,NA,NA,NA,"aldex2",0.119503323830236,4.21942086552581,TRUE,"Bacteria","Planctomycetota","Planctomycetes","Pirellulales","Pirellulaceae","Rhodopirellula",NA,-3.5406961191408,-5.89320269566084,5.42116161213252,11.4397967526664,2.69450572190313,4.21942086552581,0.000547999460257121,0.0201288857031438,0.119503323830236,0,0,NA,NA,FALSE,TRUE,FALSE,TRUE,TRUE,FALSE,2,TRUE
"ASV1575","DESeq2",43.168850369753,2.95070777471801,1.91594180068775,1.5400821536744,0.123540329315376,0.14456847047544,"deseq2",0.14456847047544,2.95070777471801,FALSE,"Bacteria","Bacteroidota","Bacteroidia","Flavobacteriales","Flavobacteriaceae","Croceitalea",NA,NA,NA,NA,NA,NA,NA,NA,NA,NA,NA,NA,NA,NA,FALSE,FALSE,FALSE,FALSE,FALSE,TRUE,1,TRUE
"ASV1575","LEfSe",NA,NA,NA,NA,NA,NA,"lefse",0.0832645166635506,3.98862528962543,TRUE,"Bacteria","Bacteroidota","Bacteroidia","Flavobacteriales","Flavobacteriaceae","Croceitalea",NA,NA,NA,NA,NA,NA,NA,NA,NA,NA,NA,NA,"ASV1575",3.98862528962543,FALSE,FALSE,TRUE,FALSE,FALSE,TRUE,1,TRUE
"ASV1575","ALDEx2",NA,NA,NA,NA,NA,NA,"aldex2",0.321460332711624,2.99829812314385,FALSE,"Bacteria","Bacteroidota","Bacteroidia","Flavobacteriales","Flavobacteriaceae","Croceitalea",NA,1.23451667174397,-0.0287638226021389,5.52787606266024,5.509056342306,2.66030951999101,2.99829812314385,0.000547999460257121,0.0911019950267085,0.321460332711624,0,0,NA,NA,FALSE,FALSE,FALSE,FALSE,FALSE,TRUE,1,TRUE
"ASV160","DESeq2",146.855888803443,0.199680869772735,0.471492107785577,0.42350840337617,0.671924368745237,0.70261808263592,"deseq2",0.70261808263592,0.199680869772735,FALSE,"Bacteria","Bacteroidota","Bacteroidia","Flavobacteriales","Flavobacteriaceae","Polaribacter","dokdonensis",NA,NA,NA,NA,NA,NA,NA,NA,NA,NA,NA,NA,NA,FALSE,FALSE,FALSE,FALSE,TRUE,TRUE,2,TRUE
"ASV160","ALDEx2",NA,NA,NA,NA,NA,NA,"aldex2",0.118164893348474,6.06338267295404,TRUE,"Bacteria","Bacteroidota","Bacteroidia","Flavobacteriales","Flavobacteriaceae","Polaribacter","dokdonensis",4.05348986556418,3.58352607646537,6.33687759177509,2.7179839768805,0.449256777875926,6.06338267295404,0.000547999460257121,0.0198550427941482,0.118164893348474,0,0,NA,NA,FALSE,TRUE,FALSE,FALSE,TRUE,TRUE,2,TRUE
"ASV160","LEfSe",NA,NA,NA,NA,NA,NA,"lefse",0.0832645166635506,3.98734857165584,TRUE,"Bacteria","Bacteroidota","Bacteroidia","Flavobacteriales","Flavobacteriaceae","Polaribacter","dokdonensis",NA,NA,NA,NA,NA,NA,NA,NA,NA,NA,NA,"ASV160",3.98734857165584,FALSE,FALSE,TRUE,FALSE,TRUE,TRUE,2,TRUE
"ASV1641","LEfSe",NA,NA,NA,NA,NA,NA,"lefse",0.0832645166635506,3.78759352199286,TRUE,"Bacteria","Proteobacteria","Alphaproteobacteria","Caulobacterales","Hyphomonadaceae","Litorimonas",NA,NA,NA,NA,NA,NA,NA,NA,NA,NA,NA,NA,"ASV1641",3.78759352199286,FALSE,FALSE,TRUE,FALSE,TRUE,TRUE,2,TRUE
"ASV1641","ALDEx2",NA,NA,NA,NA,NA,NA,"aldex2",0.228886350189514,2.5890391083024,TRUE,"Bacteria","Proteobacteria","Alphaproteobacteria","Caulobacterales","Hyphomonadaceae","Litorimonas",NA,-0.677673251939846,-3.85626315396317,4.83476887086936,8.56362223985708,3.53246627237688,2.5890391083024,0.000547999460257121,0.055294579675437,0.228886350189514,0,0,NA,NA,FALSE,TRUE,FALSE,FALSE,TRUE,TRUE,2,TRUE
"ASV1641","DESeq2",23.8263213819082,4.27298134851422,2.46296558680337,1.73489283464168,0.0827597885580149,0.100039304850348,"deseq2",0.100039304850348,4.27298134851422,FALSE,"Bacteria","Proteobacteria","Alphaproteobacteria","Caulobacterales","Hyphomonadaceae","Litorimonas",NA,NA,NA,NA,NA,NA,NA,NA,NA,NA,NA,NA,NA,NA,FALSE,FALSE,FALSE,FALSE,TRUE,TRUE,2,TRUE
"ASV168","ALDEx2",NA,NA,NA,NA,NA,NA,"aldex2",0.119253364724973,4.12859234797582,TRUE,"Bacteria","Proteobacteria","Gammaproteobacteria","Pseudomonadales","Saccharospirillaceae","Oleibacter",NA,-3.21958174271587,-5.6041551409822,4.92161246005558,10.775341251245,2.78102084276048,4.12859234797582,0.000547999460257121,0.0193084420639562,0.119253364724973,0,0,NA,NA,FALSE,TRUE,FALSE,TRUE,TRUE,FALSE,2,TRUE
"ASV168","DESeq2",24.0440962303284,8.33319893010504,2.15320828912494,3.87013136267074,0.000108776724720615,0.0001989028839938,"deseq2",0.0001989028839938,8.33319893010504,TRUE,"Bacteria","Proteobacteria","Gammaproteobacteria","Pseudomonadales","Saccharospirillaceae","Oleibacter",NA,NA,NA,NA,NA,NA,NA,NA,NA,NA,NA,NA,NA,NA,TRUE,FALSE,FALSE,TRUE,TRUE,FALSE,2,TRUE
"ASV169","DESeq2",85.2057180987722,0.372043637197418,2.25258088214115,0.165163275666168,0.868815470009438,0.887565993948466,"deseq2",0.887565993948466,0.372043637197418,FALSE,"Bacteria","Proteobacteria","Gammaproteobacteria","Enterobacterales","Colwelliaceae","Thalassotalea","eurytherma",NA,NA,NA,NA,NA,NA,NA,NA,NA,NA,NA,NA,NA,FALSE,FALSE,FALSE,FALSE,FALSE,FALSE,0,FALSE
"ASV169","ALDEx2",NA,NA,NA,NA,NA,NA,"aldex2",0.53798819639665,1.19959980719652,FALSE,"Bacteria","Proteobacteria","Gammaproteobacteria","Enterobacterales","Colwelliaceae","Thalassotalea","eurytherma",4.60063136992921,0.12134522195087,5.70029582837733,5.60669870793583,4.50334898106586,1.19959980719652,0.000547999460257121,0.179040184399637,0.53798819639665,0.0015625,0.00452724358974359,NA,NA,FALSE,FALSE,FALSE,FALSE,FALSE,FALSE,0,FALSE
"ASV1698","DESeq2",35.0907652355436,8.87858269147433,1.82246246010807,4.87175065924147,1.10613711640475e-06,3.92500267111363e-06,"deseq2",3.92500267111363e-06,8.87858269147433,TRUE,"Bacteria","Bacteroidota","Bacteroidia","Flavobacteriales","Flavobacteriaceae","Croceitalea","litorea",NA,NA,NA,NA,NA,NA,NA,NA,NA,NA,NA,NA,NA,TRUE,FALSE,FALSE,TRUE,TRUE,FALSE,2,TRUE
"ASV1698","ALDEx2",NA,NA,NA,NA,NA,NA,"aldex2",0.121143019811755,4.37454459358556,TRUE,"Bacteria","Bacteroidota","Bacteroidia","Flavobacteriales","Flavobacteriaceae","Croceitalea","litorea",-3.75204559173536,-5.94116998812424,5.53128276380399,11.4365354569394,2.70682192365699,4.37454459358556,0.000547999460257121,0.0199996827942383,0.121143019811755,0,0,NA,NA,FALSE,TRUE,FALSE,TRUE,TRUE,FALSE,2,TRUE
"ASV1733","DESeq2",33.7543608069045,-8.27268502322592,1.68028347080265,-4.92338653981649,8.5059202255127e-07,3.34161151716571e-06,"deseq2",3.34161151716571e-06,-8.27268502322592,TRUE,"Bacteria","Proteobacteria","Alphaproteobacteria","Rhodobacterales","Rhodobacteraceae","Tateyamaria",NA,NA,NA,NA,NA,NA,NA,NA,NA,NA,NA,NA,NA,NA,TRUE,FALSE,FALSE,TRUE,FALSE,FALSE,1,TRUE
"ASV1733","ALDEx2",NA,NA,NA,NA,NA,NA,"aldex2",0.438637448134522,-2.30216379721974,FALSE,"Bacteria","Proteobacteria","Alphaproteobacteria","Rhodobacterales","Rhodobacteraceae","Tateyamaria",NA,1.63736279178734,2.29011511252853,-3.15586669239256,-5.51740272515604,2.34628111853061,-2.30216379721974,0.000547999460257121,0.127209212783171,0.438637448134522,0.2015625,0.46387077211399,NA,NA,FALSE,FALSE,FALSE,TRUE,FALSE,FALSE,1,TRUE
"ASV175","ALDEx2",NA,NA,NA,NA,NA,NA,"aldex2",0.405493197092801,-3.15744652546175,FALSE,"Bacteria","Proteobacteria","Gammaproteobacteria","Enterobacterales","Colwelliaceae","Colwellia",NA,4.11960506192813,4.65604637752923,-2.89657894110965,-7.38725301280397,2.35946155358303,-3.15744652546175,0.000547999460257121,0.100979409701232,0.405493197092801,0.2,0.461206966504706,NA,NA,FALSE,FALSE,FALSE,TRUE,FALSE,FALSE,1,TRUE
"ASV175","DESeq2",174.081382996156,-10.6516182698024,1.72127045422643,-6.18823046874957,6.08433300555507e-10,9.56109472301512e-09,"deseq2",9.56109472301512e-09,-10.6516182698024,TRUE,"Bacteria","Proteobacteria","Gammaproteobacteria","Enterobacterales","Colwelliaceae","Colwellia",NA,NA,NA,NA,NA,NA,NA,NA,NA,NA,NA,NA,NA,NA,TRUE,FALSE,FALSE,TRUE,FALSE,FALSE,1,TRUE
"ASV1794","DESeq2",33.4035635376442,8.80741191117045,2.72843677131816,3.22800660207912,0.0012465609709347,0.00193129164511009,"deseq2",0.00193129164511009,8.80741191117045,TRUE,"Bacteria","Proteobacteria","Gammaproteobacteria","Enterobacterales","Vibrionaceae","Vibrio",NA,NA,NA,NA,NA,NA,NA,NA,NA,NA,NA,NA,NA,NA,TRUE,FALSE,FALSE,TRUE,TRUE,FALSE,2,TRUE
"ASV1794","ALDEx2",NA,NA,NA,NA,NA,NA,"aldex2",0.202406160001498,3.04895964477264,TRUE,"Bacteria","Proteobacteria","Gammaproteobacteria","Enterobacterales","Vibrionaceae","Vibrio",NA,-3.3358206426828,-5.60707506063421,4.84194438014824,10.2895813690684,3.41435065046506,3.04895964477264,0.000547999460257121,0.0463243927008231,0.202406160001498,0,0,NA,NA,FALSE,TRUE,FALSE,TRUE,TRUE,FALSE,2,TRUE
"ASV180","DESeq2",87.3696223010222,-0.194444757510182,1.20143064917128,-0.161844345859085,0.87142843042213,0.887565993948466,"deseq2",0.887565993948466,-0.194444757510182,FALSE,"Bacteria","Proteobacteria","Gammaproteobacteria","Enterobacterales","Pseudoalteromonadaceae","Pseudoalteromonas",NA,NA,NA,NA,NA,NA,NA,NA,NA,NA,NA,NA,NA,NA,FALSE,FALSE,FALSE,FALSE,FALSE,FALSE,0,FALSE
"ASV180","ALDEx2",NA,NA,NA,NA,NA,NA,"aldex2",0.335863040895365,1.75804128415094,FALSE,"Bacteria","Proteobacteria","Gammaproteobacteria","Enterobacterales","Pseudoalteromonadaceae","Pseudoalteromonas",NA,3.97500486050873,2.88489734111946,5.36003011209878,2.55037028537252,1.41759485726168,1.75804128415094,0.000547999460257121,0.0964847927619855,0.335863040895365,0.003125,0.00906044407894737,NA,NA,FALSE,FALSE,FALSE,FALSE,FALSE,FALSE,0,FALSE
"ASV1836","ALDEx2",NA,NA,NA,NA,NA,NA,"aldex2",0.755600368987017,-0.915062911434763,FALSE,"Bacteria","Proteobacteria","Gammaproteobacteria","Pseudomonadales","Alcanivoracaceae1","Alcanivorax",NA,-1.30120536789733,2.40256115773823,-2.91727754981145,-4.32999945661414,5.10212147183571,-0.915062911434763,0.240311858279588,0.39944366283712,0.755600368987017,0.5484375,0.833089126008339,NA,NA,FALSE,FALSE,FALSE,TRUE,FALSE,FALSE,1,TRUE
"ASV1836","DESeq2",41.815468439433,-8.59500913838379,3.72065538740334,-2.31007933910866,0.020883762064665,0.0290786560394069,"deseq2",0.0290786560394069,-8.59500913838379,TRUE,"Bacteria","Proteobacteria","Gammaproteobacteria","Pseudomonadales","Alcanivoracaceae1","Alcanivorax",NA,NA,NA,NA,NA,NA,NA,NA,NA,NA,NA,NA,NA,NA,TRUE,FALSE,FALSE,TRUE,FALSE,FALSE,1,TRUE
"ASV1892","ALDEx2",NA,NA,NA,NA,NA,NA,"aldex2",0.69770631085284,0.774097654915948,FALSE,"Bacteria","Proteobacteria","Alphaproteobacteria","Caulobacterales","Hyphomonadaceae",NA,NA,2.25762975704687,2.01707266837076,2.84185880718782,1.01756239683996,1.38791889125956,0.774097654915948,0.124035339300607,0.268533610918467,0.69770631085284,0.1390625,0.334870649214629,NA,NA,FALSE,FALSE,FALSE,FALSE,FALSE,FALSE,0,FALSE
"ASV1892","DESeq2",29.4003016928035,-1.53006378549031,1.12402208664763,-1.36123996464668,0.173437868366806,0.196682118766481,"deseq2",0.196682118766481,-1.53006378549031,FALSE,"Bacteria","Proteobacteria","Alphaproteobacteria","Caulobacterales","Hyphomonadaceae",NA,NA,NA,NA,NA,NA,NA,NA,NA,NA,NA,NA,NA,NA,NA,FALSE,FALSE,FALSE,FALSE,FALSE,FALSE,0,FALSE
"ASV1955","DESeq2",32.4432679758285,8.76543465156468,2.04579750652208,4.28460520829659,1.83063965820311e-05,3.87250696927582e-05,"deseq2",3.87250696927582e-05,8.76543465156468,TRUE,"Bacteria","Proteobacteria","Alphaproteobacteria","Rhodobacterales","Rhodobacteraceae",NA,NA,NA,NA,NA,NA,NA,NA,NA,NA,NA,NA,NA,NA,NA,TRUE,FALSE,FALSE,TRUE,TRUE,FALSE,2,TRUE
"ASV1955","ALDEx2",NA,NA,NA,NA,NA,NA,"aldex2",0.120813573347823,3.97612943926168,TRUE,"Bacteria","Proteobacteria","Alphaproteobacteria","Rhodobacterales","Rhodobacteraceae",NA,NA,-3.4178912555636,-5.69187897175103,5.32821541802834,11.0545818117817,2.65387004262565,3.97612943926168,0.000547999460257121,0.0201401808425066,0.120813573347823,0,0,NA,NA,FALSE,TRUE,FALSE,TRUE,TRUE,FALSE,2,TRUE
"ASV2","ALDEx2",NA,NA,NA,NA,NA,NA,"aldex2",0.460279923422345,-2.77918223629913,FALSE,"Bacteria","Cyanobacteria","Cyanobacteriia","Synechococcales","Cyanobiaceae","Prochlorococcus MIT9313","marinus",2.08472379572122,2.59569116627709,-2.84977005931853,-5.50988868457208,2.23611752413217,-2.77918223629913,0.000547999460257121,0.142101997070692,0.460279923422345,0.2,0.461206966504706,NA,NA,FALSE,FALSE,FALSE,TRUE,FALSE,FALSE,1,TRUE
"ASV2","DESeq2",38.2374828645522,-8.47018345213389,1.53456354618819,-5.51960423742213,3.39764001615108e-08,2.4890686632755e-07,"deseq2",2.4890686632755e-07,-8.47018345213389,TRUE,"Bacteria","Cyanobacteria","Cyanobacteriia","Synechococcales","Cyanobiaceae","Prochlorococcus MIT9313","marinus",NA,NA,NA,NA,NA,NA,NA,NA,NA,NA,NA,NA,NA,TRUE,FALSE,FALSE,TRUE,FALSE,FALSE,1,TRUE
"ASV20","DESeq2",58.2175448464412,-9.07416242386642,1.56641365007813,-5.79295413022851,6.91590009940946e-09,6.33957509112534e-08,"deseq2",6.33957509112534e-08,-9.07416242386642,TRUE,"Bacteria","Proteobacteria","Alphaproteobacteria","SAR11 clade","Clade I","Clade Ia",NA,NA,NA,NA,NA,NA,NA,NA,NA,NA,NA,NA,NA,NA,TRUE,FALSE,FALSE,TRUE,FALSE,FALSE,1,TRUE
"ASV20","ALDEx2",NA,NA,NA,NA,NA,NA,"aldex2",0.476903620993665,-2.86703705060544,FALSE,"Bacteria","Proteobacteria","Alphaproteobacteria","SAR11 clade","Clade I","Clade Ia",NA,2.94770527760073,3.19376331150145,-2.96406785551938,-6.12001721036055,2.25558291329492,-2.86703705060544,0.000547999460257121,0.137258216462986,0.476903620993665,0.2,0.461206966504706,NA,NA,FALSE,FALSE,FALSE,TRUE,FALSE,FALSE,1,TRUE
"ASV2122","ALDEx2",NA,NA,NA,NA,NA,NA,"aldex2",0.117385306961515,4.27422063026116,TRUE,"Bacteria","Proteobacteria","Alphaproteobacteria","Rhodobacterales","Rhodobacteraceae","Yoonia-Loktanella",NA,-3.27682107287503,-5.51947495815718,5.38049024800898,10.7402713066453,2.54142227068613,4.27422063026116,0.000547999460257121,0.0188921563854033,0.117385306961515,0,0,NA,NA,FALSE,TRUE,FALSE,TRUE,TRUE,FALSE,2,TRUE
"ASV2122","DESeq2",32.2992206781579,8.75900691948394,1.91344918655513,4.57760100504848,4.703387060246e-06,1.23183946815967e-05,"deseq2",1.23183946815967e-05,8.75900691948394,TRUE,"Bacteria","Proteobacteria","Alphaproteobacteria","Rhodobacterales","Rhodobacteraceae","Yoonia-Loktanella",NA,NA,NA,NA,NA,NA,NA,NA,NA,NA,NA,NA,NA,NA,TRUE,FALSE,FALSE,TRUE,TRUE,FALSE,2,TRUE
"ASV223","ALDEx2",NA,NA,NA,NA,NA,NA,"aldex2",0.410353394344195,-2.43821849342571,FALSE,"Bacteria","Proteobacteria","Gammaproteobacteria","Pseudomonadales","Cellvibrionaceae","Aestuariicella",NA,3.21562496970838,3.5388994612968,-3.401977987344,-7.42653401528516,3.06416703997033,-2.43821849342571,0.000547999460257121,0.108338395333257,0.410353394344195,0.2,0.461206966504706,NA,NA,FALSE,FALSE,FALSE,TRUE,FALSE,FALSE,1,TRUE
"ASV223","DESeq2",102.218507817842,-9.88795796546823,1.6736571087022,-5.90799508098502,3.46296357184439e-09,3.80925992902882e-08,"deseq2",3.80925992902882e-08,-9.88795796546823,TRUE,"Bacteria","Proteobacteria","Gammaproteobacteria","Pseudomonadales","Cellvibrionaceae","Aestuariicella",NA,NA,NA,NA,NA,NA,NA,NA,NA,NA,NA,NA,NA,NA,TRUE,FALSE,FALSE,TRUE,FALSE,FALSE,1,TRUE
"ASV2303","DESeq2",36.1960472153258,-8.38522072686518,3.93734607785943,-2.12966311851964,0.0331994359662854,0.0429639759563694,"deseq2",0.0429639759563694,-8.38522072686518,TRUE,"Bacteria","Bacteroidota","Bacteroidia","Flavobacteriales","Flavobacteriaceae","Winogradskyella",NA,NA,NA,NA,NA,NA,NA,NA,NA,NA,NA,NA,NA,NA,TRUE,FALSE,FALSE,TRUE,FALSE,FALSE,1,TRUE
"ASV2303","ALDEx2",NA,NA,NA,NA,NA,NA,"aldex2",0.824283127833101,-0.648967791120567,FALSE,"Bacteria","Bacteroidota","Bacteroidia","Flavobacteriales","Flavobacteriaceae","Winogradskyella",NA,-1.80608188549756,2.71139676692755,-3.16810936418402,-4.81828027649326,6.29244376202994,-0.648967791120567,0.242189286111662,0.476059335630758,0.824283127833101,0.623437499999999,0.904990161564096,NA,NA,FALSE,FALSE,FALSE,TRUE,FALSE,FALSE,1,TRUE
"ASV2305","ALDEx2",NA,NA,NA,NA,NA,NA,"aldex2",0.121801731118962,4.64821697564506,TRUE,"Bacteria","Bacteroidota","Bacteroidia","Flavobacteriales","Flavobacteriaceae","Tenacibaculum","dicentrarchi",-3.37449273344909,-5.6764770221542,5.64853549902913,11.4472604302836,2.54549650141501,4.64821697564506,0.000547999460257121,0.01931224275146,0.121801731118962,0,0,NA,NA,FALSE,TRUE,FALSE,TRUE,TRUE,FALSE,2,TRUE
"ASV2305","DESeq2",38.0726187258237,8.99623030230351,1.80620458354036,4.98073716802884,6.33425206365022e-07,2.58062121111675e-06,"deseq2",2.58062121111675e-06,8.99623030230351,TRUE,"Bacteria","Bacteroidota","Bacteroidia","Flavobacteriales","Flavobacteriaceae","Tenacibaculum","dicentrarchi",NA,NA,NA,NA,NA,NA,NA,NA,NA,NA,NA,NA,NA,TRUE,FALSE,FALSE,TRUE,TRUE,FALSE,2,TRUE
"ASV236","DESeq2",116.917656376995,-10.0772724346121,3.96955775048424,-2.53863857589243,0.0111284721188138,0.0163217591075935,"deseq2",0.0163217591075935,-10.0772724346121,TRUE,"Bacteria","Bacteroidota","Bacteroidia","Flavobacteriales","Flavobacteriaceae","Aurantivirga",NA,NA,NA,NA,NA,NA,NA,NA,NA,NA,NA,NA,NA,NA,TRUE,FALSE,FALSE,TRUE,FALSE,FALSE,1,TRUE
"ASV236","ALDEx2",NA,NA,NA,NA,NA,NA,"aldex2",0.819535702641524,-0.776500092231329,FALSE,"Bacteria","Bacteroidota","Bacteroidia","Flavobacteriales","Flavobacteriaceae","Aurantivirga",NA,-1.52943575455315,4.07463650478856,-3.14066833838974,-5.98638993789978,7.46439148375357,-0.776500092231329,0.250001695344365,0.43772943272805,0.819535702641524,0.642187499999999,0.905044448508653,NA,NA,FALSE,FALSE,FALSE,TRUE,FALSE,FALSE,1,TRUE
"ASV24","DESeq2",303.650437616338,-11.4553269963958,2.06563831421251,-5.54565962374829,2.92848029344084e-08,2.30094880198923e-07,"deseq2",2.30094880198923e-07,-11.4553269963958,TRUE,"Bacteria","Proteobacteria","Alphaproteobacteria","Rhodobacterales","Rhodobacteraceae","Pseudophaeobacter",NA,NA,NA,NA,NA,NA,NA,NA,NA,NA,NA,NA,NA,NA,TRUE,FALSE,FALSE,TRUE,FALSE,FALSE,1,TRUE
"ASV24","ALDEx2",NA,NA,NA,NA,NA,NA,"aldex2",0.358312007982204,-2.52544219252102,FALSE,"Bacteria","Proteobacteria","Alphaproteobacteria","Rhodobacterales","Rhodobacteraceae","Pseudophaeobacter",NA,3.85213036144462,4.14106859160999,-3.44114354348985,-8.49183416410565,3.14187311931593,-2.52544219252102,0.000547999460257121,0.0788716524378915,0.358312007982204,0.2,0.461206966504706,NA,NA,FALSE,FALSE,FALSE,TRUE,FALSE,FALSE,1,TRUE
"ASV248","ALDEx2",NA,NA,NA,NA,NA,NA,"aldex2",0.741375636447516,-0.816502914792645,FALSE,"Bacteria","Proteobacteria","Gammaproteobacteria","Enterobacterales","Alteromonadaceae","Alteromonas","australica",-1.51856575615792,1.69625181363014,-3.321368290651,-4.16680703459385,4.87605149639898,-0.816502914792645,0.232560015435696,0.392149133482602,0.741375636447516,0.5296875,0.80705887849563,NA,NA,FALSE,FALSE,FALSE,FALSE,FALSE,FALSE,0,FALSE
"ASV248","DESeq2",19.771177591787,-7.5156296068172,3.72437988633788,-2.01795462229477,0.0435959874873695,0.0532839847067849,"deseq2",0.0532839847067849,-7.5156296068172,FALSE,"Bacteria","Proteobacteria","Gammaproteobacteria","Enterobacterales","Alteromonadaceae","Alteromonas","australica",NA,NA,NA,NA,NA,NA,NA,NA,NA,NA,NA,NA,NA,FALSE,FALSE,FALSE,FALSE,FALSE,FALSE,0,FALSE
"ASV256","DESeq2",26.93782365135,-21.4879777511651,4.40946479978005,-4.8731487214133,NA,NA,"deseq2",NA,-21.4879777511651,NA,"Bacteria","Proteobacteria","Alphaproteobacteria","Rhodobacterales","Rhodobacteraceae","Amylibacter",NA,NA,NA,NA,NA,NA,NA,NA,NA,NA,NA,NA,NA,NA,FALSE,FALSE,FALSE,FALSE,FALSE,FALSE,0,FALSE
"ASV256","ALDEx2",NA,NA,NA,NA,NA,NA,"aldex2",0.957046587282627,-0.122042617524756,FALSE,"Bacteria","Proteobacteria","Alphaproteobacteria","Rhodobacterales","Rhodobacteraceae","Amylibacter",NA,-3.4769780409046,-3.82686697235212,-3.13498938993576,-0.705941377177322,7.03418264649725,-0.122042617524756,0.449612658010657,0.763517796744989,0.957046587282627,0.7359375,0.967845532722067,NA,NA,FALSE,FALSE,FALSE,FALSE,FALSE,FALSE,0,FALSE
"ASV2656","DESeq2",32.6097604209086,-8.22835989818389,2.15357809216304,-3.82078547702878,0.000133027325517276,0.000228640715732818,"deseq2",0.000228640715732818,-8.22835989818389,TRUE,"Bacteria","Bacteroidota","Bacteroidia","Flavobacteriales","Flavobacteriaceae",NA,NA,NA,NA,NA,NA,NA,NA,NA,NA,NA,NA,NA,NA,NA,TRUE,FALSE,FALSE,TRUE,FALSE,FALSE,1,TRUE
"ASV2656","ALDEx2",NA,NA,NA,NA,NA,NA,"aldex2",0.468489565987677,-1.59430851929536,FALSE,"Bacteria","Bacteroidota","Bacteroidia","Flavobacteriales","Flavobacteriaceae",NA,NA,0.233174249466735,2.03404333355896,-3.31649546932056,-5.22093601515735,2.99155790682098,-1.59430851929536,0.000547999460257121,0.135294844542554,0.468489565987677,0.2125,0.483243286618856,NA,NA,FALSE,FALSE,FALSE,TRUE,FALSE,FALSE,1,TRUE
"ASV27","DESeq2",192.771099020234,-10.7999953359296,2.33137877975188,-4.63244987460982,3.61363845292019e-06,1.01704646203474e-05,"deseq2",1.01704646203474e-05,-10.7999953359296,TRUE,"Bacteria","Proteobacteria","Gammaproteobacteria","Pseudomonadales","Saccharospirillaceae","Oceaniserpentilla",NA,NA,NA,NA,NA,NA,NA,NA,NA,NA,NA,NA,NA,NA,TRUE,FALSE,FALSE,TRUE,FALSE,FALSE,1,TRUE
"ASV27","ALDEx2",NA,NA,NA,NA,NA,NA,"aldex2",0.380205284200865,-2.11818981706346,FALSE,"Bacteria","Proteobacteria","Gammaproteobacteria","Pseudomonadales","Saccharospirillaceae","Oceaniserpentilla",NA,2.30916785433518,2.94427459199483,-3.04529209844256,-7.76064967556399,3.84576464465806,-2.11818981706346,0.000547999460257121,0.0796436186721719,0.380205284200865,0.2,0.461206966504706,NA,NA,FALSE,FALSE,FALSE,TRUE,FALSE,FALSE,1,TRUE
"ASV3","DESeq2",154.61437737695,-5.41804748179249,1.51294326704847,-3.58113063443702,0.000342110536399412,0.000570184227332353,"deseq2",0.000570184227332353,-5.41804748179249,TRUE,"Bacteria","Proteobacteria","Alphaproteobacteria","SAR11 clade","Clade I","Clade Ia",NA,NA,NA,NA,NA,NA,NA,NA,NA,NA,NA,NA,NA,NA,TRUE,FALSE,FALSE,TRUE,FALSE,TRUE,2,TRUE
"ASV3","LEfSe",NA,NA,NA,NA,NA,NA,"lefse",0.0832645166635506,-4.10690593615143,TRUE,"Bacteria","Proteobacteria","Alphaproteobacteria","SAR11 clade","Clade I","Clade Ia",NA,NA,NA,NA,NA,NA,NA,NA,NA,NA,NA,NA,"ASV3",-4.10690593615143,FALSE,FALSE,TRUE,TRUE,FALSE,TRUE,2,TRUE
"ASV3","ALDEx2",NA,NA,NA,NA,NA,NA,"aldex2",0.750991349871681,-1.47431436790092,FALSE,"Bacteria","Proteobacteria","Alphaproteobacteria","SAR11 clade","Clade I","Clade Ia",NA,4.25968765854172,4.5241251956999,1.28370794286972,-3.4187456153696,3.27486743039082,-1.47431436790092,0.000547999460257121,0.33161925065467,0.750991349871681,0.2,0.461206966504706,NA,NA,FALSE,FALSE,FALSE,TRUE,FALSE,TRUE,2,TRUE
"ASV30","ALDEx2",NA,NA,NA,NA,NA,NA,"aldex2",0.741990053267741,-0.843483983100155,FALSE,"Bacteria","Proteobacteria","Alphaproteobacteria","SAR11 clade","Clade II",NA,NA,-1.49188916785461,3.27632629201771,-3.37016886218134,-5.14434033074136,6.28867048614021,-0.843483983100155,0.217056347854834,0.361701587093492,0.741990053267741,0.553124999999999,0.836956495820891,NA,NA,FALSE,FALSE,FALSE,TRUE,FALSE,FALSE,1,TRUE
"ASV30","DESeq2",46.2694540247975,-8.74120607096279,3.64259336176228,-2.39972052953333,0.0164075932674643,0.0237478323608036,"deseq2",0.0237478323608036,-8.74120607096279,TRUE,"Bacteria","Proteobacteria","Alphaproteobacteria","SAR11 clade","Clade II",NA,NA,NA,NA,NA,NA,NA,NA,NA,NA,NA,NA,NA,NA,NA,TRUE,FALSE,FALSE,TRUE,FALSE,FALSE,1,TRUE
"ASV3131","DESeq2",29.8431846906608,-8.1066212480584,3.94791524975636,-2.0533929264461,0.0400344847850371,0.0494808238916189,"deseq2",0.0494808238916189,-8.1066212480584,TRUE,"Bacteria","Bacteroidota","Bacteroidia","Flavobacteriales","Flavobacteriaceae","Tenacibaculum",NA,NA,NA,NA,NA,NA,NA,NA,NA,NA,NA,NA,NA,NA,TRUE,FALSE,FALSE,TRUE,FALSE,FALSE,1,TRUE
"ASV3131","ALDEx2",NA,NA,NA,NA,NA,NA,"aldex2",0.848972639085446,-0.666622274765047,FALSE,"Bacteria","Bacteroidota","Bacteroidia","Flavobacteriales","Flavobacteriaceae","Tenacibaculum",NA,-1.86859735672461,2.43672600186718,-3.31938891749938,-4.63116742840525,6.80384205402547,-0.666622274765047,0.240311858279588,0.482618699709238,0.848972639085446,0.654687499999999,0.924300694288593,NA,NA,FALSE,FALSE,FALSE,TRUE,FALSE,FALSE,1,TRUE
"ASV319","ALDEx2",NA,NA,NA,NA,NA,NA,"aldex2",0.756888998176083,-1.11362607729714,FALSE,"Bacteria","Proteobacteria","Gammaproteobacteria","Pseudomonadales","Saccharospirillaceae","Oleispira",NA,2.93359551072844,3.58383878010199,0.728711670400333,-3.36300239580195,3.31984228019905,-1.11362607729714,0.0310272461563087,0.336949000235229,0.756888998176083,0.21875,0.49497934240619,NA,NA,FALSE,FALSE,FALSE,TRUE,FALSE,TRUE,2,TRUE
"ASV319","DESeq2",96.3979912985589,-5.1731853613972,1.47553707152882,-3.50596773284537,0.00045495036967533,0.000735949127415975,"deseq2",0.000735949127415975,-5.1731853613972,TRUE,"Bacteria","Proteobacteria","Gammaproteobacteria","Pseudomonadales","Saccharospirillaceae","Oleispira",NA,NA,NA,NA,NA,NA,NA,NA,NA,NA,NA,NA,NA,NA,TRUE,FALSE,FALSE,TRUE,FALSE,TRUE,2,TRUE
"ASV319","LEfSe",NA,NA,NA,NA,NA,NA,"lefse",0.0832645166635506,-3.9038658056006,TRUE,"Bacteria","Proteobacteria","Gammaproteobacteria","Pseudomonadales","Saccharospirillaceae","Oleispira",NA,NA,NA,NA,NA,NA,NA,NA,NA,NA,NA,NA,"ASV319",-3.9038658056006,FALSE,FALSE,TRUE,TRUE,FALSE,TRUE,2,TRUE
"ASV34","ALDEx2",NA,NA,NA,NA,NA,NA,"aldex2",0.444944715653531,-2.35773575145768,FALSE,"Bacteria","Proteobacteria","Alphaproteobacteria","SAR11 clade","Clade IV",NA,NA,2.31129812824555,2.59860849179227,-2.72722036304243,-5.48859252493562,2.44894848490616,-2.35773575145768,0.000547999460257121,0.125501570368146,0.444944715653531,0.2,0.461206966504706,NA,NA,FALSE,FALSE,FALSE,TRUE,FALSE,FALSE,1,TRUE
"ASV34","DESeq2",44.1016171529415,-8.66144629999441,1.63460474060582,-5.2988016520644,1.16565175405998e-07,5.82825877029988e-07,"deseq2",5.82825877029988e-07,-8.66144629999441,TRUE,"Bacteria","Proteobacteria","Alphaproteobacteria","SAR11 clade","Clade IV",NA,NA,NA,NA,NA,NA,NA,NA,NA,NA,NA,NA,NA,NA,NA,TRUE,FALSE,FALSE,TRUE,FALSE,FALSE,1,TRUE
"ASV343","DESeq2",37.0395075206062,-21.9232611680172,4.40890527078287,-4.97249539773495,NA,NA,"deseq2",NA,-21.9232611680172,NA,"Bacteria","Proteobacteria","Gammaproteobacteria","Enterobacterales","Colwelliaceae","Colwellia",NA,NA,NA,NA,NA,NA,NA,NA,NA,NA,NA,NA,NA,NA,FALSE,FALSE,FALSE,FALSE,FALSE,FALSE,0,FALSE
"ASV343","ALDEx2",NA,NA,NA,NA,NA,NA,"aldex2",0.953274545999329,-0.123658744084646,FALSE,"Bacteria","Proteobacteria","Gammaproteobacteria","Enterobacterales","Colwelliaceae","Colwellia",NA,-3.55574900906722,-3.8242662004015,-3.42726431313416,-0.879311236376717,6.71557578478366,-0.123658744084646,0.453125240527371,0.732840623011332,0.953274545999329,0.7265625,0.966084083394117,NA,NA,FALSE,FALSE,FALSE,FALSE,FALSE,FALSE,0,FALSE
"ASV346","DESeq2",41.60189932217,1.13712658949665,1.11429560004678,1.02048916772974,0.307496524024834,0.341662804472038,"deseq2",0.341662804472038,1.13712658949665,FALSE,"Archaea","Crenarchaeota","Nitrososphaeria","Nitrosopumilales","Nitrosopumilaceae","Candidatus Nitrosopumilus",NA,NA,NA,NA,NA,NA,NA,NA,NA,NA,NA,NA,NA,NA,FALSE,FALSE,FALSE,FALSE,TRUE,TRUE,2,TRUE
"ASV346","ALDEx2",NA,NA,NA,NA,NA,NA,"aldex2",0.177206043702945,3.34439476952773,TRUE,"Archaea","Crenarchaeota","Nitrososphaeria","Nitrosopumilales","Nitrosopumilaceae","Candidatus Nitrosopumilus",NA,2.43383984457378,0.905448263293273,5.0230807356499,4.03220210973935,1.29222745463957,3.34439476952773,0.000547999460257121,0.0367217207628387,0.177206043702945,0,0,NA,NA,FALSE,TRUE,FALSE,FALSE,TRUE,TRUE,2,TRUE
"ASV346","LEfSe",NA,NA,NA,NA,NA,NA,"lefse",0.0832645166635506,3.71330703797367,TRUE,"Archaea","Crenarchaeota","Nitrososphaeria","Nitrosopumilales","Nitrosopumilaceae","Candidatus Nitrosopumilus",NA,NA,NA,NA,NA,NA,NA,NA,NA,NA,NA,NA,"ASV346",3.71330703797367,FALSE,FALSE,TRUE,FALSE,TRUE,TRUE,2,TRUE
"ASV347","DESeq2",27.5929461959294,-7.9967704135926,3.8465284835178,-2.07895780516338,0.0376212288921258,0.0481201764899283,"deseq2",0.0481201764899283,-7.9967704135926,TRUE,"Bacteria","Proteobacteria","Gammaproteobacteria","Enterobacterales","Alteromonadaceae","Alteromonas","genovensis",NA,NA,NA,NA,NA,NA,NA,NA,NA,NA,NA,NA,NA,TRUE,FALSE,FALSE,TRUE,FALSE,FALSE,1,TRUE
"ASV347","ALDEx2",NA,NA,NA,NA,NA,NA,"aldex2",0.799717234337093,-0.710097619003165,FALSE,"Bacteria","Proteobacteria","Gammaproteobacteria","Enterobacterales","Alteromonadaceae","Alteromonas","genovensis",-1.54701751276966,0.325511719806134,-3.07032739188734,-4.27080041617796,4.39382536435323,-0.710097619003165,0.201552709217163,0.429488420184064,0.799717234337093,0.581249999999999,0.858460990312633,NA,NA,FALSE,FALSE,FALSE,TRUE,FALSE,FALSE,1,TRUE
"ASV354","ALDEx2",NA,NA,NA,NA,NA,NA,"aldex2",0.418428765161322,2.49402982794805,FALSE,"Bacteria","Bacteroidota","Bacteroidia","Flavobacteriales","Flavobacteriaceae","Winogradskyella",NA,2.514901367779,1.84628545283526,5.53981868631873,3.60060958057593,2.8532994209132,2.49402982794805,0.000547999460257121,0.1296322762001,0.418428765161322,0,0,NA,NA,FALSE,FALSE,FALSE,FALSE,FALSE,TRUE,1,TRUE
"ASV354","DESeq2",56.8822190095475,1.30345902395457,1.86159352377322,0.700184550122746,0.483812058887503,0.526924024530943,"deseq2",0.526924024530943,1.30345902395457,FALSE,"Bacteria","Bacteroidota","Bacteroidia","Flavobacteriales","Flavobacteriaceae","Winogradskyella",NA,NA,NA,NA,NA,NA,NA,NA,NA,NA,NA,NA,NA,NA,FALSE,FALSE,FALSE,FALSE,FALSE,TRUE,1,TRUE
"ASV354","LEfSe",NA,NA,NA,NA,NA,NA,"lefse",0.0832645166635506,3.86075170689118,TRUE,"Bacteria","Bacteroidota","Bacteroidia","Flavobacteriales","Flavobacteriaceae","Winogradskyella",NA,NA,NA,NA,NA,NA,NA,NA,NA,NA,NA,NA,"ASV354",3.86075170689118,FALSE,FALSE,TRUE,FALSE,FALSE,TRUE,1,TRUE
"ASV37","DESeq2",37.914856326641,-3.59658647206474,1.55111586196672,-2.31870910500811,0.0204108145048317,0.0287844819939934,"deseq2",0.0287844819939934,-3.59658647206474,TRUE,"Bacteria","Cyanobacteria","Cyanobacteriia","Synechococcales","Cyanobiaceae","Synechococcus CC9902",NA,NA,NA,NA,NA,NA,NA,NA,NA,NA,NA,NA,NA,NA,TRUE,FALSE,FALSE,TRUE,FALSE,FALSE,1,TRUE
"ASV37","ALDEx2",NA,NA,NA,NA,NA,NA,"aldex2",0.92584547322376,-0.538064759904107,FALSE,"Bacteria","Cyanobacteria","Cyanobacteriia","Synechococcales","Cyanobiaceae","Synechococcus CC9902",NA,2.27212795333516,2.38111872723206,1.31954691985403,-1.10975984013185,3.61032709167554,-0.538064759904107,0.226564484085857,0.490503101221648,0.92584547322376,0.575,0.787766425364863,NA,NA,FALSE,FALSE,FALSE,TRUE,FALSE,FALSE,1,TRUE
"ASV383","ALDEx2",NA,NA,NA,NA,NA,NA,"aldex2",0.407676922377903,-2.66636353579789,FALSE,"Bacteria","Proteobacteria","Gammaproteobacteria","Pseudomonadales","Saccharospirillaceae","Oleispira",NA,3.01319872345601,3.65794734640839,-3.33336737706796,-7.47074116672097,2.43705757933838,-2.66636353579789,0.000547999460257121,0.105623108962475,0.407676922377903,0.2,0.461206966504706,NA,NA,FALSE,FALSE,FALSE,TRUE,FALSE,FALSE,1,TRUE
"ASV383","DESeq2",97.6901216323595,-9.81324762750703,1.71263206520161,-5.72992169590836,1.00477005695131e-08,8.50190048189568e-08,"deseq2",8.50190048189568e-08,-9.81324762750703,TRUE,"Bacteria","Proteobacteria","Gammaproteobacteria","Pseudomonadales","Saccharospirillaceae","Oleispira",NA,NA,NA,NA,NA,NA,NA,NA,NA,NA,NA,NA,NA,NA,TRUE,FALSE,FALSE,TRUE,FALSE,FALSE,1,TRUE
"ASV39","ALDEx2",NA,NA,NA,NA,NA,NA,"aldex2",0.506074304344117,-2.12751478261636,FALSE,"Bacteria","Actinobacteriota","Acidimicrobiia","Actinomarinales","Actinomarinaceae","Candidatus Actinomarina",NA,1.77201486791808,2.15234726131006,-2.86311942059737,-5.04502970423431,2.64105157946453,-2.12751478261636,0.000547999460257121,0.158375156716995,0.506074304344117,0.2,0.461206966504706,NA,NA,FALSE,FALSE,FALSE,TRUE,FALSE,FALSE,1,TRUE
"ASV39","DESeq2",30.7173936766906,-8.14108540431329,1.68257762932431,-4.83846050394868,1.30848690734192e-06,4.38069034580221e-06,"deseq2",4.38069034580221e-06,-8.14108540431329,TRUE,"Bacteria","Actinobacteriota","Acidimicrobiia","Actinomarinales","Actinomarinaceae","Candidatus Actinomarina",NA,NA,NA,NA,NA,NA,NA,NA,NA,NA,NA,NA,NA,NA,TRUE,FALSE,FALSE,TRUE,FALSE,FALSE,1,TRUE
"ASV4","DESeq2",166.95986299431,-10.5920173028383,1.55841048841077,-6.79667993869818,1.07057571209599e-11,2.35526656661118e-10,"deseq2",2.35526656661118e-10,-10.5920173028383,TRUE,"Bacteria","Cyanobacteria","Cyanobacteriia","Synechococcales","Cyanobiaceae","Synechococcus CC9902",NA,NA,NA,NA,NA,NA,NA,NA,NA,NA,NA,NA,NA,NA,TRUE,FALSE,FALSE,TRUE,FALSE,FALSE,1,TRUE
"ASV4","ALDEx2",NA,NA,NA,NA,NA,NA,"aldex2",0.401456011899632,-2.80279342106921,FALSE,"Bacteria","Cyanobacteria","Cyanobacteriia","Synechococcales","Cyanobiaceae","Synechococcus CC9902",NA,3.86597417776942,4.80066574152351,-3.22976696199064,-7.85042475186455,2.82253371411235,-2.80279342106921,0.000547999460257121,0.0997737821590826,0.401456011899632,0.2,0.461206966504706,NA,NA,FALSE,FALSE,FALSE,TRUE,FALSE,FALSE,1,TRUE
"ASV410","DESeq2",24.066196718537,1.32727875662252,3.11601063239075,0.425954501831776,0.670140999645903,0.70261808263592,"deseq2",0.70261808263592,1.32727875662252,FALSE,"Bacteria","Proteobacteria","Gammaproteobacteria","Enterobacterales","Pseudoalteromonadaceae","Pseudoalteromonas","citrea",NA,NA,NA,NA,NA,NA,NA,NA,NA,NA,NA,NA,NA,FALSE,FALSE,FALSE,FALSE,FALSE,TRUE,1,TRUE
"ASV410","ALDEx2",NA,NA,NA,NA,NA,NA,"aldex2",0.376289355670417,1.5570487505684,FALSE,"Bacteria","Proteobacteria","Gammaproteobacteria","Enterobacterales","Pseudoalteromonadaceae","Pseudoalteromonas","citrea",1.73785271881726,-3.94365062045988,4.27074232549789,7.59839157538371,4.55631871977241,1.5570487505684,0.000547999460257121,0.112573185642776,0.376289355670417,0,0,NA,NA,FALSE,FALSE,FALSE,FALSE,FALSE,TRUE,1,TRUE
"ASV410","LEfSe",NA,NA,NA,NA,NA,NA,"lefse",0.0832645166635506,3.51706984483685,TRUE,"Bacteria","Proteobacteria","Gammaproteobacteria","Enterobacterales","Pseudoalteromonadaceae","Pseudoalteromonas","citrea",NA,NA,NA,NA,NA,NA,NA,NA,NA,NA,NA,"ASV410",3.51706984483685,FALSE,FALSE,TRUE,FALSE,FALSE,TRUE,1,TRUE
"ASV42","ALDEx2",NA,NA,NA,NA,NA,NA,"aldex2",0.52528021588498,-1.43858548165133,FALSE,"Bacteria","Proteobacteria","Gammaproteobacteria","Pseudomonadales","Marinomonadaceae","Marinomonas",NA,0.51117391007872,1.0252488950167,-3.05501956226205,-4.67251002460241,2.87249751233918,-1.43858548165133,0.0155432426385351,0.167825844032768,0.52528021588498,0.215625,0.478144071160658,NA,NA,FALSE,FALSE,FALSE,TRUE,FALSE,FALSE,1,TRUE
"ASV42","DESeq2",22.1841991206193,-7.69077777064426,2.00210270635073,-3.84135026951858,0.000122359365019315,0.00021708919600201,"deseq2",0.00021708919600201,-7.69077777064426,TRUE,"Bacteria","Proteobacteria","Gammaproteobacteria","Pseudomonadales","Marinomonadaceae","Marinomonas",NA,NA,NA,NA,NA,NA,NA,NA,NA,NA,NA,NA,NA,NA,TRUE,FALSE,FALSE,TRUE,FALSE,FALSE,1,TRUE
"ASV424","DESeq2",16.5198315280458,-2.49787570934839,4.19648815835402,-0.595230014977125,0.551689729559364,0.594959512269903,"deseq2",0.594959512269903,-2.49787570934839,FALSE,"Bacteria","Proteobacteria","Alphaproteobacteria","Rhodobacterales","Rhodobacteraceae","Pseudophaeobacter","arcticus",NA,NA,NA,NA,NA,NA,NA,NA,NA,NA,NA,NA,NA,FALSE,FALSE,FALSE,FALSE,FALSE,FALSE,0,FALSE
"ASV424","ALDEx2",NA,NA,NA,NA,NA,NA,"aldex2",0.990894683351797,0.449467291222947,FALSE,"Bacteria","Proteobacteria","Alphaproteobacteria","Rhodobacterales","Rhodobacteraceae","Pseudophaeobacter","arcticus",-2.1191844764136,-3.36382961381474,0.845042076426543,2.84452463761839,6.5832552963256,0.449467291222947,0.390625584253894,0.642716862391432,0.990894683351797,0.565625,0.97378563905574,NA,NA,FALSE,FALSE,FALSE,FALSE,FALSE,FALSE,0,FALSE
"ASV43","DESeq2",21.5261540792446,0.0487103667687659,1.84866497513492,0.0263489423037351,0.978979018132002,0.978979018132002,"deseq2",0.978979018132002,0.0487103667687659,FALSE,"Bacteria","Proteobacteria","Gammaproteobacteria","Enterobacterales","Pseudoalteromonadaceae","Pseudoalteromonas",NA,NA,NA,NA,NA,NA,NA,NA,NA,NA,NA,NA,NA,NA,FALSE,FALSE,FALSE,FALSE,FALSE,FALSE,0,FALSE
"ASV43","ALDEx2",NA,NA,NA,NA,NA,NA,"aldex2",0.507186153769808,1.82256578575484,FALSE,"Bacteria","Proteobacteria","Gammaproteobacteria","Enterobacterales","Pseudoalteromonadaceae","Pseudoalteromonas",NA,1.80976616850194,0.892406513313474,3.57377138214309,2.74662001629707,1.57993931442964,1.82256578575484,0.000547999460257121,0.166342074578373,0.507186153769808,0,0,NA,NA,FALSE,FALSE,FALSE,FALSE,FALSE,FALSE,0,FALSE
"ASV441","DESeq2",68.5741090782275,3.04252896557226,3.14084207143678,0.968698487976015,0.332695647198778,0.365965211918655,"deseq2",0.365965211918655,3.04252896557226,FALSE,"Bacteria","Bacteroidota","Bacteroidia","Flavobacteriales","Flavobacteriaceae","Winogradskyella",NA,NA,NA,NA,NA,NA,NA,NA,NA,NA,NA,NA,NA,NA,FALSE,FALSE,FALSE,FALSE,FALSE,TRUE,1,TRUE
"ASV441","ALDEx2",NA,NA,NA,NA,NA,NA,"aldex2",0.318275666726473,1.83003707535981,FALSE,"Bacteria","Bacteroidota","Bacteroidia","Flavobacteriales","Flavobacteriaceae","Winogradskyella",NA,2.39273636899256,-4.41238883630277,6.22172348486983,10.7201606641398,5.68114549581695,1.83003707535981,0.000547999460257121,0.089323687825576,0.318275666726473,0,0,NA,NA,FALSE,FALSE,FALSE,FALSE,FALSE,TRUE,1,TRUE
"ASV441","LEfSe",NA,NA,NA,NA,NA,NA,"lefse",0.0832645166635506,4.17734079362552,TRUE,"Bacteria","Bacteroidota","Bacteroidia","Flavobacteriales","Flavobacteriaceae","Winogradskyella",NA,NA,NA,NA,NA,NA,NA,NA,NA,NA,NA,NA,"ASV441",4.17734079362552,FALSE,FALSE,TRUE,FALSE,FALSE,TRUE,1,TRUE
"ASV442","DESeq2",60.90266406427,-9.14042361159075,2.17074469507569,-4.21073175133203,2.54544849360851e-05,5.28300630748936e-05,"deseq2",5.28300630748936e-05,-9.14042361159075,TRUE,"Bacteria","Proteobacteria","Gammaproteobacteria","Enterobacterales","Colwelliaceae","Colwellia","meonggei",NA,NA,NA,NA,NA,NA,NA,NA,NA,NA,NA,NA,NA,TRUE,FALSE,FALSE,TRUE,FALSE,FALSE,1,TRUE
"ASV442","ALDEx2",NA,NA,NA,NA,NA,NA,"aldex2",0.453311137093331,-1.73767755633685,FALSE,"Bacteria","Proteobacteria","Gammaproteobacteria","Enterobacterales","Colwelliaceae","Colwellia","meonggei",0.588743858059296,3.10291358103906,-2.83101948983328,-5.54396627903792,3.36638640137084,-1.73767755633685,0.000547999460257121,0.113484650539015,0.453311137093331,0.2125,0.48213678583878,NA,NA,FALSE,FALSE,FALSE,TRUE,FALSE,FALSE,1,TRUE
"ASV45","ALDEx2",NA,NA,NA,NA,NA,NA,"aldex2",0.45420295203128,-2.04148985751383,FALSE,"Bacteria","Proteobacteria","Alphaproteobacteria","SAR11 clade","Clade I","Clade Ib",NA,1.98267898112069,2.62716255061837,-3.13658271941761,-5.6606089467301,2.84236211914962,-2.04148985751383,0.000547999460257121,0.129199389032886,0.45420295203128,0.2,0.461206966504706,NA,NA,FALSE,FALSE,FALSE,TRUE,FALSE,FALSE,1,TRUE
"ASV45","DESeq2",43.0101814553204,-8.62443917086337,1.69089070485399,-5.10053023894769,3.38703259940722e-07,1.55238994139497e-06,"deseq2",1.55238994139497e-06,-8.62443917086337,TRUE,"Bacteria","Proteobacteria","Alphaproteobacteria","SAR11 clade","Clade I","Clade Ib",NA,NA,NA,NA,NA,NA,NA,NA,NA,NA,NA,NA,NA,NA,TRUE,FALSE,FALSE,TRUE,FALSE,FALSE,1,TRUE
"ASV457","ALDEx2",NA,NA,NA,NA,NA,NA,"aldex2",0.0997650156269334,5.14010365418745,TRUE,"Bacteria","Proteobacteria","Gammaproteobacteria","Enterobacterales","Vibrionaceae","Vibrio",NA,-3.295790759332,-5.56562221280335,7.95870588521862,13.4501838328648,2.7218928798586,5.14010365418745,0.000547999460257121,0.0135281258004167,0.0997650156269334,0,0,NA,NA,FALSE,TRUE,FALSE,TRUE,TRUE,FALSE,2,TRUE
"ASV457","DESeq2",191.37913498535,11.3258623866392,1.47779915690864,7.66400652868923,1.8022072701876e-14,9.91213998603177e-13,"deseq2",9.91213998603177e-13,11.3258623866392,TRUE,"Bacteria","Proteobacteria","Gammaproteobacteria","Enterobacterales","Vibrionaceae","Vibrio",NA,NA,NA,NA,NA,NA,NA,NA,NA,NA,NA,NA,NA,NA,TRUE,FALSE,FALSE,TRUE,TRUE,FALSE,2,TRUE
"ASV458","ALDEx2",NA,NA,NA,NA,NA,NA,"aldex2",0.129853961469373,3.97916277442359,TRUE,"Bacteria","Proteobacteria","Gammaproteobacteria","Enterobacterales","Pseudoalteromonadaceae","Pseudoalteromonas",NA,-3.43478876142443,-5.79248068728367,5.06607345282879,11.0188226130769,2.93004670327217,3.97916277442359,0.000547999460257121,0.0235867401816098,0.129853961469373,0,0,NA,NA,FALSE,TRUE,FALSE,TRUE,TRUE,FALSE,2,TRUE
"ASV458","DESeq2",26.2184523538075,8.45809310410579,2.03999548275025,4.14613325158097,3.38137090666746e-05,6.88797777284111e-05,"deseq2",6.88797777284111e-05,8.45809310410579,TRUE,"Bacteria","Proteobacteria","Gammaproteobacteria","Enterobacterales","Pseudoalteromonadaceae","Pseudoalteromonas",NA,NA,NA,NA,NA,NA,NA,NA,NA,NA,NA,NA,NA,NA,TRUE,FALSE,FALSE,TRUE,TRUE,FALSE,2,TRUE
"ASV47","DESeq2",26.0971797598181,-7.91585826459789,3.66181855003459,-2.16172870294819,0.030639093862702,0.0411012234743563,"deseq2",0.0411012234743563,-7.91585826459789,TRUE,"Bacteria","Proteobacteria","Alphaproteobacteria","SAR11 clade","Clade I","Clade Ib",NA,NA,NA,NA,NA,NA,NA,NA,NA,NA,NA,NA,NA,NA,TRUE,FALSE,FALSE,TRUE,FALSE,FALSE,1,TRUE
"ASV47","ALDEx2",NA,NA,NA,NA,NA,NA,"aldex2",0.770324052645698,-0.906788568211637,FALSE,"Bacteria","Proteobacteria","Alphaproteobacteria","SAR11 clade","Clade I","Clade Ib",NA,-1.55419385598761,2.40633687995531,-3.29364125065721,-4.7223310268361,5.08987115196732,-0.906788568211637,0.209304524505175,0.420233577851299,0.770324052645698,0.562499999999999,0.833784712939545,NA,NA,FALSE,FALSE,FALSE,TRUE,FALSE,FALSE,1,TRUE
"ASV479","ALDEx2",NA,NA,NA,NA,NA,NA,"aldex2",0.425237323080917,-2.21268128790249,FALSE,"Bacteria","Proteobacteria","Gammaproteobacteria","Enterobacterales","Colwelliaceae","Thalassotalea",NA,1.8185733700298,2.90730227542895,-3.25383392028885,-5.90102672269011,2.67441653624397,-2.21268128790249,0.000547999460257121,0.116879392839584,0.425237323080917,0.2,0.461206966504706,NA,NA,FALSE,FALSE,FALSE,TRUE,FALSE,FALSE,1,TRUE
"ASV479","DESeq2",44.3653587187226,-8.68660558200347,1.73281979222865,-5.01298843709031,5.35911184757407e-07,2.26731655089672e-06,"deseq2",2.26731655089672e-06,-8.68660558200347,TRUE,"Bacteria","Proteobacteria","Gammaproteobacteria","Enterobacterales","Colwelliaceae","Thalassotalea",NA,NA,NA,NA,NA,NA,NA,NA,NA,NA,NA,NA,NA,NA,TRUE,FALSE,FALSE,TRUE,FALSE,FALSE,1,TRUE
"ASV49","ALDEx2",NA,NA,NA,NA,NA,NA,"aldex2",0.349155498067584,-2.51439884066644,FALSE,"Bacteria","Proteobacteria","Gammaproteobacteria","Enterobacterales","Colwelliaceae","Colwellia",NA,3.34935047672479,4.55769769077039,-2.898650253322,-8.37374761174139,3.55767007713133,-2.51439884066644,0.000547999460257121,0.0693849664422697,0.349155498067584,0.2,0.461206966504706,NA,NA,FALSE,FALSE,FALSE,TRUE,FALSE,FALSE,1,TRUE
"ASV49","DESeq2",311.937532236721,-11.4940093616011,2.10732504338363,-5.4543125170409,4.91626736628018e-08,3.00438561272678e-07,"deseq2",3.00438561272678e-07,-11.4940093616011,TRUE,"Bacteria","Proteobacteria","Gammaproteobacteria","Enterobacterales","Colwelliaceae","Colwellia",NA,NA,NA,NA,NA,NA,NA,NA,NA,NA,NA,NA,NA,NA,TRUE,FALSE,FALSE,TRUE,FALSE,FALSE,1,TRUE
"ASV495","DESeq2",21.7690551456725,3.10788330089429,2.63403001445019,1.17989669208193,0.238041305684519,0.267189220666297,"deseq2",0.267189220666297,3.10788330089429,FALSE,"Bacteria","Proteobacteria","Gammaproteobacteria","Pseudomonadales","Oleiphilaceae","Oleiphilus",NA,NA,NA,NA,NA,NA,NA,NA,NA,NA,NA,NA,NA,NA,FALSE,FALSE,FALSE,FALSE,FALSE,TRUE,1,TRUE
"ASV495","ALDEx2",NA,NA,NA,NA,NA,NA,"aldex2",0.302222671636406,1.61201632026859,FALSE,"Bacteria","Proteobacteria","Gammaproteobacteria","Pseudomonadales","Oleiphilaceae","Oleiphilus",NA,0.86110345799231,-3.4276601863429,4.58373008903898,7.81642725197502,4.53989775211161,1.61201632026859,0.000547999460257121,0.0828833692208158,0.302222671636406,0,0,NA,NA,FALSE,FALSE,FALSE,FALSE,FALSE,TRUE,1,TRUE
"ASV495","LEfSe",NA,NA,NA,NA,NA,NA,"lefse",0.0832645166635506,3.69422688792421,TRUE,"Bacteria","Proteobacteria","Gammaproteobacteria","Pseudomonadales","Oleiphilaceae","Oleiphilus",NA,NA,NA,NA,NA,NA,NA,NA,NA,NA,NA,NA,"ASV495",3.69422688792421,FALSE,FALSE,TRUE,FALSE,FALSE,TRUE,1,TRUE
"ASV5","DESeq2",156.750861158862,-4.70113428233476,0.532429047379485,-8.82959768155562,1.05052905109631e-18,1.15558195620594e-16,"deseq2",1.15558195620594e-16,-4.70113428233476,TRUE,"Bacteria","Proteobacteria","Alphaproteobacteria","SAR11 clade","Clade II",NA,NA,NA,NA,NA,NA,NA,NA,NA,NA,NA,NA,NA,NA,NA,TRUE,FALSE,FALSE,TRUE,FALSE,TRUE,2,TRUE
"ASV5","ALDEx2",NA,NA,NA,NA,NA,NA,"aldex2",0.513117140987158,-2.47515904129193,FALSE,"Bacteria","Proteobacteria","Alphaproteobacteria","SAR11 clade","Clade II",NA,NA,4.28770201228891,4.59610017828611,2.27469246030905,-2.36930924699191,0.890856935076644,-2.47515904129193,0.000547999460257121,0.152458410087449,0.513117140987158,0.2,0.461206966504706,NA,NA,FALSE,FALSE,FALSE,TRUE,FALSE,TRUE,2,TRUE
"ASV5","LEfSe",NA,NA,NA,NA,NA,NA,"lefse",0.0832645166635506,-4.10534699997579,TRUE,"Bacteria","Proteobacteria","Alphaproteobacteria","SAR11 clade","Clade II",NA,NA,NA,NA,NA,NA,NA,NA,NA,NA,NA,NA,NA,"ASV5",-4.10534699997579,FALSE,FALSE,TRUE,TRUE,FALSE,TRUE,2,TRUE
"ASV50","DESeq2",67.1133315797717,-2.85669907085063,1.38255784906273,-2.06624198241488,0.0388056365636748,0.0490228967486257,"deseq2",0.0490228967486257,-2.85669907085063,TRUE,"Bacteria","Proteobacteria","Alphaproteobacteria","Rhodobacterales","Rhodobacteraceae","Pseudophaeobacter",NA,NA,NA,NA,NA,NA,NA,NA,NA,NA,NA,NA,NA,NA,TRUE,FALSE,FALSE,TRUE,FALSE,FALSE,1,TRUE
"ASV50","ALDEx2",NA,NA,NA,NA,NA,NA,"aldex2",1,0.458328979369375,FALSE,"Bacteria","Proteobacteria","Alphaproteobacteria","Rhodobacterales","Rhodobacteraceae","Pseudophaeobacter",NA,2.55492093197191,1.54130845743717,2.90659810827982,1.22390709368445,1.25444312519045,0.458328979369375,0.335938435121624,0.741946196871586,1,0.420312499999999,0.994080579806507,NA,NA,FALSE,FALSE,FALSE,TRUE,FALSE,FALSE,1,TRUE
"ASV506","ALDEx2",NA,NA,NA,NA,NA,NA,"aldex2",0.814105570138166,-0.696539299171747,FALSE,"Bacteria","Bacteroidota","Bacteroidia","Flavobacteriales","Flavobacteriaceae","Aurantivirga",NA,-1.65553992301479,2.97452720046015,-3.29945448976155,-5.08680698597325,6.22017227396034,-0.696539299171747,0.263567416398401,0.432305338906692,0.814105570138166,0.628124999999999,0.9011647750942,NA,NA,FALSE,FALSE,FALSE,TRUE,FALSE,FALSE,1,TRUE
"ASV506","DESeq2",43.3672888364331,-8.64607746060182,3.92876320193512,-2.20071228939,0.027756398254551,0.037693874172847,"deseq2",0.037693874172847,-8.64607746060182,TRUE,"Bacteria","Bacteroidota","Bacteroidia","Flavobacteriales","Flavobacteriaceae","Aurantivirga",NA,NA,NA,NA,NA,NA,NA,NA,NA,NA,NA,NA,NA,NA,TRUE,FALSE,FALSE,TRUE,FALSE,FALSE,1,TRUE
"ASV51","DESeq2",32.2446012667202,-8.21843539686059,1.58021939885676,-5.20081920447654,1.98412037792269e-07,9.48927137267374e-07,"deseq2",9.48927137267374e-07,-8.21843539686059,TRUE,"Bacteria","Proteobacteria","Alphaproteobacteria","SAR11 clade","Clade I","Clade Ib",NA,NA,NA,NA,NA,NA,NA,NA,NA,NA,NA,NA,NA,NA,TRUE,FALSE,FALSE,TRUE,FALSE,FALSE,1,TRUE
"ASV51","ALDEx2",NA,NA,NA,NA,NA,NA,"aldex2",0.48326536813868,-2.44921418099589,FALSE,"Bacteria","Proteobacteria","Alphaproteobacteria","SAR11 clade","Clade I","Clade Ib",NA,2.08167727142595,2.32477668011309,-3.05633430134168,-5.32579893788542,2.34728937083714,-2.44921418099589,0.000547999460257121,0.140323463987748,0.48326536813868,0.2,0.461206966504706,NA,NA,FALSE,FALSE,FALSE,TRUE,FALSE,FALSE,1,TRUE
"ASV523","ALDEx2",NA,NA,NA,NA,NA,NA,"aldex2",0.4058586977789,-2.10650789892644,FALSE,"Bacteria","Proteobacteria","Gammaproteobacteria","Enterobacterales","Colwelliaceae","Colwellia","aquaemaris",1.78293189511534,2.12262610439929,-3.29757124420018,-6.06324716923318,2.68347760481723,-2.10650789892644,0.000547999460257121,0.102112493243154,0.4058586977789,0.2,0.461206966504706,NA,NA,FALSE,FALSE,FALSE,TRUE,FALSE,FALSE,1,TRUE
"ASV523","DESeq2",46.3983409733429,-8.75082015408173,1.84813917349006,-4.734935701599,2.19124556091844e-06,6.88677176288651e-06,"deseq2",6.88677176288651e-06,-8.75082015408173,TRUE,"Bacteria","Proteobacteria","Gammaproteobacteria","Enterobacterales","Colwelliaceae","Colwellia","aquaemaris",NA,NA,NA,NA,NA,NA,NA,NA,NA,NA,NA,NA,NA,TRUE,FALSE,FALSE,TRUE,FALSE,FALSE,1,TRUE
"ASV53","DESeq2",274.898327141187,-11.3115815378662,2.44434584625708,-4.62765183379722,3.69835077103543e-06,1.01704646203474e-05,"deseq2",1.01704646203474e-05,-11.3115815378662,TRUE,"Bacteria","Proteobacteria","Gammaproteobacteria","Enterobacterales","Colwelliaceae","Colwellia",NA,NA,NA,NA,NA,NA,NA,NA,NA,NA,NA,NA,NA,NA,TRUE,FALSE,FALSE,TRUE,FALSE,FALSE,1,TRUE
"ASV53","ALDEx2",NA,NA,NA,NA,NA,NA,"aldex2",0.415993023297611,-2.08235345982869,FALSE,"Bacteria","Proteobacteria","Gammaproteobacteria","Enterobacterales","Colwelliaceae","Colwellia",NA,2.18893749462354,3.2652104032931,-2.9114983600641,-7.51799585756802,3.9258222443183,-2.08235345982869,0.000547999460257121,0.0904222163989897,0.415993023297611,0.2,0.461206966504706,NA,NA,FALSE,FALSE,FALSE,TRUE,FALSE,FALSE,1,TRUE
"ASV537","ALDEx2",NA,NA,NA,NA,NA,NA,"aldex2",0.120691380755513,4.87566068935472,TRUE,"Bacteria","Proteobacteria","Alphaproteobacteria","Rhodobacterales","Rhodobacteraceae","Ruegeria",NA,-3.3021006856547,-5.61436718134716,6.06334500728555,11.5897885039366,2.49008696573949,4.87566068935472,0.000547999460257121,0.0196180281097528,0.120691380755513,0,0,NA,NA,FALSE,TRUE,FALSE,TRUE,TRUE,FALSE,2,TRUE
"ASV537","DESeq2",50.7318345841033,9.41039511845179,1.70836220490699,5.50843087690769,3.62046351021891e-08,2.4890686632755e-07,"deseq2",2.4890686632755e-07,9.41039511845179,TRUE,"Bacteria","Proteobacteria","Alphaproteobacteria","Rhodobacterales","Rhodobacteraceae","Ruegeria",NA,NA,NA,NA,NA,NA,NA,NA,NA,NA,NA,NA,NA,NA,TRUE,FALSE,FALSE,TRUE,TRUE,FALSE,2,TRUE
"ASV543","DESeq2",33.2494330188455,-8.25368191071857,1.90906215619469,-4.32342230656886,1.53627255923013e-05,3.31352904931988e-05,"deseq2",3.31352904931988e-05,-8.25368191071857,TRUE,"Bacteria","Bacteroidota","Bacteroidia","Flavobacteriales","Flavobacteriaceae","Dokdonia","lutea",NA,NA,NA,NA,NA,NA,NA,NA,NA,NA,NA,NA,NA,TRUE,FALSE,FALSE,TRUE,FALSE,FALSE,1,TRUE
"ASV543","ALDEx2",NA,NA,NA,NA,NA,NA,"aldex2",0.450149628730523,-2.04861661252325,FALSE,"Bacteria","Bacteroidota","Bacteroidia","Flavobacteriales","Flavobacteriaceae","Dokdonia","lutea",1.23600462400237,1.86255298258807,-3.02140021769717,-5.42730547388238,2.58523238596038,-2.04861661252325,0.000547999460257121,0.12923971764027,0.450149628730523,0.2015625,0.463798825616772,NA,NA,FALSE,FALSE,FALSE,TRUE,FALSE,FALSE,1,TRUE
"ASV56","DESeq2",59.165298210917,-9.09079197852955,2.21445734420082,-4.10520076276761,4.03963893611197e-05,7.93500505307708e-05,"deseq2",7.93500505307708e-05,-9.09079197852955,TRUE,"Archaea","Crenarchaeota","Nitrososphaeria","Nitrosopumilales","Nitrosopumilaceae","Candidatus Nitrosopelagicus",NA,NA,NA,NA,NA,NA,NA,NA,NA,NA,NA,NA,NA,NA,TRUE,FALSE,FALSE,TRUE,FALSE,FALSE,1,TRUE
"ASV56","ALDEx2",NA,NA,NA,NA,NA,NA,"aldex2",0.436170249036424,-1.83047209879756,FALSE,"Archaea","Crenarchaeota","Nitrososphaeria","Nitrosopumilales","Nitrosopumilaceae","Candidatus Nitrosopelagicus",NA,0.692876796950261,2.75703897897122,-3.14324197129521,-5.94835357847603,3.2322736846189,-1.83047209879756,0.000547999460257121,0.107672260513833,0.436170249036424,0.2078125,0.475157570755196,NA,NA,FALSE,FALSE,FALSE,TRUE,FALSE,FALSE,1,TRUE
"ASV566","DESeq2",32.5582379901001,-1.7316910747273,0.839856647829023,-2.06188887020614,0.0392183173989006,0.0490228967486257,"deseq2",0.0490228967486257,-1.7316910747273,TRUE,"Bacteria","Proteobacteria","Gammaproteobacteria","Enterobacterales","Shewanellaceae","Psychrobium",NA,NA,NA,NA,NA,NA,NA,NA,NA,NA,NA,NA,NA,NA,TRUE,FALSE,FALSE,TRUE,FALSE,FALSE,1,TRUE
"ASV566","ALDEx2",NA,NA,NA,NA,NA,NA,"aldex2",0.954973170518533,0.504911159618206,FALSE,"Bacteria","Proteobacteria","Gammaproteobacteria","Enterobacterales","Shewanellaceae","Psychrobium",NA,2.14179415573958,2.06677415166703,2.80271164656236,0.677403867317504,1.02341603561359,0.504911159618206,0.348838042407879,0.62793013040389,0.954973170518533,0.51875,0.794340563660459,NA,NA,FALSE,FALSE,FALSE,TRUE,FALSE,FALSE,1,TRUE
"ASV578","DESeq2",96.2058187557318,10.3336255998289,1.54432832723676,6.69133979969058,2.21136501788303e-11,4.05416919945223e-10,"deseq2",4.05416919945223e-10,10.3336255998289,TRUE,"Bacteria","Bacteroidota","Bacteroidia","Flavobacteriales","Flavobacteriaceae","Actibacter",NA,NA,NA,NA,NA,NA,NA,NA,NA,NA,NA,NA,NA,NA,TRUE,FALSE,FALSE,TRUE,TRUE,FALSE,2,TRUE
"ASV578","ALDEx2",NA,NA,NA,NA,NA,NA,"aldex2",0.107783573789245,4.48390602915662,TRUE,"Bacteria","Bacteroidota","Bacteroidia","Flavobacteriales","Flavobacteriaceae","Actibacter",NA,-3.43588832186023,-5.62926266771339,6.98587812849228,12.532689233071,2.89314506948406,4.48390602915662,0.000547999460257121,0.0164604001375971,0.107783573789245,0,0,NA,NA,FALSE,TRUE,FALSE,TRUE,TRUE,FALSE,2,TRUE
"ASV579","ALDEx2",NA,NA,NA,NA,NA,NA,"aldex2",0.73414976335025,-0.813283740617869,FALSE,"Bacteria","Proteobacteria","Gammaproteobacteria","Enterobacterales","Alteromonadaceae",NA,NA,-1.54428586905314,2.71316513505184,-3.25535277387041,-5.19478731864662,5.62686088056101,-0.813283740617869,0.195314964938317,0.360965731552748,0.73414976335025,0.5515625,0.834356683363519,NA,NA,FALSE,FALSE,FALSE,TRUE,FALSE,FALSE,1,TRUE
"ASV579","DESeq2",41.457333440733,-8.58309268120384,3.63764135348625,-2.35952141707922,0.0182985245890152,0.0261407494128788,"deseq2",0.0261407494128788,-8.58309268120384,TRUE,"Bacteria","Proteobacteria","Gammaproteobacteria","Enterobacterales","Alteromonadaceae",NA,NA,NA,NA,NA,NA,NA,NA,NA,NA,NA,NA,NA,NA,NA,TRUE,FALSE,FALSE,TRUE,FALSE,FALSE,1,TRUE
"ASV582","DESeq2",39.8920634285859,-8.53178773505444,2.19776822819567,-3.88202342066746,0.000103590897499128,0.000196245422876436,"deseq2",0.000196245422876436,-8.53178773505444,TRUE,"Bacteria","Proteobacteria","Gammaproteobacteria","Pseudomonadales","Oleiphilaceae","Oleiphilus",NA,NA,NA,NA,NA,NA,NA,NA,NA,NA,NA,NA,NA,NA,TRUE,FALSE,FALSE,TRUE,FALSE,FALSE,1,TRUE
"ASV582","ALDEx2",NA,NA,NA,NA,NA,NA,"aldex2",0.491663968049565,-1.56915167143959,FALSE,"Bacteria","Proteobacteria","Gammaproteobacteria","Pseudomonadales","Oleiphilaceae","Oleiphilus",NA,0.665057412818849,1.21867533891267,-3.1021646726079,-5.0802569076465,3.32636698181986,-1.56915167143959,0.000547999460257121,0.136707463068963,0.491663968049565,0.203125,0.467155590572686,NA,NA,FALSE,FALSE,FALSE,TRUE,FALSE,FALSE,1,TRUE
"ASV6","ALDEx2",NA,NA,NA,NA,NA,NA,"aldex2",0.387903951476238,-3.73342433988344,FALSE,"Bacteria","Proteobacteria","Alphaproteobacteria","SAR11 clade","Clade I","Clade Ia",NA,4.16572086121053,4.45266285629845,-3.13766357026271,-7.63105780350035,1.92116555925386,-3.73342433988344,0.000547999460257121,0.0994759668227949,0.387903951476238,0.2,0.461206966504706,NA,NA,FALSE,FALSE,FALSE,TRUE,FALSE,FALSE,1,TRUE
"ASV6","DESeq2",147.518432268321,-10.4164092989029,1.52104470458957,-6.84819405207,7.47880745942524e-12,2.05667205134194e-10,"deseq2",2.05667205134194e-10,-10.4164092989029,TRUE,"Bacteria","Proteobacteria","Alphaproteobacteria","SAR11 clade","Clade I","Clade Ia",NA,NA,NA,NA,NA,NA,NA,NA,NA,NA,NA,NA,NA,NA,TRUE,FALSE,FALSE,TRUE,FALSE,FALSE,1,TRUE
"ASV62","ALDEx2",NA,NA,NA,NA,NA,NA,"aldex2",0.526796852119515,-1.41724907000974,FALSE,"Bacteria","Verrucomicrobiota","Verrucomicrobiae","Opitutales","Puniceicoccaceae","Lentimonas",NA,-0.631268964393587,2.09878154367034,-3.54835130448047,-5.2825331196672,3.5658677898645,-1.41724907000974,0.0546984444258801,0.171466916275746,0.526796852119515,0.2734375,0.580787718069098,NA,NA,FALSE,FALSE,FALSE,TRUE,FALSE,FALSE,1,TRUE
"ASV62","DESeq2",29.1586200578997,-8.07269963924679,2.39926987717124,-3.36464843578354,0.00076641246628675,0.00120436244702204,"deseq2",0.00120436244702204,-8.07269963924679,TRUE,"Bacteria","Verrucomicrobiota","Verrucomicrobiae","Opitutales","Puniceicoccaceae","Lentimonas",NA,NA,NA,NA,NA,NA,NA,NA,NA,NA,NA,NA,NA,NA,TRUE,FALSE,FALSE,TRUE,FALSE,FALSE,1,TRUE
"ASV651","DESeq2",43.23458449747,-8.6325060084725,1.61502550406645,-5.34512054870763,9.03568977775966e-08,4.95646453012255e-07,"deseq2",4.95646453012255e-07,-8.6325060084725,TRUE,"Bacteria","Bacteroidota","Bacteroidia","Flavobacteriales","Flavobacteriaceae","Tenacibaculum",NA,NA,NA,NA,NA,NA,NA,NA,NA,NA,NA,NA,NA,NA,TRUE,FALSE,FALSE,TRUE,FALSE,FALSE,1,TRUE
"ASV651","ALDEx2",NA,NA,NA,NA,NA,NA,"aldex2",0.503886915730516,-2.20499095822704,FALSE,"Bacteria","Bacteroidota","Bacteroidia","Flavobacteriales","Flavobacteriaceae","Tenacibaculum",NA,2.29914247275634,2.62384800314404,-3.54140751467005,-6.22371428216036,2.87622204495464,-2.20499095822704,0.000547999460257121,0.159944064333676,0.503886915730516,0.2,0.461206966504706,NA,NA,FALSE,FALSE,FALSE,TRUE,FALSE,FALSE,1,TRUE
"ASV657","ALDEx2",NA,NA,NA,NA,NA,NA,"aldex2",0.256870004377989,2.80652283081112,FALSE,"Bacteria","Proteobacteria","Gammaproteobacteria","Enterobacterales","Vibrionaceae","Vibrio",NA,-3.38878314783882,-5.83831117613971,6.66837066070334,13.0296227809586,4.72425199227079,2.80652283081112,0.000547999460257121,0.0657919805868205,0.256870004377989,0,0,NA,NA,FALSE,FALSE,FALSE,TRUE,FALSE,FALSE,1,TRUE
"ASV657","DESeq2",218.462852482023,11.5167330377996,2.80343662022793,4.1080768349467,3.98967387394211e-05,7.93500505307708e-05,"deseq2",7.93500505307708e-05,11.5167330377996,TRUE,"Bacteria","Proteobacteria","Gammaproteobacteria","Enterobacterales","Vibrionaceae","Vibrio",NA,NA,NA,NA,NA,NA,NA,NA,NA,NA,NA,NA,NA,NA,TRUE,FALSE,FALSE,TRUE,FALSE,FALSE,1,TRUE
"ASV66","ALDEx2",NA,NA,NA,NA,NA,NA,"aldex2",0.171557938069775,5.21814432956506,TRUE,"Bacteria","Proteobacteria","Gammaproteobacteria","Enterobacterales","Vibrionaceae","Vibrio",NA,3.682871366756,3.27747076279029,7.52441518371641,4.29720024638265,0.880581360703551,5.21814432956506,0.000547999460257121,0.03476567436679,0.171557938069775,0,0,NA,NA,FALSE,TRUE,FALSE,FALSE,TRUE,TRUE,2,TRUE
"ASV66","DESeq2",197.477710013538,1.92056863102525,1.16861306118543,1.64345983697721,0.100287828558953,0.11862001227403,"deseq2",0.11862001227403,1.92056863102525,FALSE,"Bacteria","Proteobacteria","Gammaproteobacteria","Enterobacterales","Vibrionaceae","Vibrio",NA,NA,NA,NA,NA,NA,NA,NA,NA,NA,NA,NA,NA,NA,FALSE,FALSE,FALSE,FALSE,TRUE,TRUE,2,TRUE
"ASV66","LEfSe",NA,NA,NA,NA,NA,NA,"lefse",0.0832645166635506,4.52118767623752,TRUE,"Bacteria","Proteobacteria","Gammaproteobacteria","Enterobacterales","Vibrionaceae","Vibrio",NA,NA,NA,NA,NA,NA,NA,NA,NA,NA,NA,NA,"ASV66",4.52118767623752,FALSE,FALSE,TRUE,FALSE,TRUE,TRUE,2,TRUE
"ASV691","ALDEx2",NA,NA,NA,NA,NA,NA,"aldex2",0.118452120292801,4.90854815115126,TRUE,"Bacteria","Bacteroidota","Bacteroidia","Flavobacteriales","Flavobacteriaceae","Dokdonia",NA,1.60162369810944,1.04925113141534,4.92980904724153,3.92215978416616,0.778561270330248,4.90854815115126,0.000547999460257121,0.0184850200937951,0.118452120292801,0,0,NA,NA,FALSE,TRUE,FALSE,FALSE,TRUE,TRUE,2,TRUE
"ASV691","LEfSe",NA,NA,NA,NA,NA,NA,"lefse",0.0832645166635506,3.73147366733573,TRUE,"Bacteria","Bacteroidota","Bacteroidia","Flavobacteriales","Flavobacteriaceae","Dokdonia",NA,NA,NA,NA,NA,NA,NA,NA,NA,NA,NA,NA,"ASV691",3.73147366733573,FALSE,FALSE,TRUE,FALSE,TRUE,TRUE,2,TRUE
"ASV691","DESeq2",37.5317981471124,1.27642971917547,0.857936523803712,1.48779039446455,0.136806179645612,0.15675708084393,"deseq2",0.15675708084393,1.27642971917547,FALSE,"Bacteria","Bacteroidota","Bacteroidia","Flavobacteriales","Flavobacteriaceae","Dokdonia",NA,NA,NA,NA,NA,NA,NA,NA,NA,NA,NA,NA,NA,NA,FALSE,FALSE,FALSE,FALSE,TRUE,TRUE,2,TRUE
"ASV714","ALDEx2",NA,NA,NA,NA,NA,NA,"aldex2",0.74940936039995,-1.22686818248927,FALSE,"Bacteria","Proteobacteria","Gammaproteobacteria","Enterobacterales","Alteromonadaceae","Aliiglaciecola",NA,2.27781270731711,3.34977337007107,0.311381475082335,-2.9134814678057,3.42402388218443,-1.22686818248927,0.0310272461563087,0.330684212746174,0.74940936039995,0.24375,0.534861471851272,NA,NA,FALSE,FALSE,FALSE,TRUE,FALSE,TRUE,2,TRUE
"ASV714","DESeq2",57.4619196708921,-4.98477446050459,1.28914193331638,-3.86673827891163,0.000110300690214743,0.0001989028839938,"deseq2",0.0001989028839938,-4.98477446050459,TRUE,"Bacteria","Proteobacteria","Gammaproteobacteria","Enterobacterales","Alteromonadaceae","Aliiglaciecola",NA,NA,NA,NA,NA,NA,NA,NA,NA,NA,NA,NA,NA,NA,TRUE,FALSE,FALSE,TRUE,FALSE,TRUE,2,TRUE
"ASV714","LEfSe",NA,NA,NA,NA,NA,NA,"lefse",0.0832645166635506,-3.67648801419816,TRUE,"Bacteria","Proteobacteria","Gammaproteobacteria","Enterobacterales","Alteromonadaceae","Aliiglaciecola",NA,NA,NA,NA,NA,NA,NA,NA,NA,NA,NA,NA,"ASV714",-3.67648801419816,FALSE,FALSE,TRUE,TRUE,FALSE,TRUE,2,TRUE
"ASV72","DESeq2",28.8568286059683,-8.06019428440417,3.77995026558451,-2.13235458619395,0.0329777077724971,0.0429639759563694,"deseq2",0.0429639759563694,-8.06019428440417,TRUE,"Bacteria","Proteobacteria","Alphaproteobacteria","Puniceispirillales","SAR116 clade",NA,NA,NA,NA,NA,NA,NA,NA,NA,NA,NA,NA,NA,NA,NA,TRUE,FALSE,FALSE,TRUE,FALSE,FALSE,1,TRUE
"ASV72","ALDEx2",NA,NA,NA,NA,NA,NA,"aldex2",0.80459625694923,-0.820570432866289,FALSE,"Bacteria","Proteobacteria","Alphaproteobacteria","Puniceispirillales","SAR116 clade",NA,NA,-1.35524075384644,1.53890454572668,-2.73719272519296,-3.49245533878045,4.22266473176729,-0.820570432866289,0.242189286111662,0.445598488496546,0.80459625694923,0.617187499999999,0.882147559562146,NA,NA,FALSE,FALSE,FALSE,TRUE,FALSE,FALSE,1,TRUE
"ASV76","ALDEx2",NA,NA,NA,NA,NA,NA,"aldex2",0.366524775980627,-3.89146189507863,FALSE,"Bacteria","Proteobacteria","Gammaproteobacteria","Enterobacterales","Colwelliaceae","Colwellia",NA,5.44706105715194,5.81693990693599,-2.73597113408778,-8.58472564435337,2.32528760018819,-3.89146189507863,0.000547999460257121,0.0797364089092312,0.366524775980627,0.2,0.461206966504706,NA,NA,FALSE,FALSE,FALSE,TRUE,FALSE,FALSE,1,TRUE
"ASV76","DESeq2",425.55033604569,-11.9413933962189,1.72023351361892,-6.94172814427812,3.87332062548975e-12,1.42021756267957e-10,"deseq2",1.42021756267957e-10,-11.9413933962189,TRUE,"Bacteria","Proteobacteria","Gammaproteobacteria","Enterobacterales","Colwelliaceae","Colwellia",NA,NA,NA,NA,NA,NA,NA,NA,NA,NA,NA,NA,NA,NA,TRUE,FALSE,FALSE,TRUE,FALSE,FALSE,1,TRUE
"ASV795","DESeq2",81.899122611638,-9.55749281619976,1.62313087311995,-5.88830695939419,3.90171932392577e-09,3.90171932392577e-08,"deseq2",3.90171932392577e-08,-9.55749281619976,TRUE,"Bacteria","Bacteroidota","Bacteroidia","Cytophagales","Cyclobacteriaceae","Fabibacter",NA,NA,NA,NA,NA,NA,NA,NA,NA,NA,NA,NA,NA,NA,TRUE,FALSE,FALSE,TRUE,FALSE,FALSE,1,TRUE
"ASV795","ALDEx2",NA,NA,NA,NA,NA,NA,"aldex2",0.414124825315795,-2.74609933972913,FALSE,"Bacteria","Bacteroidota","Bacteroidia","Cytophagales","Cyclobacteriaceae","Fabibacter",NA,3.11986914961938,3.46944499354685,-3.36177838612802,-6.90490626759634,2.78671334510012,-2.74609933972913,0.000547999460257121,0.107549563886099,0.414124825315795,0.2,0.461206966504706,NA,NA,FALSE,FALSE,FALSE,TRUE,FALSE,FALSE,1,TRUE
"ASV81","DESeq2",93.0812314649868,-9.75140844777919,2.11117097691504,-4.61895723009062,3.85673335982851e-06,1.0347333404418e-05,"deseq2",1.0347333404418e-05,-9.75140844777919,TRUE,"Bacteria","Proteobacteria","Alphaproteobacteria","Rhodobacterales","Rhodobacteraceae","Pseudophaeobacter",NA,NA,NA,NA,NA,NA,NA,NA,NA,NA,NA,NA,NA,NA,TRUE,FALSE,FALSE,TRUE,FALSE,FALSE,1,TRUE
"ASV81","ALDEx2",NA,NA,NA,NA,NA,NA,"aldex2",0.433877790923717,-2.14450922956004,FALSE,"Bacteria","Proteobacteria","Alphaproteobacteria","Rhodobacterales","Rhodobacteraceae","Pseudophaeobacter",NA,2.11200325942238,2.5041817760733,-3.13072138208619,-6.58076720010588,3.32679298976114,-2.14450922956004,0.000547999460257121,0.105495650089707,0.433877790923717,0.2,0.461206966504706,NA,NA,FALSE,FALSE,FALSE,TRUE,FALSE,FALSE,1,TRUE
"ASV814","ALDEx2",NA,NA,NA,NA,NA,NA,"aldex2",0.120740203198815,4.52164109446992,TRUE,"Bacteria","Proteobacteria","Gammaproteobacteria","Pseudomonadales","Oleiphilaceae","Oleiphilus",NA,-2.7310949676337,-4.52861401381335,5.11526845054444,9.45402680856921,2.12965648022512,4.52164109446992,0.000547999460257121,0.0202653160492647,0.120740203198815,0,0,NA,NA,FALSE,TRUE,FALSE,TRUE,TRUE,TRUE,3,TRUE
"ASV814","LEfSe",NA,NA,NA,NA,NA,NA,"lefse",0.0832645166635506,3.86738201195725,TRUE,"Bacteria","Proteobacteria","Gammaproteobacteria","Pseudomonadales","Oleiphilaceae","Oleiphilus",NA,NA,NA,NA,NA,NA,NA,NA,NA,NA,NA,NA,"ASV814",3.86738201195725,FALSE,FALSE,TRUE,TRUE,TRUE,TRUE,3,TRUE
"ASV814","DESeq2",26.5173815433605,7.54766655978555,1.5471750096942,4.87835345871918,1.06975097418226e-06,3.92500267111363e-06,"deseq2",3.92500267111363e-06,7.54766655978555,TRUE,"Bacteria","Proteobacteria","Gammaproteobacteria","Pseudomonadales","Oleiphilaceae","Oleiphilus",NA,NA,NA,NA,NA,NA,NA,NA,NA,NA,NA,NA,NA,NA,TRUE,FALSE,FALSE,TRUE,TRUE,TRUE,3,TRUE
"ASV829","DESeq2",26.616196960807,-7.95028707371586,2.30158992459331,-3.45425872296547,0.000551807725275645,0.000879693475077115,"deseq2",0.000879693475077115,-7.95028707371586,TRUE,"Bacteria","Proteobacteria","Gammaproteobacteria","Enterobacterales","Colwelliaceae","Thalassotalea",NA,NA,NA,NA,NA,NA,NA,NA,NA,NA,NA,NA,NA,NA,TRUE,FALSE,FALSE,TRUE,FALSE,FALSE,1,TRUE
"ASV829","ALDEx2",NA,NA,NA,NA,NA,NA,"aldex2",0.523478946333698,-1.31467643615393,FALSE,"Bacteria","Proteobacteria","Gammaproteobacteria","Enterobacterales","Colwelliaceae","Thalassotalea",NA,0.0706643067599622,0.652334828035936,-3.09367699577215,-4.71006097496336,3.38736506622534,-1.31467643615393,0.0390780901701758,0.160148624080486,0.523478946333698,0.2421875,0.514421459977451,NA,NA,FALSE,FALSE,FALSE,TRUE,FALSE,FALSE,1,TRUE
"ASV853","DESeq2",33.7799887598566,-2.51483386342437,0.973710732669704,-2.58273199529109,0.00980214345311802,0.014770353148534,"deseq2",0.014770353148534,-2.51483386342437,TRUE,"Bacteria","Proteobacteria","Gammaproteobacteria","Pseudomonadales","Saccharospirillaceae",NA,NA,NA,NA,NA,NA,NA,NA,NA,NA,NA,NA,NA,NA,NA,TRUE,FALSE,FALSE,TRUE,FALSE,FALSE,1,TRUE
"ASV853","ALDEx2",NA,NA,NA,NA,NA,NA,"aldex2",0.992350738150193,-0.0488157736067121,FALSE,"Bacteria","Proteobacteria","Gammaproteobacteria","Pseudomonadales","Saccharospirillaceae",NA,NA,2.29122205256858,2.39608398423241,2.22070091977547,-0.0498959909403394,1.48667927403201,-0.0488157736067121,0.476562619469233,0.811396898413095,0.992350738150193,0.779687499999999,0.983313943150273,NA,NA,FALSE,FALSE,FALSE,TRUE,FALSE,FALSE,1,TRUE
"ASV855","DESeq2",41.2423332684604,9.11164045342155,1.94248424063235,4.69071525154581,2.72251642265046e-06,8.09396774301489e-06,"deseq2",8.09396774301489e-06,9.11164045342155,TRUE,"Bacteria","Bacteroidota","Bacteroidia","Flavobacteriales","Flavobacteriaceae","Robiginitalea",NA,NA,NA,NA,NA,NA,NA,NA,NA,NA,NA,NA,NA,NA,TRUE,FALSE,FALSE,TRUE,TRUE,FALSE,2,TRUE
"ASV855","ALDEx2",NA,NA,NA,NA,NA,NA,"aldex2",0.112406805461525,4.42649864949771,TRUE,"Bacteria","Bacteroidota","Bacteroidia","Flavobacteriales","Flavobacteriaceae","Robiginitalea",NA,-3.43841523359353,-5.87029907008867,5.76266648192735,11.6832584890519,2.83590052288065,4.42649864949771,0.000547999460257121,0.0162703488521893,0.112406805461525,0,0,NA,NA,FALSE,TRUE,FALSE,TRUE,TRUE,FALSE,2,TRUE
"ASV861","DESeq2",28.5803848018882,-8.05454546927943,1.81092631245054,-4.44774887520412,8.67748925918492e-06,2.16937231479623e-05,"deseq2",2.16937231479623e-05,-8.05454546927943,TRUE,"Bacteria","Proteobacteria","Gammaproteobacteria","Enterobacterales","Alteromonadaceae","Aestuariibacter",NA,NA,NA,NA,NA,NA,NA,NA,NA,NA,NA,NA,NA,NA,TRUE,FALSE,FALSE,TRUE,FALSE,FALSE,1,TRUE
"ASV861","ALDEx2",NA,NA,NA,NA,NA,NA,"aldex2",0.490541342196251,-1.9418465360649,FALSE,"Bacteria","Proteobacteria","Gammaproteobacteria","Enterobacterales","Alteromonadaceae","Aestuariibacter",NA,1.15092086678005,1.6418019555267,-3.53314918541048,-5.60618683679506,2.91408820402746,-1.9418465360649,0.000547999460257121,0.145557854744274,0.490541342196251,0.2,0.461206966504706,NA,NA,FALSE,FALSE,FALSE,TRUE,FALSE,FALSE,1,TRUE
"ASV882","ALDEx2",NA,NA,NA,NA,NA,NA,"aldex2",0.507356893020399,-1.94934202457765,FALSE,"Bacteria","Bacteroidota","Bacteroidia","Flavobacteriales","Flavobacteriaceae","Dokdonia",NA,1.41820553251511,2.13601546802269,-3.11131746365015,-5.36219120052329,2.69329401645796,-1.94934202457765,0.000547999460257121,0.160498868274866,0.507356893020399,0.2,0.461206966504706,NA,NA,FALSE,FALSE,FALSE,TRUE,FALSE,FALSE,1,TRUE
"ASV882","DESeq2",34.2711291924711,-8.30705566642837,1.91823712528708,-4.33056766388314,1.48725435065947e-05,3.27195957145084e-05,"deseq2",3.27195957145084e-05,-8.30705566642837,TRUE,"Bacteria","Bacteroidota","Bacteroidia","Flavobacteriales","Flavobacteriaceae","Dokdonia",NA,NA,NA,NA,NA,NA,NA,NA,NA,NA,NA,NA,NA,NA,TRUE,FALSE,FALSE,TRUE,FALSE,FALSE,1,TRUE
"ASV889","DESeq2",20.9088905367383,-1.71985433910232,3.27914789688904,-0.52448208900061,0.599943274264556,0.640716118146613,"deseq2",0.640716118146613,-1.71985433910232,FALSE,"Bacteria","Proteobacteria","Gammaproteobacteria","Pseudomonadales","Oleiphilaceae","Oleiphilus",NA,NA,NA,NA,NA,NA,NA,NA,NA,NA,NA,NA,NA,NA,FALSE,FALSE,FALSE,FALSE,FALSE,FALSE,0,FALSE
"ASV889","ALDEx2",NA,NA,NA,NA,NA,NA,"aldex2",0.762361422764894,0.915501597392855,FALSE,"Bacteria","Proteobacteria","Gammaproteobacteria","Pseudomonadales","Oleiphilaceae","Oleiphilus",NA,1.84088155015896,-3.66064074851542,2.19517434762755,6.01325934519092,4.84141468076425,0.915501597392855,0.328125991312833,0.273804228791515,0.762361422764894,0.390624999999999,0.973223095844202,NA,NA,FALSE,FALSE,FALSE,FALSE,FALSE,FALSE,0,FALSE
"ASV890","DESeq2",44.5147292346196,9.22177185274844,1.72797278320031,5.33675758229776,9.4623413756885e-08,4.95646453012255e-07,"deseq2",4.95646453012255e-07,9.22177185274844,TRUE,"Bacteria","Bacteroidota","Bacteroidia","Flavobacteriales","Flavobacteriaceae","Lutimonas",NA,NA,NA,NA,NA,NA,NA,NA,NA,NA,NA,NA,NA,NA,TRUE,FALSE,FALSE,TRUE,TRUE,FALSE,2,TRUE
"ASV890","ALDEx2",NA,NA,NA,NA,NA,NA,"aldex2",0.118000949954848,4.29938197940089,TRUE,"Bacteria","Bacteroidota","Bacteroidia","Flavobacteriales","Flavobacteriaceae","Lutimonas",NA,-3.40336115302875,-5.5962307299704,5.85476346110864,11.4419150126329,2.65685889045626,4.29938197940089,0.000547999460257121,0.0188947935724418,0.118000949954848,0,0,NA,NA,FALSE,TRUE,FALSE,TRUE,TRUE,FALSE,2,TRUE
"ASV901","LEfSe",NA,NA,NA,NA,NA,NA,"lefse",0.0832645166635506,3.566100061441,TRUE,"Bacteria","Bacteroidota","Bacteroidia","Flavobacteriales","Flavobacteriaceae","Aurantivirga",NA,NA,NA,NA,NA,NA,NA,NA,NA,NA,NA,NA,"ASV901",3.566100061441,FALSE,FALSE,TRUE,FALSE,FALSE,TRUE,1,TRUE
"ASV901","DESeq2",37.0269824491661,0.879012893851413,2.11064253119004,0.416466967220547,0.677068334176432,0.70261808263592,"deseq2",0.70261808263592,0.879012893851413,FALSE,"Bacteria","Bacteroidota","Bacteroidia","Flavobacteriales","Flavobacteriaceae","Aurantivirga",NA,NA,NA,NA,NA,NA,NA,NA,NA,NA,NA,NA,NA,NA,FALSE,FALSE,FALSE,FALSE,FALSE,TRUE,1,TRUE
"ASV901","ALDEx2",NA,NA,NA,NA,NA,NA,"aldex2",0.513443756311192,1.95427081725641,FALSE,"Bacteria","Bacteroidota","Bacteroidia","Flavobacteriales","Flavobacteriaceae","Aurantivirga",NA,2.16660710093819,1.43261212607402,4.68712003013034,3.28486286576532,2.9074358595209,1.95427081725641,0.000547999460257121,0.168774551999866,0.513443756311192,0,0,NA,NA,FALSE,FALSE,FALSE,FALSE,FALSE,TRUE,1,TRUE
"ASV92","ALDEx2",NA,NA,NA,NA,NA,NA,"aldex2",0.477149272673802,-1.71093835440384,FALSE,"Bacteria","Verrucomicrobiota","Verrucomicrobiae","Opitutales","Puniceicoccaceae","Coraliomargarita",NA,0.00631517888631716,2.71998411123836,-3.0205250025301,-5.47493291455047,3.37389717053321,-1.71093835440384,0.0312696412751581,0.129070153790123,0.477149272673802,0.2328125,0.51410847477898,NA,NA,FALSE,FALSE,FALSE,TRUE,FALSE,FALSE,1,TRUE
"ASV92","DESeq2",42.1114167942919,-8.60022553694977,2.24636352011278,-3.82851014982562,0.000128921315222343,0.000225100709118376,"deseq2",0.000225100709118376,-8.60022553694977,TRUE,"Bacteria","Verrucomicrobiota","Verrucomicrobiae","Opitutales","Puniceicoccaceae","Coraliomargarita",NA,NA,NA,NA,NA,NA,NA,NA,NA,NA,NA,NA,NA,NA,TRUE,FALSE,FALSE,TRUE,FALSE,FALSE,1,TRUE
"ASV976","ALDEx2",NA,NA,NA,NA,NA,NA,"aldex2",0.986331431373556,-0.309011375713743,FALSE,"Bacteria","Proteobacteria","Alphaproteobacteria","Sphingomonadales","Sphingomonadaceae","Erythrobacter",NA,1.85423760283634,1.86697852440353,1.37639642807683,-1.03250461873877,3.85420661565114,-0.309011375713743,0.395349385268813,0.605961576276972,0.986331431373556,0.868749999999999,0.985626294228604,NA,NA,FALSE,FALSE,FALSE,FALSE,FALSE,FALSE,0,FALSE
"ASV976","DESeq2",30.0250400439036,-2.82647914873005,1.68307169545767,-1.67935754392297,0.0930823823707895,0.11129415283464,"deseq2",0.11129415283464,-2.82647914873005,FALSE,"Bacteria","Proteobacteria","Alphaproteobacteria","Sphingomonadales","Sphingomonadaceae","Erythrobacter",NA,NA,NA,NA,NA,NA,NA,NA,NA,NA,NA,NA,NA,NA,FALSE,FALSE,FALSE,FALSE,FALSE,FALSE,0,FALSE
