"TaxaID","source","baseMean","log2FoldChange","lfcSE","stat","pvalue","padj","method","adjusted_p_value","score","significant","Names","scores","significant_in_deseq2.x","significant_in_aldex2.x","significant_in_lefse.x","significant_in_deseq2.y","significant_in_aldex2.y","significant_in_lefse.y","n_methods","is_significant","significant_in_aldex2","significant_in_lefse","method_overlap","relab_control","relab_contrast","dominant_group","avg_relab","Kingdom","Phylum","Class","Order","Family","Genus","Species","tax_group","neg_log_p"
"ASV1","DESeq2",1942.48795517142,0.640651349110614,0.387955796102016,1.65136395495306,0.098664280331535,0.157987229810131,"deseq2",0.157987229810131,0.640651349110614,FALSE,NA,NA,FALSE,FALSE,FALSE,FALSE,FALSE,FALSE,0,FALSE,FALSE,FALSE,"DESeq2 only",0.080829856213963,0.0630696114062063,"control",0.080829856213963,"Bacteria","Proteobacteria","Alphaproteobacteria","SAR11 clade","Clade I","Clade Ia",NA,"Clade Ia",0.80137801587552
"ASV1013","DESeq2",44.8242757307217,-3.05171342784085,1.93749754239267,-1.9655340895627,0.0493524541309172,0.101337039148817,"deseq2",0.101337039148817,-3.05171342784085,FALSE,NA,NA,FALSE,FALSE,FALSE,FALSE,FALSE,FALSE,0,FALSE,FALSE,FALSE,"DESeq2 only",0.00251982079076456,0,"control",0.00251982079076456,"Bacteria","Cyanobacteria","Cyanobacteriia","Synechococcales","Cyanobiaceae","Synechococcus CC9902",NA,"Synechococcus CC9902",0.99423178901432
"ASV104","DESeq2",56.4813630970679,-0.0309171548855255,0.569829043237325,-0.0542536635132071,0.956733066304444,0.962986223600551,"deseq2",0.962986223600551,-0.0309171548855255,FALSE,NA,NA,FALSE,FALSE,FALSE,FALSE,FALSE,FALSE,0,FALSE,FALSE,FALSE,"DESeq2 only",0.0026768482020451,0.00128599384959463,"control",0.0026768482020451,"Bacteria","Bacteroidota","Bacteroidia","Flavobacteriales","Flavobacteriaceae","NS2b marine group",NA,"NS2b marine group",0.0163799258111428
"ASV108","DESeq2",119.560063284356,0.399418130933311,0.262751062460429,1.52051177422618,0.128382401814051,0.195751384944197,"deseq2",0.195751384944197,0.399418130933311,FALSE,NA,NA,FALSE,FALSE,FALSE,FALSE,FALSE,FALSE,0,FALSE,FALSE,FALSE,"DESeq2 only",0.00502526323510365,0.00341067934022924,"control",0.00502526323510365,"Bacteria","Proteobacteria","Alphaproteobacteria","SAR11 clade","Clade I","Clade Ia",NA,"Clade Ia",0.708295156618705
"ASV111","DESeq2",156.307345438243,0.74912905125983,0.454892197754208,1.64722680114289,0.0995114369583292,0.157987229810131,"deseq2",0.157987229810131,0.74912905125983,FALSE,NA,NA,FALSE,FALSE,FALSE,FALSE,FALSE,FALSE,0,FALSE,FALSE,FALSE,"DESeq2 only",0.00641035148628548,0.00536762650265586,"control",0.00641035148628548,"Bacteria","Proteobacteria","Gammaproteobacteria","Pseudomonadales","SAR86 clade",NA,NA,NA,0.80137801587552
"ASV113","DESeq2",108.750412620717,-0.476671590461972,0.340788746398011,-1.39798161286051,0.162118588805158,0.23553077996221,"deseq2",0.23553077996221,-0.476671590461972,FALSE,NA,NA,FALSE,FALSE,FALSE,FALSE,FALSE,FALSE,0,FALSE,FALSE,FALSE,"DESeq2 only",0.00513222415700293,0.00190103438635728,"control",0.00513222415700293,"Bacteria","Cyanobacteria","Cyanobacteriia","Synechococcales","Cyanobiaceae","Cyanobium PCC-6307",NA,"Cyanobium PCC-6307",0.627952329748489
"ASV115","DESeq2",68.2375501142942,1.16456792075344,0.562654305900132,2.07121763673868,0.0383384621422952,0.0808783995878556,"deseq2",0.0808783995878556,1.16456792075344,FALSE,NA,NA,FALSE,FALSE,FALSE,FALSE,FALSE,FALSE,0,FALSE,FALSE,FALSE,"DESeq2 only",0.00241544796358166,0.00285155157953592,"contrast",0.00285155157953592,"Bacteria","Actinobacteriota","Acidimicrobiia","Actinomarinales","Actinomarinaceae","Candidatus Actinomarina",NA,"Candidatus Actinomarina",1.09216745109955
"ASV116","DESeq2",66.3757985214026,-2.47904546342799,1.98447722677555,-1.92085875381079,0.0547495169208551,0.106626997283966,"deseq2",0.106626997283966,-2.47904546342799,FALSE,NA,NA,FALSE,FALSE,FALSE,FALSE,FALSE,FALSE,0,FALSE,FALSE,FALSE,"DESeq2 only",0.00316540418337923,0,"control",0.00316540418337923,"Bacteria","Proteobacteria","Alphaproteobacteria","Rhodobacterales","Rhodobacteraceae","Sedimentitalea",NA,"Sedimentitalea",0.972132820759649
"ASV1165","DESeq2",46.2561283501033,-1.10876766100178,1.95339859994108,-1.27758452584869,0.201395959540505,0.276919444368194,"deseq2",0.276919444368194,-1.10876766100178,FALSE,NA,NA,FALSE,FALSE,FALSE,FALSE,FALSE,FALSE,0,FALSE,FALSE,FALSE,"DESeq2 only",0.00197160879319425,0,"control",0.00197160879319425,"Bacteria","Proteobacteria","Gammaproteobacteria","Pseudomonadales","Saccharospirillaceae",NA,NA,NA,0.557646548460534
"ASV120","DESeq2",80.9961962223826,6.89954862276874,0.820379726957471,8.34209174124764,7.29877925159057e-17,2.2480240094899e-15,"deseq2",2.2480240094899e-15,6.89954862276874,TRUE,NA,NA,TRUE,FALSE,FALSE,TRUE,FALSE,FALSE,1,TRUE,FALSE,FALSE,"DESeq2 only",0.000129013059060784,0.00911378249930109,"contrast",0.00911378249930109,"Bacteria","Planctomycetota","Planctomycetes","Pirellulales","Pirellulaceae","Rubripirellula",NA,"Rubripirellula",14.6481990546985
"ASV1245","DESeq2",20.1110895241476,-4.54086849508614,1.66867839098905,-2.72113482983215,0.00650582201929789,0.0151802513783617,"deseq2",0.0151802513783617,-4.54086849508614,TRUE,NA,NA,TRUE,FALSE,FALSE,TRUE,FALSE,FALSE,1,TRUE,FALSE,FALSE,"DESeq2 only",0.00120421428565934,0,"control",0.00120421428565934,"Bacteria","Proteobacteria","Alphaproteobacteria","Parvibaculales","OCS116 clade",NA,NA,NA,1.81872103665322
"ASV125","DESeq2",39.9290501100797,-1.10684353043378,1.95306229649588,-1.2390604870985,0.215323098518677,0.288725616576631,"deseq2",0.288725616576631,-1.10684353043378,FALSE,NA,NA,FALSE,FALSE,FALSE,FALSE,FALSE,FALSE,0,FALSE,FALSE,FALSE,"DESeq2 only",0.00263231806473847,0,"control",0.00263231806473847,"Bacteria","Proteobacteria","Gammaproteobacteria","Pseudomonadales","SAR86 clade",NA,NA,NA,0.539514682540013
"ASV1287","DESeq2",27.0518515000874,-3.09886688026901,1.9289426298822,-1.82816929207932,0.0675241481346624,0.122337868385153,"deseq2",0.122337868385153,-3.09886688026901,FALSE,NA,NA,FALSE,FALSE,FALSE,FALSE,FALSE,FALSE,0,FALSE,FALSE,FALSE,"DESeq2 only",0.00151465401338965,0,"control",0.00151465401338965,"Bacteria","Cyanobacteria","Cyanobacteriia","Synechococcales","Cyanobiaceae","Prochlorococcus MIT9313",NA,"Prochlorococcus MIT9313",0.912439090918735
"ASV1288","DESeq2",56.458596605253,-1.11098750144158,1.95378460255298,-1.32995829982487,0.183532011031528,0.258867729882529,"deseq2",0.258867729882529,-1.11098750144158,FALSE,NA,NA,FALSE,FALSE,FALSE,FALSE,FALSE,FALSE,0,FALSE,FALSE,FALSE,"DESeq2 only",0.00236243674913325,0,"control",0.00236243674913325,"Bacteria","Proteobacteria","Gammaproteobacteria","Pseudomonadales","Saccharospirillaceae","Oceaniserpentilla",NA,"Oceaniserpentilla",0.5869220847812
"ASV13","DESeq2",690.87754426953,0.17521049766774,0.371181329953971,0.472043368756831,0.636895833243654,0.676427298755329,"deseq2",0.676427298755329,0.17521049766774,FALSE,NA,NA,FALSE,FALSE,FALSE,FALSE,FALSE,FALSE,0,FALSE,FALSE,FALSE,"DESeq2 only",0.0293267515775499,0.0175566116857702,"control",0.0293267515775499,"Bacteria","Proteobacteria","Alphaproteobacteria","SAR11 clade","Clade I","Clade Ib",NA,"Clade Ib",0.169778873783392
"ASV130","DESeq2",74.2836343408184,0.726765183570203,0.446233005632179,1.62956678011848,0.103193090188106,0.162160570295596,"deseq2",0.162160570295596,0.726765183570203,FALSE,NA,NA,FALSE,FALSE,FALSE,FALSE,FALSE,FALSE,0,FALSE,FALSE,FALSE,"DESeq2 only",0.00292342387774559,0.00251607492311993,"control",0.00292342387774559,"Bacteria","Proteobacteria","Alphaproteobacteria","SAR11 clade","Clade I","Clade Ia",NA,"Clade Ia",0.790054736960615
"ASV131","DESeq2",84.0798405304728,-6.22500618882739,1.57664095665228,-3.78939242548052,0.000151016190168552,0.00122402596241879,"deseq2",0.00122402596241879,-6.22500618882739,TRUE,NA,NA,TRUE,FALSE,FALSE,TRUE,FALSE,FALSE,1,TRUE,FALSE,FALSE,"DESeq2 only",0.00483855624329587,0,"control",0.00483855624329587,"Bacteria","Cyanobacteria","Cyanobacteriia","Synechococcales","Cyanobiaceae","Synechococcus CC9902",NA,"Synechococcus CC9902",2.91220937041298
"ASV133","DESeq2",108.601601292156,0.86116151389355,0.31604896674297,2.72595212596061,0.0064116297232555,0.0151802513783617,"deseq2",0.0151802513783617,0.86116151389355,TRUE,NA,NA,TRUE,FALSE,FALSE,TRUE,FALSE,FALSE,1,TRUE,FALSE,FALSE,"DESeq2 only",0.00417726952526037,0.00391389432485323,"control",0.00417726952526037,"Bacteria","Proteobacteria","Alphaproteobacteria","SAR11 clade","Clade II",NA,NA,NA,1.81872103665322
"ASV1369","DESeq2",30.4999552604713,-3.24289152278569,1.91581982266088,-1.91038989430584,0.0560830310389693,0.106626997283966,"deseq2",0.106626997283966,-3.24289152278569,FALSE,NA,NA,FALSE,FALSE,FALSE,FALSE,FALSE,FALSE,0,FALSE,FALSE,FALSE,"DESeq2 only",0.00193553628748992,0,"control",0.00193553628748992,"Bacteria","Cyanobacteria","Cyanobacteriia","Synechococcales","Cyanobiaceae","Synechococcus CC9902",NA,"Synechococcus CC9902",0.972132820759649
"ASV141","DESeq2",172.662926463505,-7.1005856646708,1.5094656507702,-4.33013946076169,1.49014938116254e-05,0.00020580137657556,"deseq2",0.00020580137657556,-7.1005856646708,TRUE,NA,NA,TRUE,FALSE,FALSE,TRUE,FALSE,FALSE,1,TRUE,FALSE,FALSE,"DESeq2 only",0.00984605328042583,0,"control",0.00984605328042583,"Bacteria","Cyanobacteria","Cyanobacteriia","Synechococcales","Cyanobiaceae","Synechococcus CC9902",NA,"Synechococcus CC9902",3.68655172463107
"ASV147","DESeq2",80.6100263336415,-0.126915082129823,0.418860275663086,-0.30295522445135,0.761923984648529,0.803673244081325,"deseq2",0.803673244081325,-0.126915082129823,FALSE,NA,NA,FALSE,FALSE,FALSE,FALSE,FALSE,FALSE,0,FALSE,FALSE,FALSE,"DESeq2 only",0.00375429296077315,0.00173329605814929,"control",0.00375429296077315,"Bacteria","Proteobacteria","Alphaproteobacteria","Thalassobaculales","Nisaeaceae","OM75 clade",NA,"OM75 clade",0.0949204899790374
"ASV155","DESeq2",51.5958440547386,-5.64786782103058,1.62470495683931,-3.43070750727377,0.000602009336223817,0.00407680638661724,"deseq2",0.00407680638661724,-5.64786782103058,TRUE,NA,NA,TRUE,FALSE,FALSE,TRUE,FALSE,FALSE,1,TRUE,FALSE,FALSE,"DESeq2 only",0.0029523646623555,0,"control",0.0029523646623555,"Bacteria","Proteobacteria","Alphaproteobacteria","SAR11 clade","Clade I","Clade Ia",NA,"Clade Ia",2.38967991332596
"ASV157","DESeq2",59.9223350683399,-0.365514161821588,0.381458770312637,-0.957510295780993,0.338309752241474,0.407028920665523,"deseq2",0.407028920665523,-0.365514161821588,FALSE,NA,NA,FALSE,FALSE,FALSE,FALSE,FALSE,FALSE,0,FALSE,FALSE,FALSE,"DESeq2 only",0.00282203707446493,0.00111825552138664,"control",0.00282203707446493,"Bacteria","Proteobacteria","Alphaproteobacteria","Rhodospirillales","AEGEAN-169 marine group",NA,NA,NA,0.390374731710351
"ASV168","DESeq2",86.2310413663874,7.22173938316735,2.00427893772663,3.06444731725963,0.00218072578613241,0.00827881698567718,"deseq2",0.00827881698567718,7.22173938316735,TRUE,NA,NA,TRUE,FALSE,FALSE,TRUE,FALSE,TRUE,2,TRUE,FALSE,TRUE,"DESeq2 + LEfSe",0,0.00995247414034107,"contrast",0.00995247414034107,"Bacteria","Proteobacteria","Gammaproteobacteria","Pseudomonadales","Saccharospirillaceae","Oleibacter",NA,"Oleibacter",2.08203171796139
"ASV170","DESeq2",19.8573910238837,-3.20582133799723,1.91361454637895,-1.78821564711912,0.073741222794281,0.130530440348497,"deseq2",0.130530440348497,-3.20582133799723,FALSE,NA,NA,FALSE,FALSE,FALSE,FALSE,FALSE,FALSE,0,FALSE,FALSE,FALSE,"DESeq2 only",0.00125110492475836,0,"control",0.00125110492475836,"Bacteria","Bacteroidota","Bacteroidia","Flavobacteriales","Flavobacteriaceae","NS5 marine group",NA,"NS5 marine group",0.884288196879218
"ASV171","DESeq2",83.8088211032866,7.20293109603664,2.0043368379035,3.05347046833522,0.00226210985508088,0.00829440280196323,"deseq2",0.00829440280196323,7.20293109603664,TRUE,NA,NA,TRUE,FALSE,FALSE,TRUE,FALSE,TRUE,2,TRUE,FALSE,TRUE,"DESeq2 + LEfSe",0,0.00967291025999441,"contrast",0.00967291025999441,"Bacteria","Bacteroidota","Bacteroidia","Flavobacteriales","Flavobacteriaceae","NS5 marine group",NA,"NS5 marine group",2.08121487777087
"ASV173","DESeq2",35.9544303426086,-4.9914738110353,1.7002674695495,-2.88551665465179,0.00390771785422841,0.0107462240991281,"deseq2",0.0107462240991281,-4.9914738110353,TRUE,NA,NA,TRUE,FALSE,FALSE,TRUE,FALSE,FALSE,1,TRUE,FALSE,FALSE,"DESeq2 only",0.0018465560588208,0,"control",0.0018465560588208,"Bacteria","Proteobacteria","Gammaproteobacteria","Pseudomonadales","SAR86 clade",NA,NA,NA,1.96874410700202
"ASV174","DESeq2",24.934989519904,-4.80353249050246,1.65125661210111,-2.9090751019386,0.00362499767060143,0.0103379563198633,"deseq2",0.0103379563198633,-4.80353249050246,TRUE,NA,NA,TRUE,FALSE,FALSE,TRUE,FALSE,FALSE,1,TRUE,FALSE,FALSE,"DESeq2 only",0.00134887928967923,0,"control",0.00134887928967923,"Bacteria","Bacteroidota","Bacteroidia","Flavobacteriales","Flavobacteriaceae","NS4 marine group",NA,"NS4 marine group",1.98556530715405
"ASV178","DESeq2",47.1121574276797,-0.82155961628664,0.481521530246645,-1.70151993858986,0.0888453970297662,0.147120334866495,"deseq2",0.147120334866495,-0.82155961628664,FALSE,NA,NA,FALSE,FALSE,FALSE,FALSE,FALSE,FALSE,0,FALSE,FALSE,FALSE,"DESeq2 only",0.00237688755868904,0.000670953312831982,"control",0.00237688755868904,"Bacteria","Bacteroidota","Bacteroidia","Flavobacteriales","NS9 marine group",NA,NA,NA,0.832327295253765
"ASV179","DESeq2",57.4117402091859,-0.553808148013686,0.86231191716002,-0.641661949186337,0.52109270037012,0.590060851889695,"deseq2",0.590060851889695,-0.553808148013686,FALSE,NA,NA,FALSE,FALSE,FALSE,FALSE,FALSE,FALSE,0,FALSE,FALSE,FALSE,"DESeq2 only",0.00301300208839495,0.000950517193178641,"control",0.00301300208839495,"Bacteria","Proteobacteria","Gammaproteobacteria","Pseudomonadales","SAR86 clade",NA,NA,NA,0.229103198057611
"ASV180","DESeq2",55.6784121886232,3.40203543354523,1.96759955422163,1.56570917609774,0.117416717092687,0.180821744322738,"deseq2",0.180821744322738,3.40203543354523,FALSE,NA,NA,FALSE,FALSE,FALSE,FALSE,FALSE,TRUE,1,TRUE,FALSE,TRUE,"DESeq2 + LEfSe",0.000389950745625986,0.00575901593514118,"contrast",0.00575901593514118,"Bacteria","Proteobacteria","Gammaproteobacteria","Enterobacterales","Pseudoalteromonadaceae","Pseudoalteromonas",NA,"Pseudoalteromonas",0.74274934558878
"ASV182","DESeq2",109.650343614158,1.30196019246397,0.473494969575462,2.75093200060395,0.00594259776449175,0.0142993758708083,"deseq2",0.0142993758708083,1.30196019246397,TRUE,NA,NA,TRUE,FALSE,FALSE,TRUE,FALSE,FALSE,1,TRUE,FALSE,FALSE,"DESeq2 only",0.00387652058840947,0.00486441151803187,"contrast",0.00486441151803187,"Bacteria","Proteobacteria","Alphaproteobacteria","SAR11 clade","Clade I","Clade Ia",NA,"Clade Ia",1.84468291790412
"ASV184","DESeq2",59.7260097235942,-0.358990976543815,0.688925482332832,-0.520784661539088,0.602516789365638,0.653433701143016,"deseq2",0.653433701143016,-0.358990976543815,FALSE,NA,NA,FALSE,FALSE,FALSE,FALSE,FALSE,FALSE,0,FALSE,FALSE,FALSE,"DESeq2 only",0.00292538833858889,0.00111825552138664,"control",0.00292538833858889,"Bacteria","Proteobacteria","Gammaproteobacteria","Pseudomonadales","SAR86 clade",NA,NA,NA,0.184798470345729
"ASV188","DESeq2",65.2206990272397,-0.0604464323816744,1.00649961588318,-0.0600537193390987,0.952112850011376,0.962986223600551,"deseq2",0.962986223600551,-0.0604464323816744,FALSE,NA,NA,FALSE,FALSE,FALSE,FALSE,FALSE,FALSE,0,FALSE,FALSE,FALSE,"DESeq2 only",0.00322122050422353,0.00145373217780263,"control",0.00322122050422353,"Bacteria","Proteobacteria","Gammaproteobacteria","Pseudomonadales","Halieaceae","OM60(NOR5) clade",NA,"OM60(NOR5) clade",0.0163799258111428
"ASV190","DESeq2",35.1463616645247,-1.10492636489134,1.95272563590448,-1.20542648161911,0.228038703516972,0.302741037427705,"deseq2",0.302741037427705,-1.10492636489134,FALSE,NA,NA,FALSE,FALSE,FALSE,FALSE,FALSE,FALSE,0,FALSE,FALSE,FALSE,"DESeq2 only",0.00161980494054538,0,"control",0.00161980494054538,"Bacteria","Proteobacteria","Gammaproteobacteria","Enterobacterales","Alteromonadaceae","Alteromonas",NA,"Alteromonas",0.518928705173539
"ASV191","DESeq2",62.7791380666602,-0.610600353449336,0.621709473825467,-0.980994884845591,0.326595264019917,0.396028902827301,"deseq2",0.396028902827301,-0.610600353449336,FALSE,NA,NA,FALSE,FALSE,FALSE,FALSE,FALSE,FALSE,0,FALSE,FALSE,FALSE,"DESeq2 only",0.00290286899204687,0.00100642996924797,"control",0.00290286899204687,"Bacteria","Proteobacteria","Alphaproteobacteria","SAR11 clade","Clade IV",NA,NA,NA,0.402273117406932
"ASV192","DESeq2",36.1724971986783,-5.28888009744699,1.63139156524961,-3.24193933121701,0.00118719292583235,0.00589766808316716,"deseq2",0.00589766808316716,-5.28888009744699,TRUE,NA,NA,TRUE,FALSE,FALSE,TRUE,FALSE,FALSE,1,TRUE,FALSE,FALSE,"DESeq2 only",0.00209253169728856,0,"control",0.00209253169728856,"Bacteria","Bacteroidota","Bacteroidia","Flavobacteriales","Flavobacteriaceae","NS2b marine group",NA,"NS2b marine group",2.22931967290073
"ASV198","DESeq2",31.8433702177871,-3.24523888039643,1.91607580091505,-1.92324218369322,0.0544496417955019,0.106626997283966,"deseq2",0.106626997283966,-3.24523888039643,FALSE,NA,NA,FALSE,FALSE,FALSE,FALSE,FALSE,FALSE,0,FALSE,FALSE,FALSE,"DESeq2 only",0.00201723491375612,0,"control",0.00201723491375612,"Bacteria","Proteobacteria","Alphaproteobacteria","SAR11 clade","Clade I","Clade Ia",NA,"Clade Ia",0.972132820759649
"ASV2","DESeq2",853.208591726498,-9.01387341843956,1.39277645953438,-5.40724298890952,6.40022872161856e-08,1.0951502479214e-06,"deseq2",1.0951502479214e-06,-9.01387341843956,TRUE,NA,NA,TRUE,FALSE,FALSE,TRUE,FALSE,FALSE,1,TRUE,FALSE,FALSE,"DESeq2 only",0.0479335589553285,0,"control",0.0479335589553285,"Bacteria","Cyanobacteria","Cyanobacteriia","Synechococcales","Cyanobiaceae","Prochlorococcus MIT9313","marinus","Prochlorococcus MIT9313",5.96052629418742
"ASV20","DESeq2",548.724870541684,2.01189933997568,0.136035011958945,14.7912316945112,1.66871927426562e-49,2.56982768236905e-47,"deseq2",2.56982768236905e-47,2.01189933997568,TRUE,NA,NA,TRUE,FALSE,FALSE,TRUE,FALSE,FALSE,1,TRUE,FALSE,FALSE,"DESeq2 only",0.0154883328965181,0.0318143695834498,"contrast",0.0318143695834498,"Bacteria","Proteobacteria","Alphaproteobacteria","SAR11 clade","Clade I","Clade Ia",NA,"Clade Ia",46.5900959969431
"ASV202","DESeq2",45.3621712350954,-0.623640167622558,0.550213401886413,-1.13140644442469,0.257884060318756,0.325041323780953,"deseq2",0.325041323780953,-0.623640167622558,FALSE,NA,NA,FALSE,FALSE,FALSE,FALSE,FALSE,FALSE,0,FALSE,FALSE,FALSE,"DESeq2 only",0.00225852597849952,0.000726866088901314,"control",0.00225852597849952,"Bacteria","Proteobacteria","Gammaproteobacteria","Ectothiorhodospirales","Ectothiorhodospiraceae",NA,NA,NA,0.488061421946743
"ASV204","DESeq2",53.4801040591599,0.0789246522919244,0.662423827576109,0.119160870583686,0.905147906463236,0.929285183968922,"deseq2",0.929285183968922,0.0789246522919244,FALSE,NA,NA,FALSE,FALSE,FALSE,FALSE,FALSE,FALSE,0,FALSE,FALSE,FALSE,"DESeq2 only",0.00225201340479666,0.00128599384959463,"control",0.00225201340479666,"Bacteria","Proteobacteria","Gammaproteobacteria","Thiotrichales","Thiotrichaceae",NA,NA,NA,0.0318509869561684
"ASV207","DESeq2",62.3597548532626,1.39074735597267,1.72597712410615,0.790857937616327,0.429026896093035,0.493060761181548,"deseq2",0.493060761181548,1.39074735597267,FALSE,NA,NA,FALSE,FALSE,FALSE,FALSE,FALSE,FALSE,0,FALSE,FALSE,FALSE,"DESeq2 only",0.00208925750839475,0.00335476656415991,"contrast",0.00335476656415991,"Bacteria","Proteobacteria","Alphaproteobacteria","SAR11 clade","Clade II",NA,NA,NA,0.3070995581673
"ASV21","DESeq2",243.48323068423,0.327171700416772,0.18653168123705,1.75415326290354,0.0794042491380553,0.135869492969561,"deseq2",0.135869492969561,0.327171700416772,FALSE,NA,NA,FALSE,FALSE,FALSE,FALSE,FALSE,FALSE,0,FALSE,FALSE,FALSE,"DESeq2 only",0.0104906976972327,0.00670953312831982,"control",0.0104906976972327,"Bacteria","Proteobacteria","Alphaproteobacteria","Rhodospirillales","AEGEAN-169 marine group",NA,NA,NA,0.866878045271059
"ASV211","DESeq2",28.2427977400117,-4.91955973386913,1.6690495781473,-2.94740401176556,0.00320454223502282,0.0098153122206581,"deseq2",0.0098153122206581,-4.91955973386913,TRUE,NA,NA,TRUE,FALSE,FALSE,TRUE,FALSE,FALSE,1,TRUE,FALSE,FALSE,"DESeq2 only",0.00165986289483375,0,"control",0.00165986289483375,"Bacteria","Bacteroidota","Bacteroidia","Flavobacteriales","Flavobacteriaceae","NS4 marine group",NA,"NS4 marine group",2.00809588113251
"ASV223","DESeq2",40.1217476421309,-1.10690031785937,1.95307237693077,-1.2401741537251,0.214910986071452,0.288725616576631,"deseq2",0.288725616576631,-1.10690031785937,FALSE,NA,NA,FALSE,FALSE,FALSE,FALSE,FALSE,FALSE,0,FALSE,FALSE,FALSE,"DESeq2 only",0.00163722263240226,0,"control",0.00163722263240226,"Bacteria","Proteobacteria","Gammaproteobacteria","Pseudomonadales","Cellvibrionaceae","Aestuariicella",NA,"Aestuariicella",0.539514682540013
"ASV224","DESeq2",47.7112797148767,-5.5662610756011,1.63061403681203,-3.39104241939922,0.000696273234960832,0.00432407126080406,"deseq2",0.00432407126080406,-5.5662610756011,TRUE,NA,NA,TRUE,FALSE,FALSE,TRUE,FALSE,FALSE,1,TRUE,FALSE,FALSE,"DESeq2 only",0.00260711119635011,0,"control",0.00260711119635011,"Bacteria","Proteobacteria","Alphaproteobacteria","SAR11 clade","Clade I","Clade Ib",NA,"Clade Ib",2.36410715747567
"ASV227","DESeq2",38.7965502001438,-0.949548917411398,0.626379017387975,-1.50991431234805,0.131065290159304,0.197882889064047,"deseq2",0.197882889064047,-0.949548917411398,FALSE,NA,NA,FALSE,FALSE,FALSE,FALSE,FALSE,FALSE,0,FALSE,FALSE,FALSE,"DESeq2 only",0.00188601550196761,0.000503214984623987,"control",0.00188601550196761,"Bacteria","Proteobacteria","Alphaproteobacteria","Rickettsiales","S25-593",NA,NA,NA,0.703591757619489
"ASV234","DESeq2",47.8389630676071,-5.5949772417077,1.62626965744576,-3.42763045407357,0.000608873681118159,0.00407680638661724,"deseq2",0.00407680638661724,-5.5949772417077,TRUE,NA,NA,TRUE,FALSE,FALSE,TRUE,FALSE,FALSE,1,TRUE,FALSE,FALSE,"DESeq2 only",0.00268527524008888,0,"control",0.00268527524008888,"Bacteria","Cyanobacteria","Cyanobacteriia","Synechococcales","Cyanobiaceae","Cyanobium PCC-6307",NA,"Cyanobium PCC-6307",2.38967991332596
"ASV236","DESeq2",64.9904831025402,1.90075999543795,2.00327641598485,0.86239820073716,0.388468430321323,0.45321316870821,"deseq2",0.45321316870821,1.90075999543795,FALSE,NA,NA,FALSE,FALSE,FALSE,FALSE,FALSE,TRUE,1,TRUE,FALSE,TRUE,"DESeq2 + LEfSe",0.00132695645676186,0.00519988817444786,"contrast",0.00519988817444786,"Bacteria","Bacteroidota","Bacteroidia","Flavobacteriales","Flavobacteriaceae","Aurantivirga",NA,"Aurantivirga",0.34369747962457
"ASV24","DESeq2",380.829228872071,-1.11974007679072,1.95528277226168,-4.07398974776403,4.62145167893839e-05,0.00044481472409782,"deseq2",0.00044481472409782,-1.11974007679072,TRUE,NA,NA,TRUE,FALSE,FALSE,TRUE,FALSE,FALSE,1,TRUE,FALSE,FALSE,"DESeq2 only",0.0179015468412892,0,"control",0.0179015468412892,"Bacteria","Proteobacteria","Alphaproteobacteria","Rhodobacterales","Rhodobacteraceae","Pseudophaeobacter",NA,"Pseudophaeobacter",3.35182084532753
"ASV241","DESeq2",24.8916865399664,-4.82649859255527,1.64001931849371,-2.94299606721068,0.00325052547567249,0.0098153122206581,"deseq2",0.0098153122206581,-4.82649859255527,TRUE,NA,NA,TRUE,FALSE,FALSE,TRUE,FALSE,FALSE,1,TRUE,FALSE,FALSE,"DESeq2 only",0.00137541863439675,0,"control",0.00137541863439675,"Bacteria","Marinimicrobia (SAR406 clade)",NA,NA,NA,NA,NA,NA,2.00809588113251
"ASV242","DESeq2",58.4210554686177,-5.2892283395943,1.6885814384905,-2.99780224405893,0.00271934065045361,0.00890976945503436,"deseq2",0.00890976945503436,-5.2892283395943,TRUE,NA,NA,TRUE,FALSE,FALSE,TRUE,FALSE,FALSE,1,TRUE,FALSE,FALSE,"DESeq2 only",0.00365109885511606,0,"control",0.00365109885511606,"Bacteria","Proteobacteria","Gammaproteobacteria","Pseudomonadales","SAR86 clade",NA,NA,NA,2.05013353341563
"ASV243","DESeq2",58.7042533729991,-0.170646446883131,0.620975466931181,-0.274730919403333,0.783522974610638,0.813931924726018,"deseq2",0.813931924726018,-0.170646446883131,FALSE,NA,NA,FALSE,FALSE,FALSE,FALSE,FALSE,FALSE,0,FALSE,FALSE,FALSE,"DESeq2 only",0.0027396426291877,0.0012300810735253,"control",0.0027396426291877,"Bacteria","Bacteroidota","Bacteroidia","Flavobacteriales","Flavobacteriaceae","NS4 marine group",NA,"NS4 marine group",0.0894119169193616
"ASV248","DESeq2",30.7877723176379,-1.10268085644766,1.95232913814808,-1.17057442336642,0.24176988299582,0.313686382685762,"deseq2",0.313686382685762,-1.10268085644766,FALSE,NA,NA,FALSE,FALSE,FALSE,FALSE,FALSE,FALSE,0,FALSE,FALSE,FALSE,"DESeq2 only",0.00128781943147099,0,"control",0.00128781943147099,"Bacteria","Proteobacteria","Gammaproteobacteria","Enterobacterales","Alteromonadaceae","Alteromonas","australica","Alteromonas",0.503504333877306
"ASV249","DESeq2",78.5577660960262,0.661179522208196,0.335293176443602,1.97296438422891,0.0484996202470584,0.10093164213577,"deseq2",0.10093164213577,0.661179522208196,FALSE,NA,NA,FALSE,FALSE,FALSE,FALSE,FALSE,FALSE,0,FALSE,FALSE,FALSE,"DESeq2 only",0.0031964847633711,0.00257198769918926,"control",0.0031964847633711,"Bacteria","Proteobacteria","Alphaproteobacteria","SAR11 clade","Clade I","Clade Ia",NA,"Clade Ia",0.995972660812925
"ASV256","DESeq2",22.5808161970749,-1.17230351761756,1.96615001627563,-1.12233134059652,0.261721585382066,0.325041323780953,"deseq2",0.325041323780953,-1.17230351761756,FALSE,NA,NA,FALSE,FALSE,FALSE,FALSE,FALSE,FALSE,0,FALSE,FALSE,FALSE,"DESeq2 only",0.00107704363020104,0,"control",0.00107704363020104,"Bacteria","Proteobacteria","Alphaproteobacteria","Rhodobacterales","Rhodobacteraceae","Amylibacter",NA,"Amylibacter",0.488061421946743
"ASV258","DESeq2",35.1808072253842,-0.996239455516053,0.598217363539727,-1.65723241629693,0.0974724951048741,0.157987229810131,"deseq2",0.157987229810131,-0.996239455516053,FALSE,NA,NA,FALSE,FALSE,FALSE,FALSE,FALSE,FALSE,0,FALSE,FALSE,FALSE,"DESeq2 only",0.00181145081295668,0.000447302208554655,"control",0.00181145081295668,"Bacteria","Proteobacteria","Alphaproteobacteria","Parvibaculales","OCS116 clade",NA,NA,NA,0.80137801587552
"ASV259","DESeq2",23.5921343547802,-4.78174004338986,1.63259476065575,-2.92895137099764,0.00340107627187529,0.00988237256356216,"deseq2",0.00988237256356216,-4.78174004338986,TRUE,NA,NA,TRUE,FALSE,FALSE,TRUE,FALSE,FALSE,1,TRUE,FALSE,FALSE,"DESeq2 only",0.0013186076077457,0,"control",0.0013186076077457,"Bacteria","Proteobacteria","Alphaproteobacteria","SAR11 clade","Clade I","Clade Ib",NA,"Clade Ib",2.00513877731877
"ASV263","DESeq2",55.5617676817048,-5.7409974923801,1.61585972154022,-3.49723947274018,0.000470099631796802,0.00361976716483537,"deseq2",0.00361976716483537,-5.7409974923801,TRUE,NA,NA,TRUE,FALSE,FALSE,TRUE,FALSE,FALSE,1,TRUE,FALSE,FALSE,"DESeq2 only",0.00307772000181268,0,"control",0.00307772000181268,"Bacteria","Proteobacteria","Alphaproteobacteria","SAR11 clade","Clade I","Clade Ib",NA,"Clade Ib",2.44131936379813
"ASV267","DESeq2",22.3025464233378,-4.69818677019731,1.64151572490516,-2.86215121234533,0.00420776103709038,0.0113683368370512,"deseq2",0.0113683368370512,-4.69818677019731,TRUE,NA,NA,TRUE,FALSE,FALSE,TRUE,FALSE,FALSE,1,TRUE,FALSE,FALSE,"DESeq2 only",0.0012366586432188,0,"control",0.0012366586432188,"Bacteria","Proteobacteria","Alphaproteobacteria","Rhodospirillales","AEGEAN-169 marine group",NA,NA,NA,1.94430306700305
"ASV27","DESeq2",1875.46087681147,-1.46174144761097,1.99997291200899,-5.028101210965,4.95360416745448e-07,7.6285504178799e-06,"deseq2",7.6285504178799e-06,-1.46174144761097,TRUE,NA,NA,TRUE,FALSE,FALSE,TRUE,FALSE,FALSE,1,TRUE,FALSE,FALSE,"DESeq2 only",0.078421094095993,0,"control",0.078421094095993,"Bacteria","Proteobacteria","Gammaproteobacteria","Pseudomonadales","Saccharospirillaceae","Oceaniserpentilla",NA,"Oceaniserpentilla",5.11755797912577
"ASV270","DESeq2",33.6814041022376,-5.136783312279,1.65662910516566,-3.10075224210061,0.00193029727541496,0.00803421028145687,"deseq2",0.00803421028145687,-5.136783312279,TRUE,NA,NA,TRUE,FALSE,FALSE,TRUE,FALSE,FALSE,1,TRUE,FALSE,FALSE,"DESeq2 only",0.00187520518120571,0,"control",0.00187520518120571,"Bacteria","Proteobacteria","Alphaproteobacteria","SAR11 clade","Clade I","Clade Ib",NA,"Clade Ib",2.09505680555416
"ASV271","DESeq2",22.2356910698293,-1.33661913418677,0.748486786868815,-1.76217147587815,0.0780403298748604,0.13503607641268,"deseq2",0.13503607641268,-1.33661913418677,FALSE,NA,NA,FALSE,FALSE,FALSE,FALSE,FALSE,FALSE,0,FALSE,FALSE,FALSE,"DESeq2 only",0.00115561587597738,0.000223651104277327,"control",0.00115561587597738,"Bacteria","Dadabacteria","Dadabacteriia","Dadabacteriales",NA,NA,NA,NA,0.869550189328296
"ASV272","DESeq2",36.9958036231683,-5.26254630198988,1.65134353357276,-3.18679353905342,0.00143859425839244,0.00632981473692674,"deseq2",0.00632981473692674,-5.26254630198988,TRUE,NA,NA,TRUE,FALSE,FALSE,TRUE,FALSE,FALSE,1,TRUE,FALSE,FALSE,"DESeq2 only",0.00215717922317714,0,"control",0.00215717922317714,"Bacteria","Proteobacteria","Gammaproteobacteria","Pseudomonadales","SAR86 clade",NA,NA,NA,2.19860900086856
"ASV275","DESeq2",27.6067018499969,0.745566299452559,0.469096701229328,1.59187841170334,0.111412027150717,0.173307597790004,"deseq2",0.173307597790004,0.745566299452559,FALSE,NA,NA,FALSE,FALSE,FALSE,FALSE,FALSE,FALSE,0,FALSE,FALSE,FALSE,"DESeq2 only",0.00112173327670869,0.000950517193178641,"control",0.00112173327670869,"Bacteria","Proteobacteria","Gammaproteobacteria","UBA10353 marine group",NA,NA,NA,NA,0.761182397436438
"ASV277","DESeq2",22.6757300143442,-3.24724913532646,1.91130543900915,-1.83493682481403,0.0665150505840208,0.122337868385153,"deseq2",0.122337868385153,-3.24724913532646,FALSE,NA,NA,FALSE,FALSE,FALSE,FALSE,FALSE,FALSE,0,FALSE,FALSE,FALSE,"DESeq2 only",0.00141514608784394,0,"control",0.00141514608784394,"Bacteria","Proteobacteria","Alphaproteobacteria","Rhodospirillales","AEGEAN-169 marine group",NA,NA,NA,0.912439090918735
"ASV280","DESeq2",36.2387427749033,-5.25629854613981,1.64217701240136,-3.20082165004788,0.0013703632498514,0.0062069394257975,"deseq2",0.0062069394257975,-5.25629854613981,TRUE,NA,NA,TRUE,FALSE,FALSE,TRUE,FALSE,FALSE,1,TRUE,FALSE,FALSE,"DESeq2 only",0.00202340201229779,0,"control",0.00202340201229779,"Bacteria","Proteobacteria","Alphaproteobacteria","SAR11 clade","Clade I","Clade Ib",NA,"Clade Ib",2.20712249292139
"ASV290","DESeq2",36.1759576660515,-5.26706279761263,1.63490039899678,-3.22166548844819,0.00127447837565732,0.00613342718285085,"deseq2",0.00613342718285085,-5.26706279761263,TRUE,NA,NA,TRUE,FALSE,FALSE,TRUE,FALSE,FALSE,1,TRUE,FALSE,FALSE,"DESeq2 only",0.00202179863202323,0,"control",0.00202179863202323,"Bacteria","Proteobacteria","Alphaproteobacteria","SAR11 clade","Clade I","Clade Ib",NA,"Clade Ib",2.21229678638147
"ASV2965","DESeq2",19.8031750345262,-3.23501033560093,1.91035701939295,-1.7990809289997,0.0720058799128948,0.128940761704486,"deseq2",0.128940761704486,-3.23501033560093,FALSE,NA,NA,FALSE,FALSE,FALSE,FALSE,FALSE,FALSE,0,FALSE,FALSE,FALSE,"DESeq2 only",0.00124532477370574,0,"control",0.00124532477370574,"Bacteria","Proteobacteria","Alphaproteobacteria","Puniceispirillales","SAR116 clade","Candidatus Puniceispirillum",NA,"Candidatus Puniceispirillum",0.889609768566684
"ASV3","DESeq2",1044.51421102248,1.10340761593894,0.325615905777258,3.38881261701795,0.000701959620260399,0.00432407126080406,"deseq2",0.00432407126080406,1.10340761593894,TRUE,NA,NA,TRUE,FALSE,FALSE,TRUE,FALSE,FALSE,1,TRUE,FALSE,FALSE,"DESeq2 only",0.0390601882365349,0.0422700587084149,"contrast",0.0422700587084149,"Bacteria","Proteobacteria","Alphaproteobacteria","SAR11 clade","Clade I","Clade Ia",NA,"Clade Ia",2.36410715747567
"ASV30","DESeq2",340.448665131231,0.957996620554253,0.285884823803065,3.35145823956141,0.000803871621879548,0.00458504554701668,"deseq2",0.00458504554701668,0.957996620554253,TRUE,NA,NA,TRUE,FALSE,FALSE,TRUE,FALSE,FALSE,1,TRUE,FALSE,FALSE,"DESeq2 only",0.0128208738395256,0.0128599384959463,"contrast",0.0128599384959463,"Bacteria","Proteobacteria","Alphaproteobacteria","SAR11 clade","Clade II",NA,NA,NA,2.33865634576937
"ASV305","DESeq2",26.7488333699441,-4.92222128501333,1.64165010966933,-2.99831601208939,0.00271476018175661,0.00890976945503436,"deseq2",0.00890976945503436,-4.92222128501333,TRUE,NA,NA,TRUE,FALSE,FALSE,TRUE,FALSE,FALSE,1,TRUE,FALSE,FALSE,"DESeq2 only",0.00156647080155302,0,"control",0.00156647080155302,"Bacteria","Bacteroidota","Bacteroidia","Flavobacteriales","NS7 marine group",NA,NA,NA,2.05013353341563
"ASV306","DESeq2",41.3186613868517,1.31662015650584,1.69297064622036,0.765853663724632,0.443763379283925,0.506218965997958,"deseq2",0.506218965997958,1.31662015650584,FALSE,NA,NA,FALSE,FALSE,FALSE,FALSE,FALSE,FALSE,0,FALSE,FALSE,FALSE,"DESeq2 only",0.00144841871267475,0.00212468549063461,"contrast",0.00212468549063461,"Bacteria","Proteobacteria","Alphaproteobacteria","SAR11 clade","Clade I","Clade Ib",NA,"Clade Ib",0.295661587597451
"ASV319","DESeq2",55.5674228684273,-1.1108264886627,1.95375670882947,-1.32580130289518,0.184905521344663,0.258867729882529,"deseq2",0.258867729882529,-1.1108264886627,FALSE,NA,NA,FALSE,FALSE,FALSE,FALSE,FALSE,FALSE,0,FALSE,FALSE,FALSE,"DESeq2 only",0.00252632258645912,0,"control",0.00252632258645912,"Bacteria","Proteobacteria","Gammaproteobacteria","Pseudomonadales","Saccharospirillaceae","Oleispira",NA,"Oleispira",0.5869220847812
"ASV322","DESeq2",46.9506419572306,-5.58643198148832,1.62640810281989,-3.42851795957249,0.000606886380322808,0.00407680638661724,"deseq2",0.00407680638661724,-5.58643198148832,TRUE,NA,NA,TRUE,FALSE,FALSE,TRUE,FALSE,FALSE,1,TRUE,FALSE,FALSE,"DESeq2 only",0.00266997365276987,0,"control",0.00266997365276987,"Bacteria","Proteobacteria","Alphaproteobacteria","Puniceispirillales","SAR116 clade",NA,NA,NA,2.38967991332596
"ASV324","DESeq2",42.4478931367995,-5.45520155624963,1.63553129381149,-3.33543267726563,0.000851667727599226,0.00468417250179575,"deseq2",0.00468417250179575,-5.45520155624963,TRUE,NA,NA,TRUE,FALSE,FALSE,TRUE,FALSE,FALSE,1,TRUE,FALSE,FALSE,"DESeq2 only",0.00243753752275293,0,"control",0.00243753752275293,"Bacteria","Proteobacteria","Gammaproteobacteria","Pseudomonadales","SAR86 clade",NA,NA,NA,2.32936711974858
"ASV34","DESeq2",252.673976274268,0.0147296442027132,0.222155200620209,0.0663037886364333,0.947135966968909,0.962986223600551,"deseq2",0.962986223600551,0.0147296442027132,FALSE,NA,NA,FALSE,FALSE,FALSE,FALSE,FALSE,FALSE,0,FALSE,FALSE,FALSE,"DESeq2 only",0.0113343188764296,0.00587084148727984,"control",0.0113343188764296,"Bacteria","Proteobacteria","Alphaproteobacteria","SAR11 clade","Clade IV",NA,NA,NA,0.0163799258111428
"ASV345","DESeq2",28.5554154176447,-4.98929500859363,1.64542494514852,-3.0321825392069,0.00242792332832813,0.00869535331540773,"deseq2",0.00869535331540773,-4.98929500859363,TRUE,NA,NA,TRUE,FALSE,FALSE,TRUE,FALSE,FALSE,1,TRUE,FALSE,FALSE,"DESeq2 only",0.00168193803904208,0,"control",0.00168193803904208,"Bacteria","Proteobacteria","Alphaproteobacteria","Puniceispirillales","SAR116 clade",NA,NA,NA,2.06071276675908
"ASV346","DESeq2",98.6906368111597,2.93844607734513,0.292493236604492,10.0518231542223,9.0183288147557e-24,6.94411318736189e-22,"deseq2",6.94411318736189e-22,2.93844607734513,TRUE,NA,NA,TRUE,FALSE,FALSE,TRUE,FALSE,FALSE,1,TRUE,FALSE,FALSE,"DESeq2 only",0.00188483812527705,0.00749231199329047,"contrast",0.00749231199329047,"Archaea","Crenarchaeota","Nitrososphaeria","Nitrosopumilales","Nitrosopumilaceae","Candidatus Nitrosopumilus",NA,"Candidatus Nitrosopumilus",21.1583832088791
"ASV347","DESeq2",29.7550365283956,-1.10205616063616,1.95221855154204,-1.16160896507418,0.245394338816158,0.313686382685762,"deseq2",0.313686382685762,-1.10205616063616,FALSE,NA,NA,FALSE,FALSE,FALSE,FALSE,FALSE,FALSE,0,FALSE,FALSE,FALSE,"DESeq2 only",0.00125592084684501,0,"control",0.00125592084684501,"Bacteria","Proteobacteria","Gammaproteobacteria","Enterobacterales","Alteromonadaceae","Alteromonas","genovensis","Alteromonas",0.503504333877306
"ASV357","DESeq2",76.5421603139843,6.54427190421181,2.01098442597429,2.78597966218335,0.00533662198563269,0.0133470355357698,"deseq2",0.0133470355357698,6.54427190421181,TRUE,NA,NA,TRUE,FALSE,FALSE,TRUE,FALSE,TRUE,2,TRUE,FALSE,TRUE,"DESeq2 + LEfSe",0,0.00883421861895443,"contrast",0.00883421861895443,"Bacteria","Bacteroidota","Bacteroidia","Flavobacteriales","Flavobacteriaceae","Dokdonia",NA,"Dokdonia",1.87461518324487
"ASV358","DESeq2",24.4384449436847,-4.80659102244385,1.63931679593098,-2.93211501463802,0.00336662041107776,0.00988237256356216,"deseq2",0.00988237256356216,-4.80659102244385,TRUE,NA,NA,TRUE,FALSE,FALSE,TRUE,FALSE,FALSE,1,TRUE,FALSE,FALSE,"DESeq2 only",0.00135619719778839,0,"control",0.00135619719778839,"Bacteria","Proteobacteria","Alphaproteobacteria","SAR11 clade","Clade I","Clade Ia",NA,"Clade Ia",2.00513877731877
"ASV361","DESeq2",30.0655801162571,0.821732224505396,0.47808283712899,1.7214673542517,0.0851660511941513,0.144127163559333,"deseq2",0.144127163559333,0.821732224505396,FALSE,NA,NA,FALSE,FALSE,FALSE,FALSE,FALSE,FALSE,0,FALSE,FALSE,FALSE,"DESeq2 only",0.00114937326099855,0.0010623427453173,"control",0.00114937326099855,"Bacteria","Proteobacteria","Alphaproteobacteria","SAR11 clade","Clade I","Clade Ib",NA,"Clade Ib",0.841254160253519
"ASV37","DESeq2",270.260320570941,1.54293069263122,0.480400718133647,3.21225652841944,0.00131696722936466,0.0061458470703684,"deseq2",0.0061458470703684,1.54293069263122,TRUE,NA,NA,TRUE,FALSE,FALSE,TRUE,FALSE,FALSE,1,TRUE,FALSE,FALSE,"DESeq2 only",0.00850012609739034,0.0132513279284316,"contrast",0.0132513279284316,"Bacteria","Cyanobacteria","Cyanobacteriia","Synechococcales","Cyanobiaceae","Synechococcus CC9902",NA,"Synechococcus CC9902",2.21141825067278
"ASV375","DESeq2",21.0167502927533,-1.59579622053604,1.13772022010471,-1.37963157363865,0.167700110883954,0.24136277641242,"deseq2",0.24136277641242,-1.59579622053604,FALSE,NA,NA,FALSE,FALSE,FALSE,FALSE,FALSE,FALSE,0,FALSE,FALSE,FALSE,"DESeq2 only",0.00118747497200214,0.000167738328207996,"control",0.00118747497200214,"Bacteria","Proteobacteria","Gammaproteobacteria","Pseudomonadales","Porticoccaceae","SAR92 clade",NA,"SAR92 clade",0.617329707085395
"ASV376","DESeq2",30.9588103648949,-5.08112588903261,1.64439960071059,-3.0899288253438,0.0020020446531257,0.00811354938371994,"deseq2",0.00811354938371994,-5.08112588903261,TRUE,NA,NA,TRUE,FALSE,FALSE,TRUE,FALSE,FALSE,1,TRUE,FALSE,FALSE,"DESeq2 only",0.00180919510353783,0,"control",0.00180919510353783,"Bacteria","Proteobacteria","Alphaproteobacteria","Rhodospirillales","AEGEAN-169 marine group",NA,NA,NA,2.09078911612864
"ASV378","DESeq2",45.8073781038621,0.436225328409404,0.414372810881737,1.05343739260994,0.292140574105969,0.357060701685073,"deseq2",0.357060701685073,0.436225328409404,FALSE,NA,NA,FALSE,FALSE,FALSE,FALSE,FALSE,FALSE,0,FALSE,FALSE,FALSE,"DESeq2 only",0.001962971718795,0.00134190662566396,"control",0.001962971718795,"Bacteria","Proteobacteria","Alphaproteobacteria","SAR11 clade","Clade II",NA,NA,NA,0.447257945888122
"ASV379","DESeq2",31.6426168817354,-0.306286229312072,0.523531474812611,-0.58440521752092,0.558947717274977,0.619265816261486,"deseq2",0.619265816261486,-0.306286229312072,FALSE,NA,NA,FALSE,FALSE,FALSE,FALSE,FALSE,FALSE,0,FALSE,FALSE,FALSE,"DESeq2 only",0.0015154689431228,0.00061504053676265,"control",0.0015154689431228,"Bacteria","Proteobacteria","Alphaproteobacteria","Parvibaculales","OCS116 clade",NA,NA,NA,0.208122892570354
"ASV383","DESeq2",74.4376429657872,-2.41091871158759,1.98898630065178,-1.93734740519003,0.0527028911350316,0.105405782270063,"deseq2",0.105405782270063,-2.41091871158759,FALSE,NA,NA,FALSE,FALSE,FALSE,FALSE,FALSE,FALSE,0,FALSE,FALSE,FALSE,"DESeq2 only",0.00322634344244708,0,"control",0.00322634344244708,"Bacteria","Proteobacteria","Gammaproteobacteria","Pseudomonadales","Saccharospirillaceae","Oleispira",NA,"Oleispira",0.977135564274316
"ASV384","DESeq2",45.7653812681604,0.624077517415183,2.01081579567975,0.294976824977817,0.768011583424364,0.80458356358743,"deseq2",0.80458356358743,0.624077517415183,FALSE,NA,NA,FALSE,FALSE,FALSE,FALSE,FALSE,FALSE,0,FALSE,FALSE,FALSE,"DESeq2 only",0.00146284042726407,0.00190103438635728,"contrast",0.00190103438635728,"Bacteria","Proteobacteria","Gammaproteobacteria","Enterobacterales","Alteromonadaceae",NA,NA,NA,0.0944288436466772
"ASV386","DESeq2",45.7366089813,-5.52154757395649,1.63438927786864,-3.36431072557978,0.000767350973642135,0.00454507884388034,"deseq2",0.00454507884388034,-5.52154757395649,TRUE,NA,NA,TRUE,FALSE,FALSE,TRUE,FALSE,FALSE,1,TRUE,FALSE,FALSE,"DESeq2 only",0.002573611397352,0,"control",0.002573611397352,"Bacteria","Cyanobacteria","Cyanobacteriia","Synechococcales","Cyanobiaceae","Synechococcus CC9902",NA,"Synechococcus CC9902",2.3424585786323
"ASV39","DESeq2",165.757344617736,0.638928174767972,0.236191525779773,2.70577788699939,0.00681446074433738,0.0156630888750441,"deseq2",0.0156630888750441,0.638928174767972,TRUE,NA,NA,TRUE,FALSE,FALSE,TRUE,FALSE,FALSE,1,TRUE,FALSE,FALSE,"DESeq2 only",0.00674282796349386,0.00536762650265586,"control",0.00674282796349386,"Bacteria","Actinobacteriota","Acidimicrobiia","Actinomarinales","Actinomarinaceae","Candidatus Actinomarina",NA,"Candidatus Actinomarina",1.80512258780149
"ASV393","DESeq2",33.8662901380564,-5.16904418003771,1.65017154833732,-3.13237875657327,0.00173396027237961,0.00741749672073501,"deseq2",0.00741749672073501,-5.16904418003771,TRUE,NA,NA,TRUE,FALSE,FALSE,TRUE,FALSE,FALSE,1,TRUE,FALSE,FALSE,"DESeq2 only",0.00200712916383233,0,"control",0.00200712916383233,"Bacteria","Proteobacteria","Gammaproteobacteria","Pseudomonadales","SAR86 clade",NA,NA,NA,2.12974263701207
"ASV399","DESeq2",41.0020464338282,-5.41130552291505,1.63509943910796,-3.3094833710001,0.000934683180595866,0.00496348999350908,"deseq2",0.00496348999350908,-5.41130552291505,TRUE,NA,NA,TRUE,FALSE,FALSE,TRUE,FALSE,FALSE,1,TRUE,FALSE,FALSE,"DESeq2 only",0.00230770111536788,0,"control",0.00230770111536788,"Bacteria","Proteobacteria","Alphaproteobacteria","SAR11 clade","Clade II",NA,NA,NA,2.30421284932958
"ASV4","DESeq2",1613.75124295238,-3.68863116952999,0.368705416971888,-9.98256353401238,1.81710331929858e-23,9.32779703906602e-22,"deseq2",9.32779703906602e-22,-3.68863116952999,TRUE,NA,NA,TRUE,FALSE,FALSE,TRUE,FALSE,FALSE,1,TRUE,FALSE,FALSE,"DESeq2 only",0.0900239424724802,0.00346659211629857,"control",0.0900239424724802,"Bacteria","Cyanobacteria","Cyanobacteriia","Synechococcales","Cyanobiaceae","Synechococcus CC9902",NA,"Synechococcus CC9902",21.0302209121748
"ASV40","DESeq2",290.303681900561,0.686730519592193,0.305307605632018,2.24961572042831,0.0244733496579487,0.0530830401031563,"deseq2",0.0530830401031563,0.686730519592193,FALSE,NA,NA,FALSE,FALSE,FALSE,FALSE,FALSE,FALSE,0,FALSE,FALSE,FALSE,"DESeq2 only",0.0114131737649073,0.00961699748392508,"control",0.0114131737649073,"Bacteria","Proteobacteria","Alphaproteobacteria","SAR11 clade","Clade I","Clade Ib",NA,"Clade Ib",1.27504421274398
"ASV402","DESeq2",35.1950218956552,-3.24870680396932,1.91679973683846,-1.95308900998756,0.0508090489892786,0.102955178215117,"deseq2",0.102955178215117,-3.24870680396932,FALSE,NA,NA,FALSE,FALSE,FALSE,FALSE,FALSE,FALSE,0,FALSE,FALSE,FALSE,"DESeq2 only",0.00219522975857271,0,"control",0.00219522975857271,"Bacteria","Proteobacteria","Alphaproteobacteria","SAR11 clade","Clade I","Clade Ia",NA,"Clade Ia",0.987351805299509
"ASV412","DESeq2",27.4679498973702,-4.94147111887153,1.63773669206408,-3.01730218845308,0.00255035431846358,0.00872787922318648,"deseq2",0.00872787922318648,-4.94147111887153,TRUE,NA,NA,TRUE,FALSE,FALSE,TRUE,FALSE,FALSE,1,TRUE,FALSE,FALSE,"DESeq2 only",0.00150777412910728,0,"control",0.00150777412910728,"Bacteria","Proteobacteria","Alphaproteobacteria","SAR11 clade","Clade I","Clade Ib",NA,"Clade Ib",2.05909127216611
"ASV416","DESeq2",36.8618021714645,-5.17109662127281,1.67350669820186,-3.07275513024596,0.00212092446277447,0.00827881698567718,"deseq2",0.00827881698567718,-5.17109662127281,TRUE,NA,NA,TRUE,FALSE,FALSE,TRUE,FALSE,FALSE,1,TRUE,FALSE,FALSE,"DESeq2 only",0.0019767668038993,0,"control",0.0019767668038993,"Bacteria","Proteobacteria","Alphaproteobacteria","SAR11 clade","Clade IV",NA,NA,NA,2.08203171796139
"ASV42","DESeq2",25.0199764157795,-2.62278284937683,1.97131635575958,-1.65150395833961,0.0986357131601703,0.157987229810131,"deseq2",0.157987229810131,-2.62278284937683,FALSE,NA,NA,FALSE,FALSE,FALSE,FALSE,FALSE,FALSE,0,FALSE,FALSE,FALSE,"DESeq2 only",0.00115675636247541,0,"control",0.00115675636247541,"Bacteria","Proteobacteria","Gammaproteobacteria","Pseudomonadales","Marinomonadaceae","Marinomonas",NA,"Marinomonas",0.80137801587552
"ASV420","DESeq2",25.3293228955504,-1.18781894648803,1.96875192946886,-1.15897132866364,0.246467872110241,0.313686382685762,"deseq2",0.313686382685762,-1.18781894648803,FALSE,NA,NA,FALSE,FALSE,FALSE,FALSE,FALSE,FALSE,0,FALSE,FALSE,FALSE,"DESeq2 only",0.00166648538354575,0,"control",0.00166648538354575,"Bacteria","Proteobacteria","Alphaproteobacteria","SAR11 clade","Clade I","Clade Ia",NA,"Clade Ia",0.503504333877306
"ASV424","DESeq2",35.4096277392365,1.32381779137733,2.00502357164475,0.611624302712038,0.540786355112818,0.606866869358225,"deseq2",0.606866869358225,1.32381779137733,FALSE,NA,NA,FALSE,FALSE,FALSE,FALSE,FALSE,FALSE,0,FALSE,FALSE,FALSE,"DESeq2 only",0.00075310306155392,0.00223651104277327,"contrast",0.00223651104277327,"Bacteria","Proteobacteria","Alphaproteobacteria","Rhodobacterales","Rhodobacteraceae","Pseudophaeobacter","arcticus","Pseudophaeobacter",0.216906571271523
"ASV437","DESeq2",23.141275957536,-4.690116207207,1.67268801299423,-2.80379800903469,0.00505045346299703,0.0130205240707114,"deseq2",0.0130205240707114,-4.690116207207,TRUE,NA,NA,TRUE,FALSE,FALSE,TRUE,FALSE,FALSE,1,TRUE,FALSE,FALSE,"DESeq2 only",0.00138844012752246,0,"control",0.00138844012752246,"Bacteria","Proteobacteria","Alphaproteobacteria","Rhodobacterales","Rhodobacteraceae",NA,NA,NA,1.88537153524267
"ASV448","DESeq2",66.7502731351374,3.20691767976332,1.9707255003586,1.47510022598671,0.140185599716261,0.20959788695441,"deseq2",0.20959788695441,3.20691767976332,FALSE,NA,NA,FALSE,FALSE,FALSE,FALSE,FALSE,TRUE,1,TRUE,FALSE,TRUE,"DESeq2 + LEfSe",0.000536057992620639,0.00676544590438915,"contrast",0.00676544590438915,"Bacteria","Bacteroidota","Bacteroidia","Flavobacteriales","Flavobacteriaceae","NS3a marine group",NA,"NS3a marine group",0.678613099973929
"ASV45","DESeq2",224.859102497478,-0.15313821032571,0.31065347914965,-0.49292408998447,0.622066225003963,0.665265268407016,"deseq2",0.665265268407016,-0.15313821032571,FALSE,NA,NA,FALSE,FALSE,FALSE,FALSE,FALSE,FALSE,0,FALSE,FALSE,FALSE,"DESeq2 only",0.0102214889872472,0.00475258596589321,"control",0.0102214889872472,"Bacteria","Proteobacteria","Alphaproteobacteria","SAR11 clade","Clade I","Clade Ib",NA,"Clade Ib",0.177005149232311
"ASV464","DESeq2",55.8215121254652,0.484353241288685,0.54820933091014,0.883995120372674,0.376698846962629,0.442836812459885,"deseq2",0.442836812459885,0.484353241288685,FALSE,NA,NA,FALSE,FALSE,FALSE,FALSE,FALSE,FALSE,0,FALSE,FALSE,FALSE,"DESeq2 only",0.00237355050203246,0.00167738328207996,"control",0.00237355050203246,"Bacteria","Actinobacteriota","Acidimicrobiia","Actinomarinales","Actinomarinaceae","Candidatus Actinomarina",NA,"Candidatus Actinomarina",0.353756283945829
"ASV466","DESeq2",22.2982440291102,-4.66517570984519,1.6646747604317,-2.80236581674505,0.00507293145612133,0.0130205240707114,"deseq2",0.0130205240707114,-4.66517570984519,TRUE,NA,NA,TRUE,FALSE,FALSE,TRUE,FALSE,FALSE,1,TRUE,FALSE,FALSE,"DESeq2 only",0.00133320594421866,0,"control",0.00133320594421866,"Bacteria","Proteobacteria","Alphaproteobacteria","Rhodobacterales","Rhodobacteraceae",NA,NA,NA,1.88537153524267
"ASV47","DESeq2",170.759547149809,0.210678307095236,0.374655108624351,0.562379567969456,0.573857436904934,0.631243180595428,"deseq2",0.631243180595428,0.210678307095236,FALSE,NA,NA,FALSE,FALSE,FALSE,FALSE,FALSE,FALSE,0,FALSE,FALSE,FALSE,"DESeq2 only",0.00729158611358955,0.00441710930947722,"control",0.00729158611358955,"Bacteria","Proteobacteria","Alphaproteobacteria","SAR11 clade","Clade I","Clade Ib",NA,"Clade Ib",0.199803300589358
"ASV488","DESeq2",79.1183931057228,-1.11389665524528,1.95428717441022,-1.41864391769945,0.156002855171525,0.228804187584903,"deseq2",0.228804187584903,-1.11389665524528,FALSE,NA,NA,FALSE,FALSE,FALSE,FALSE,FALSE,FALSE,0,FALSE,FALSE,FALSE,"DESeq2 only",0.00363549465672692,0,"control",0.00363549465672692,"Bacteria","Proteobacteria","Gammaproteobacteria","Enterobacterales","Colwelliaceae","Litorilituus",NA,"Litorilituus",0.640536031328431
"ASV49","DESeq2",147.427575325862,-5.12321408720094,1.7432925237263,-2.99139381524846,0.00277707099897175,0.00890976945503436,"deseq2",0.00890976945503436,-5.12321408720094,TRUE,NA,NA,TRUE,FALSE,FALSE,TRUE,FALSE,FALSE,1,TRUE,FALSE,FALSE,"DESeq2 only",0.00681469336315675,0,"control",0.00681469336315675,"Bacteria","Proteobacteria","Gammaproteobacteria","Enterobacterales","Colwelliaceae","Colwellia",NA,"Colwellia",2.05013353341563
"ASV494","DESeq2",22.825857739297,-3.22942867370422,1.9133232970977,-1.82988075666139,0.0672677715423151,0.122337868385153,"deseq2",0.122337868385153,-3.22942867370422,FALSE,NA,NA,FALSE,FALSE,FALSE,FALSE,FALSE,FALSE,0,FALSE,FALSE,FALSE,"DESeq2 only",0.00141482525140415,0,"control",0.00141482525140415,"Bacteria","Proteobacteria","Alphaproteobacteria","Rhodospirillales","AEGEAN-169 marine group",NA,NA,NA,0.912439090918735
"ASV5","DESeq2",1076.38187511453,1.5276398937723,0.215613128377955,7.08546990312708,1.38573284813225e-12,3.55671431020611e-11,"deseq2",3.55671431020611e-11,1.5276398937723,TRUE,NA,NA,TRUE,FALSE,FALSE,TRUE,FALSE,FALSE,1,TRUE,FALSE,FALSE,"DESeq2 only",0.0351984319441902,0.0521107072966173,"contrast",0.0521107072966173,"Bacteria","Proteobacteria","Alphaproteobacteria","SAR11 clade","Clade II",NA,NA,NA,10.4489510177166
"ASV50","DESeq2",290.694257052376,-1.1192462731723,1.95520162407761,-4.03351043824845,5.49497386177689e-05,0.000497779985125671,"deseq2",0.000497779985125671,-1.1192462731723,TRUE,NA,NA,TRUE,FALSE,FALSE,TRUE,FALSE,FALSE,1,TRUE,FALSE,FALSE,"DESeq2 only",0.013735447551758,0,"control",0.013735447551758,"Bacteria","Proteobacteria","Alphaproteobacteria","Rhodobacterales","Rhodobacteraceae","Pseudophaeobacter",NA,"Pseudophaeobacter",3.30296256960815
"ASV500","DESeq2",18.9713886469306,-3.19683798307949,1.91380849547465,-1.77455095992246,0.0759720606772218,0.132951106185138,"deseq2",0.132951106185138,-3.19683798307949,FALSE,NA,NA,FALSE,FALSE,FALSE,FALSE,FALSE,FALSE,0,FALSE,FALSE,FALSE,"DESeq2 only",0.0012096392041108,0,"control",0.0012096392041108,"Bacteria","Proteobacteria","Gammaproteobacteria","Pseudomonadales","SAR86 clade",NA,NA,NA,0.876308044882976
"ASV506","DESeq2",36.0139021448886,1.81119628826513,1.99423106388373,0.835769874556009,0.403284377226146,0.466960857840801,"deseq2",0.466960857840801,1.81119628826513,FALSE,NA,NA,FALSE,FALSE,FALSE,FALSE,FALSE,FALSE,0,FALSE,FALSE,FALSE,"DESeq2 only",0.000812673254729682,0.00273972602739726,"contrast",0.00273972602739726,"Bacteria","Bacteroidota","Bacteroidia","Flavobacteriales","Flavobacteriaceae","Aurantivirga",NA,"Aurantivirga",0.330719521866853
"ASV507","DESeq2",26.2247323289,-1.17448568577307,1.96641289084926,-1.16216724327337,0.245167537568817,0.313686382685762,"deseq2",0.313686382685762,-1.17448568577307,FALSE,NA,NA,FALSE,FALSE,FALSE,FALSE,FALSE,FALSE,0,FALSE,FALSE,FALSE,"DESeq2 only",0.00157112733863353,0,"control",0.00157112733863353,"Bacteria","Proteobacteria","Alphaproteobacteria","SAR11 clade","Clade I","Clade Ia",NA,"Clade Ia",0.503504333877306
"ASV51","DESeq2",225.515858011206,1.2490064594893,0.290790899415974,4.2962285960121,1.73728434771577e-05,0.00020580137657556,"deseq2",0.00020580137657556,1.2490064594893,TRUE,NA,NA,TRUE,FALSE,FALSE,TRUE,FALSE,FALSE,1,TRUE,FALSE,FALSE,"DESeq2 only",0.00807482757158932,0.00972882303606374,"contrast",0.00972882303606374,"Bacteria","Proteobacteria","Alphaproteobacteria","SAR11 clade","Clade I","Clade Ib",NA,"Clade Ib",3.68655172463107
"ASV53","DESeq2",161.779898693147,-2.27916142076237,1.99697693421799,-2.15486810514083,0.0311721568979296,0.0666737800316828,"deseq2",0.0666737800316828,-2.27916142076237,FALSE,NA,NA,FALSE,FALSE,FALSE,FALSE,FALSE,FALSE,0,FALSE,FALSE,FALSE,"DESeq2 only",0.00720597183696095,0,"control",0.00720597183696095,"Bacteria","Proteobacteria","Gammaproteobacteria","Enterobacterales","Colwelliaceae","Colwellia",NA,"Colwellia",1.17604492210011
"ASV536","DESeq2",186.026516206139,11.4561131257096,1.18202309410213,9.66348764175225,4.30937714013311e-22,1.65911019895125e-20,"deseq2",1.65911019895125e-20,11.4561131257096,TRUE,NA,NA,TRUE,FALSE,FALSE,TRUE,FALSE,TRUE,2,TRUE,FALSE,TRUE,"DESeq2 + LEfSe",0,0.0214705060106234,"contrast",0.0214705060106234,"Bacteria","Proteobacteria","Gammaproteobacteria","Enterobacterales","Psychromonadaceae","Agarivorans","albus","Agarivorans",19.7801247669551
"ASV549","DESeq2",21.0838903520691,-1.22348019376425,1.97469125088813,-1.12611289591864,0.260117736158306,0.325041323780953,"deseq2",0.325041323780953,-1.22348019376425,FALSE,NA,NA,FALSE,FALSE,FALSE,FALSE,FALSE,FALSE,0,FALSE,FALSE,FALSE,"DESeq2 only",0.00140331701480334,0,"control",0.00140331701480334,"Bacteria","Proteobacteria","Gammaproteobacteria","Pseudomonadales","SAR86 clade",NA,NA,NA,0.488061421946743
"ASV56","DESeq2",92.5410053182322,-2.0021538438392,0.461681776668053,-4.30393450098623,1.67791288767091e-05,0.00020580137657556,"deseq2",0.00020580137657556,-2.0021538438392,TRUE,NA,NA,TRUE,FALSE,FALSE,TRUE,FALSE,FALSE,1,TRUE,FALSE,FALSE,"DESeq2 only",0.00492701514664878,0.00061504053676265,"control",0.00492701514664878,"Archaea","Crenarchaeota","Nitrososphaeria","Nitrosopumilales","Nitrosopumilaceae","Candidatus Nitrosopelagicus",NA,"Candidatus Nitrosopelagicus",3.68655172463107
"ASV584","DESeq2",49.7793626112207,1.63724781621577,0.391046539153012,4.19182164479622,2.76723511515314e-05,0.000304395862666846,"deseq2",0.000304395862666846,1.63724781621577,TRUE,NA,NA,TRUE,FALSE,FALSE,TRUE,FALSE,FALSE,1,TRUE,FALSE,FALSE,"DESeq2 only",0.00154868498311598,0.00251607492311993,"contrast",0.00251607492311993,"Bacteria","Proteobacteria","Alphaproteobacteria","SAR11 clade","Clade I","Clade Ib",NA,"Clade Ib",3.51656125476996
"ASV591","DESeq2",21.1667478054851,-4.65227180616723,1.63605166573681,-2.84363318120622,0.00446023645680967,0.0118426967991153,"deseq2",0.0118426967991153,-4.65227180616723,TRUE,NA,NA,TRUE,FALSE,FALSE,TRUE,FALSE,FALSE,1,TRUE,FALSE,FALSE,"DESeq2 only",0.00118844366493565,0,"control",0.00118844366493565,"Bacteria","Proteobacteria","Alphaproteobacteria","SAR11 clade","Clade I","Clade Ib",NA,"Clade Ib",1.92654938953776
"ASV6","DESeq2",1089.21621513943,0.511205040377996,0.214071705439344,2.3880789260097,0.0169367040769387,0.0372607489692652,"deseq2",0.0372607489692652,0.511205040377996,TRUE,NA,NA,TRUE,FALSE,FALSE,TRUE,FALSE,FALSE,1,TRUE,FALSE,FALSE,"DESeq2 only",0.0454853066637312,0.0330444506569751,"control",0.0454853066637312,"Bacteria","Proteobacteria","Alphaproteobacteria","SAR11 clade","Clade I","Clade Ia",NA,"Clade Ia",1.42874841970414
"ASV60","DESeq2",89.6567968821762,-0.144602865934066,0.536385359527357,-0.269551179443897,0.787505563533614,0.813931924726018,"deseq2",0.813931924726018,-0.144602865934066,FALSE,NA,NA,FALSE,FALSE,FALSE,FALSE,FALSE,FALSE,0,FALSE,FALSE,FALSE,"DESeq2 only",0.00401695168879556,0.00190103438635728,"control",0.00401695168879556,"Bacteria","Marinimicrobia (SAR406 clade)",NA,NA,NA,NA,NA,NA,0.0894119169193616
"ASV609","DESeq2",31.2505976819949,-3.23639374361298,1.91675950770669,-1.91500045944231,0.0554924450179757,0.106626997283966,"deseq2",0.106626997283966,-3.23639374361298,FALSE,NA,NA,FALSE,FALSE,FALSE,FALSE,FALSE,FALSE,0,FALSE,FALSE,FALSE,"DESeq2 only",0.00199121783089317,0,"control",0.00199121783089317,"Bacteria","Proteobacteria","Alphaproteobacteria","Puniceispirillales","SAR116 clade",NA,NA,NA,0.972132820759649
"ASV617","DESeq2",27.2346973807377,-2.70397293747966,1.96513823895412,-1.7025869374182,0.0886453963155454,0.147120334866495,"deseq2",0.147120334866495,-2.70397293747966,FALSE,NA,NA,FALSE,FALSE,FALSE,FALSE,FALSE,FALSE,0,FALSE,FALSE,FALSE,"DESeq2 only",0.00129317492647148,0,"control",0.00129317492647148,"Bacteria","Proteobacteria","Alphaproteobacteria","SAR11 clade","Clade II",NA,NA,NA,0.832327295253765
"ASV637","DESeq2",20.2346240423627,-4.57263510251073,1.64972044306073,-2.77181467913021,0.00557447628995598,0.0136264975976702,"deseq2",0.0136264975976702,-4.57263510251073,TRUE,NA,NA,TRUE,FALSE,FALSE,TRUE,FALSE,FALSE,1,TRUE,FALSE,FALSE,"DESeq2 only",0.00111394403978569,0,"control",0.00111394403978569,"Bacteria","Proteobacteria","Alphaproteobacteria","SAR11 clade","Clade IV",NA,NA,NA,1.86561575601187
"ASV64","DESeq2",130.842768029054,4.12826213169065,0.690526069917396,5.97646285736667,2.28034514785453e-09,4.38966440961997e-08,"deseq2",4.38966440961997e-08,4.12826213169065,TRUE,NA,NA,TRUE,FALSE,FALSE,TRUE,FALSE,FALSE,1,TRUE,FALSE,FALSE,"DESeq2 only",0.00122883313078532,0.012468549063461,"contrast",0.012468549063461,"Bacteria","Planctomycetota","Planctomycetes","Pirellulales","Pirellulaceae",NA,NA,NA,7.35756868035496
"ASV65","DESeq2",18.8865666753395,-4.46904546462541,1.67043545194964,-2.67525218605935,0.00746730561242009,0.0169112509457749,"deseq2",0.0169112509457749,-4.46904546462541,TRUE,NA,NA,TRUE,FALSE,FALSE,TRUE,FALSE,FALSE,1,TRUE,FALSE,FALSE,"DESeq2 only",0.0011373896805688,0,"control",0.0011373896805688,"Bacteria","Proteobacteria","Alphaproteobacteria","Rhodobacterales","Rhodobacteraceae","Ascidiaceihabitans",NA,"Ascidiaceihabitans",1.77182426592365
"ASV658","DESeq2",20.8883869090636,-1.66188246397644,0.856036194138103,-1.90000953808605,0.0574318679447697,0.107859849554811,"deseq2",0.107859849554811,-1.66188246397644,FALSE,NA,NA,FALSE,FALSE,FALSE,FALSE,FALSE,FALSE,0,FALSE,FALSE,FALSE,"DESeq2 only",0.00112650486036228,0.000167738328207996,"control",0.00112650486036228,"Bacteria","Bacteroidota","Bacteroidia","Flavobacteriales","NS7 marine group",NA,NA,NA,0.967140189810521
"ASV66","DESeq2",110.729418253596,5.86366279179378,1.40062697305081,4.10298674446745,4.07850625161294e-05,0.000418726641832262,"deseq2",0.000418726641832262,5.86366279179378,TRUE,NA,NA,TRUE,FALSE,FALSE,TRUE,FALSE,FALSE,1,TRUE,FALSE,FALSE,"DESeq2 only",0.000205502480157111,0.012300810735253,"contrast",0.012300810735253,"Bacteria","Proteobacteria","Gammaproteobacteria","Enterobacterales","Vibrionaceae","Vibrio",NA,"Vibrio",3.37806940588058
"ASV67","DESeq2",63.7216396817762,-1.1121440252232,1.95398481125202,-1.36181317994843,0.173256851041537,0.247051435744414,"deseq2",0.247051435744414,-1.1121440252232,FALSE,NA,NA,FALSE,FALSE,FALSE,FALSE,FALSE,FALSE,0,FALSE,FALSE,FALSE,"DESeq2 only",0.0032637447023726,0,"control",0.0032637447023726,"Bacteria","Proteobacteria","Gammaproteobacteria","Enterobacterales","Alteromonadaceae","Glaciecola",NA,"Glaciecola",0.607212617856068
"ASV69","DESeq2",45.0949584562616,2.25202428002536,0.352443048671874,6.3980007147444,1.5742455105977e-10,3.46334012331493e-09,"deseq2",3.46334012331493e-09,2.25202428002536,TRUE,NA,NA,TRUE,FALSE,FALSE,TRUE,FALSE,FALSE,1,TRUE,FALSE,FALSE,"DESeq2 only",0.00117153492489428,0.00285155157953592,"contrast",0.00285155157953592,"Bacteria","Proteobacteria","Alphaproteobacteria","Rhodospirillales","AEGEAN-169 marine group",NA,NA,NA,8.46050485571437
"ASV71","DESeq2",46.3212308983471,-0.0151273667387059,0.805045197524888,-0.0187899124773932,0.985008701080667,0.985008701080667,"deseq2",0.985008701080667,-0.0151273667387059,FALSE,NA,NA,FALSE,FALSE,FALSE,FALSE,FALSE,FALSE,0,FALSE,FALSE,FALSE,"DESeq2 only",0.00223866269551882,0.0010623427453173,"control",0.00223866269551882,"Bacteria","Proteobacteria","Gammaproteobacteria","Pseudomonadales","SAR86 clade",NA,NA,NA,0.00655993314235777
"ASV72","DESeq2",148.202974844394,-1.08430698398121,0.358332260605865,-3.02203479290782,0.00251081687014429,0.00872787922318648,"deseq2",0.00872787922318648,-1.08430698398121,TRUE,NA,NA,TRUE,FALSE,FALSE,TRUE,FALSE,FALSE,1,TRUE,FALSE,FALSE,"DESeq2 only",0.00738288071955279,0.00178920883421862,"control",0.00738288071955279,"Bacteria","Proteobacteria","Alphaproteobacteria","Puniceispirillales","SAR116 clade",NA,NA,NA,2.05909127216611
"ASV726","DESeq2",23.6380284801678,-4.76137651973154,1.64173223613073,-2.9002728070527,0.00372838009954583,0.0104394642787283,"deseq2",0.0104394642787283,-4.76137651973154,TRUE,NA,NA,TRUE,FALSE,FALSE,TRUE,FALSE,FALSE,1,TRUE,FALSE,FALSE,"DESeq2 only",0.00128744368585416,0,"control",0.00128744368585416,"Bacteria","Proteobacteria","Alphaproteobacteria","SAR11 clade","Clade II",NA,NA,NA,1.98132178742205
"ASV73","DESeq2",84.3510706442985,0.91745786107838,0.329765715851047,2.78374767906819,0.00537348183907616,0.0133470355357698,"deseq2",0.0133470355357698,0.91745786107838,TRUE,NA,NA,TRUE,FALSE,FALSE,TRUE,FALSE,FALSE,1,TRUE,FALSE,FALSE,"DESeq2 only",0.00326343410074422,0.00313111545988258,"control",0.00326343410074422,"Bacteria","Bacteroidota","Bacteroidia","Flavobacteriales","Flavobacteriaceae","NS5 marine group",NA,"NS5 marine group",1.87461518324487
"ASV74","DESeq2",80.3844905669825,-6.191306103581,1.57722615216216,-3.7894800847175,0.000150962913028051,0.00122402596241879,"deseq2",0.00122402596241879,-6.191306103581,TRUE,NA,NA,TRUE,FALSE,FALSE,TRUE,FALSE,FALSE,1,TRUE,FALSE,FALSE,"DESeq2 only",0.00443854236391731,0,"control",0.00443854236391731,"Bacteria","Proteobacteria","Alphaproteobacteria","SAR11 clade","Clade I","Clade Ib",NA,"Clade Ib",2.91220937041298
"ASV742","DESeq2",24.5690430404625,-4.82021585247485,1.63686433676763,-2.94482057771704,0.00323141993043402,0.0098153122206581,"deseq2",0.0098153122206581,-4.82021585247485,TRUE,NA,NA,TRUE,FALSE,FALSE,TRUE,FALSE,FALSE,1,TRUE,FALSE,FALSE,"DESeq2 only",0.0013629490236369,0,"control",0.0013629490236369,"Bacteria","Bacteroidota","Bacteroidia","Flavobacteriales","Flavobacteriaceae","NS4 marine group",NA,"NS4 marine group",2.00809588113251
"ASV76","DESeq2",39.9170444670693,-4.59663295715743,1.76327638353773,-2.55430013338316,0.0106401496263517,0.0237475803254806,"deseq2",0.0237475803254806,-4.59663295715743,TRUE,NA,NA,TRUE,FALSE,FALSE,TRUE,FALSE,FALSE,1,TRUE,FALSE,FALSE,"DESeq2 only",0.0018379217562823,0,"control",0.0018379217562823,"Bacteria","Proteobacteria","Gammaproteobacteria","Enterobacterales","Colwelliaceae","Colwellia",NA,"Colwellia",1.62438063466338
"ASV782","DESeq2",52.7739249686221,-1.11028355229531,1.95366245572449,-1.3122387245988,0.189439599653401,0.262826111230845,"deseq2",0.262826111230845,-1.11028355229531,FALSE,NA,NA,FALSE,FALSE,FALSE,FALSE,FALSE,FALSE,0,FALSE,FALSE,FALSE,"DESeq2 only",0.00233135548896059,0,"control",0.00233135548896059,"Bacteria","Proteobacteria","Gammaproteobacteria","Pseudomonadales","Saccharospirillaceae",NA,NA,NA,0.580331490709852
"ASV807","DESeq2",24.4037309714121,0.464528451869035,0.490447032933455,0.94841904121115,0.34291616963335,0.409372791655316,"deseq2",0.409372791655316,0.464528451869035,FALSE,NA,NA,FALSE,FALSE,FALSE,FALSE,FALSE,FALSE,0,FALSE,FALSE,FALSE,"DESeq2 only",0.00103743413586945,0.000726866088901314,"control",0.00103743413586945,"Bacteria","Proteobacteria","Alphaproteobacteria","SAR11 clade","Clade II",NA,NA,NA,0.38788102544154
"ASV81","DESeq2",84.1651078310776,-1.11433299074407,1.95436234931407,-1.43489064275543,0.151318262564602,0.224067427259122,"deseq2",0.224067427259122,-1.11433299074407,FALSE,NA,NA,FALSE,FALSE,FALSE,FALSE,FALSE,FALSE,0,FALSE,FALSE,FALSE,"DESeq2 only",0.00389356935715507,0,"control",0.00389356935715507,"Bacteria","Proteobacteria","Alphaproteobacteria","Rhodobacterales","Rhodobacteraceae","Pseudophaeobacter",NA,"Pseudophaeobacter",0.649621272379662
"ASV82","DESeq2",41.3522184879782,0.291815712665858,0.480965731934694,0.607052960447567,0.543815766048279,0.606866869358225,"deseq2",0.606866869358225,0.291815712665858,FALSE,NA,NA,FALSE,FALSE,FALSE,FALSE,FALSE,FALSE,0,FALSE,FALSE,FALSE,"DESeq2 only",0.00178617381580735,0.00111825552138664,"control",0.00178617381580735,"Bacteria","Dadabacteria","Dadabacteriia","Dadabacteriales",NA,NA,NA,NA,0.216906571271523
"ASV85","DESeq2",49.506367771851,-1.08784868558416,1.18706667114609,-0.915176822695345,0.360098810069189,0.426578590389654,"deseq2",0.426578590389654,-1.08784868558416,FALSE,NA,NA,FALSE,FALSE,FALSE,FALSE,FALSE,FALSE,0,FALSE,FALSE,FALSE,"DESeq2 only",0.00278961644035593,0.000559127760693318,"control",0.00278961644035593,"Bacteria","Proteobacteria","Gammaproteobacteria","Pseudomonadales","SAR86 clade",NA,NA,NA,0.37000094520389
"ASV9","DESeq2",502.312371690421,-0.998821362143367,1.97409115080242,-0.545625091893349,0.5853236727237,0.639289685102481,"deseq2",0.639289685102481,-0.998821362143367,FALSE,NA,NA,FALSE,FALSE,FALSE,FALSE,FALSE,FALSE,0,FALSE,FALSE,FALSE,"DESeq2 only",0.0231811651015579,0.0038579815487839,"control",0.0231811651015579,"Bacteria","Proteobacteria","Gammaproteobacteria","Enterobacterales","Alteromonadaceae","Glaciecola",NA,"Glaciecola",0.194302302822844
"ASV916","DESeq2",39.8326151462722,-1.10679986268437,1.95305479995997,-1.23829474501298,0.215606791599432,0.288725616576631,"deseq2",0.288725616576631,-1.10679986268437,FALSE,NA,NA,FALSE,FALSE,FALSE,FALSE,FALSE,FALSE,0,FALSE,FALSE,FALSE,"DESeq2 only",0.00171859091246325,0,"control",0.00171859091246325,"Bacteria","Proteobacteria","Gammaproteobacteria","Pseudomonadales","Saccharospirillaceae",NA,NA,NA,0.539514682540013
"ASV92","DESeq2",29.3119000568355,-5.02506777591576,1.64149492908196,-3.06125666963758,0.00220410062605691,0.00827881698567718,"deseq2",0.00827881698567718,-5.02506777591576,TRUE,NA,NA,TRUE,FALSE,FALSE,TRUE,FALSE,FALSE,1,TRUE,FALSE,FALSE,"DESeq2 only",0.00170609763092198,0,"control",0.00170609763092198,"Bacteria","Verrucomicrobiota","Verrucomicrobiae","Opitutales","Puniceicoccaceae","Coraliomargarita",NA,"Coraliomargarita",2.08203171796139
"ASV95","DESeq2",40.2676736354496,-5.37167516961243,1.6422465295383,-3.27095864019083,0.00107183584940591,0.00550209069361701,"deseq2",0.00550209069361701,-5.37167516961243,TRUE,NA,NA,TRUE,FALSE,FALSE,TRUE,FALSE,FALSE,1,TRUE,FALSE,FALSE,"DESeq2 only",0.00221782752537069,0,"control",0.00221782752537069,"Bacteria","Proteobacteria","Alphaproteobacteria","SAR11 clade","Clade I","Clade Ib",NA,"Clade Ib",2.25947225520174
"ASV954","DESeq2",29.0202932696265,-1.15687031680845,1.96315356666369,-1.18059704797526,0.237762836907129,0.312952793877759,"deseq2",0.312952793877759,-1.15687031680845,FALSE,NA,NA,FALSE,FALSE,FALSE,FALSE,FALSE,FALSE,0,FALSE,FALSE,FALSE,"DESeq2 only",0.00193652598995335,0,"control",0.00193652598995335,"Bacteria","Proteobacteria","Gammaproteobacteria","Pseudomonadales","Halieaceae","OM60(NOR5) clade",NA,"OM60(NOR5) clade",0.504521166940921
"ASV971","DESeq2",19.7768543492646,-1.226891128881,1.97527610883111,-1.11072489472992,0.266686783178377,0.328558116875761,"deseq2",0.328558116875761,-1.226891128881,FALSE,NA,NA,FALSE,FALSE,FALSE,FALSE,FALSE,FALSE,0,FALSE,FALSE,FALSE,"DESeq2 only",0.00128731245561897,0,"control",0.00128731245561897,"Bacteria","Proteobacteria","Alphaproteobacteria","SAR11 clade","Clade I","Clade Ia",NA,"Clade Ia",0.483387799297359
"ASV998","DESeq2",40.7932885664471,1.10285838994935,2.00608027973344,0.513359922290091,0.607699574865819,0.654445696009343,"deseq2",0.654445696009343,1.10285838994935,FALSE,NA,NA,FALSE,FALSE,FALSE,FALSE,FALSE,FALSE,0,FALSE,FALSE,FALSE,"DESeq2 only",0.001322626741154,0.00229242381884261,"contrast",0.00229242381884261,"Bacteria","Proteobacteria","Alphaproteobacteria","SAR11 clade","Clade II",NA,NA,NA,0.184126384104705
