"TaxaID","source","baseMean","log2FoldChange","lfcSE","stat","pvalue","padj","method","adjusted_p_value","score","significant","rab.all","rab.win.control","rab.win.S.2","diff.btw","diff.win","effect","overlap","we.ep","we.eBH","wi.ep","wi.eBH","Names","scores","significant_in_deseq2.x","significant_in_aldex2.x","significant_in_lefse.x","significant_in_deseq2.y","significant_in_aldex2.y","significant_in_lefse.y","n_methods","is_significant","significant_in_aldex2","significant_in_lefse","method_overlap","relab_control","relab_contrast","dominant_group","avg_relab","Kingdom","Phylum","Class","Order","Family","Genus","Species","tax_group","neg_log_p"
"ASV1","DESeq2",2166.04970286356,-0.646034603212868,0.243258017725053,-2.65575872587707,0.00791302070792473,0.0170707862463095,"deseq2",0.0170707862463095,-0.646034603212868,TRUE,NA,NA,NA,NA,NA,NA,NA,NA,NA,NA,NA,NA,NA,TRUE,FALSE,FALSE,TRUE,FALSE,FALSE,1,TRUE,TRUE,FALSE,"DESeq2 + ALDEx2",0.080829856213963,0.0772816247254449,"control",0.080829856213963,"Bacteria","Proteobacteria","Alphaproteobacteria","SAR11 clade","Clade I","Clade Ia",NA,"Clade Ia",1.76774647568843
"ASV1013","DESeq2",51.915115215203,-9.0841932064689,2.65698803925126,-3.41898159580305,0.00062855977682827,0.00174903590073953,"deseq2",0.00174903590073953,-9.0841932064689,TRUE,NA,NA,NA,NA,NA,NA,NA,NA,NA,NA,NA,NA,NA,TRUE,FALSE,FALSE,TRUE,FALSE,FALSE,1,TRUE,TRUE,FALSE,"DESeq2 + ALDEx2",0.00251982079076456,0,"control",0.00251982079076456,"Bacteria","Cyanobacteria","Cyanobacteriia","Synechococcales","Cyanobiaceae","Synechococcus CC9902",NA,"Synechococcus CC9902",2.75720127609419
"ASV1032","DESeq2",17.5194615267493,7.9794044030129,1.15161907119999,6.92885746907468,4.24252972561405e-12,4.07282853658949e-11,"deseq2",4.07282853658949e-11,7.9794044030129,TRUE,NA,NA,NA,NA,NA,NA,NA,NA,NA,NA,NA,NA,NA,TRUE,FALSE,FALSE,TRUE,TRUE,FALSE,2,TRUE,TRUE,FALSE,"DESeq2 + ALDEx2",0,0.00257725948264296,"contrast",0.00257725948264296,"Bacteria","Bacteroidota","Bacteroidia","Cytophagales","Cyclobacteriaceae","Marinoscillum",NA,"Marinoscillum",10.390103873042
"ASV104","DESeq2",118.629771832306,1.26137892311224,0.321806724150462,3.91967857863181,8.86671412985119e-05,0.0002790834611363,"deseq2",0.0002790834611363,1.26137892311224,TRUE,NA,NA,NA,NA,NA,NA,NA,NA,NA,NA,NA,NA,NA,TRUE,FALSE,FALSE,TRUE,TRUE,TRUE,3,TRUE,TRUE,TRUE,"DESeq2 + ALDEx2 + LEfSe",0.0026768482020451,0.00955150938708853,"contrast",0.00955150938708853,"Bacteria","Bacteroidota","Bacteroidia","Flavobacteriales","Flavobacteriaceae","NS2b marine group",NA,"NS2b marine group",3.5542658996277
"ASV1071","DESeq2",20.5064184307929,-0.242276948979914,1.38736772585028,-0.17463066529923,0.861369851398316,0.90373230310643,"deseq2",0.90373230310643,-0.242276948979914,FALSE,NA,NA,NA,NA,NA,NA,NA,NA,NA,NA,NA,NA,NA,FALSE,FALSE,FALSE,FALSE,FALSE,FALSE,0,FALSE,FALSE,FALSE,"DESeq2 only",0.000771779111093099,0.000899866730319451,"contrast",0.000899866730319451,"Bacteria","Proteobacteria","Gammaproteobacteria","Pseudomonadales","Porticoccaceae","SAR92 clade",NA,"SAR92 clade",0.0439601939723496
"ASV108","DESeq2",142.565157613178,-0.512432414603004,0.136061931000597,-3.76617038163861,0.000165770687367772,0.000505205904358924,"deseq2",0.000505205904358924,-0.512432414603004,TRUE,NA,NA,NA,NA,NA,NA,NA,NA,NA,NA,NA,NA,NA,TRUE,FALSE,FALSE,TRUE,FALSE,FALSE,1,TRUE,TRUE,FALSE,"DESeq2 + ALDEx2",0.00502526323510365,0.00543293388749548,"contrast",0.00543293388749548,"Bacteria","Proteobacteria","Alphaproteobacteria","SAR11 clade","Clade I","Clade Ia",NA,"Clade Ia",3.29653158247238
"ASV111","DESeq2",144.014428821984,-2.15478199317201,1.55596388694966,-1.38485347330026,0.1660972761976,0.237990127089098,"deseq2",0.237990127089098,-2.15478199317201,FALSE,NA,NA,NA,NA,NA,NA,NA,NA,NA,NA,NA,NA,NA,FALSE,FALSE,FALSE,FALSE,FALSE,FALSE,0,FALSE,FALSE,FALSE,"DESeq2 only",0.00641035148628548,0.00215760214593943,"control",0.00641035148628548,"Bacteria","Proteobacteria","Gammaproteobacteria","Pseudomonadales","SAR86 clade",NA,NA,NA,0.62344105907652
"ASV113","DESeq2",156.210102167366,-0.180335233798201,0.15508020809423,-1.16285137874348,0.244889807224398,0.326519742965864,"deseq2",0.326519742965864,-0.180335233798201,FALSE,NA,NA,NA,NA,NA,NA,NA,NA,NA,NA,NA,NA,NA,FALSE,FALSE,FALSE,FALSE,FALSE,FALSE,0,FALSE,FALSE,FALSE,"DESeq2 only",0.00513222415700293,0.00703142076289912,"contrast",0.00703142076289912,"Bacteria","Cyanobacteria","Cyanobacteriia","Synechococcales","Cyanobiaceae","Cyanobium PCC-6307",NA,"Cyanobium PCC-6307",0.486090554046165
"ASV115","DESeq2",113.979327080357,1.32078891352159,0.295985828864308,4.46233834433707,8.10700844057416e-06,2.99335696267354e-05,"deseq2",2.99335696267354e-05,1.32078891352159,TRUE,NA,NA,NA,NA,NA,NA,NA,NA,NA,NA,NA,NA,NA,TRUE,FALSE,FALSE,TRUE,TRUE,TRUE,3,TRUE,TRUE,TRUE,"DESeq2 + ALDEx2 + LEfSe",0.00241544796358166,0.00931824336586199,"contrast",0.00931824336586199,"Bacteria","Actinobacteriota","Acidimicrobiia","Actinomarinales","Actinomarinaceae","Candidatus Actinomarina",NA,"Candidatus Actinomarina",4.52384148975006
"ASV116","DESeq2",77.4965322254905,-9.66194793309394,2.9671660343339,-3.25628826337753,0.00112879086360209,0.00296887460015893,"deseq2",0.00296887460015893,-9.66194793309394,TRUE,NA,NA,NA,NA,NA,NA,NA,NA,NA,NA,NA,NA,NA,TRUE,FALSE,FALSE,TRUE,FALSE,FALSE,1,TRUE,TRUE,FALSE,"DESeq2 + ALDEx2",0.00316540418337923,0,"control",0.00316540418337923,"Bacteria","Proteobacteria","Alphaproteobacteria","Rhodobacterales","Rhodobacteraceae","Sedimentitalea",NA,"Sedimentitalea",2.52740814582233
"ASV1165","DESeq2",52.4486341452046,-9.09857879870206,4.20695955348696,-2.16274453866823,0.0305608334315971,0.0553554718761004,"deseq2",0.0553554718761004,-9.09857879870206,FALSE,NA,NA,NA,NA,NA,NA,NA,NA,NA,NA,NA,NA,NA,FALSE,FALSE,FALSE,FALSE,FALSE,FALSE,0,FALSE,FALSE,FALSE,"DESeq2 only",0.00197160879319425,0,"control",0.00197160879319425,"Bacteria","Proteobacteria","Gammaproteobacteria","Pseudomonadales","Saccharospirillaceae",NA,NA,NA,1.25683944275023
"ASV117","DESeq2",30.4499601211204,5.29423237316566,2.47877320832559,2.13582765675522,0.0326934639652811,0.0586649073021866,"deseq2",0.0586649073021866,5.29423237316566,FALSE,NA,NA,NA,NA,NA,NA,NA,NA,NA,NA,NA,NA,NA,FALSE,FALSE,FALSE,FALSE,TRUE,FALSE,1,TRUE,TRUE,FALSE,"DESeq2 + ALDEx2",6.70151454228656e-05,0.00426836479166641,"contrast",0.00426836479166641,"Bacteria","Chloroflexi","Dehalococcoidia","SAR202 clade",NA,NA,NA,NA,1.23162161123067
"ASV118","DESeq2",30.387222142664,0.681287903285237,0.331632456091115,2.05434628237369,0.0399421882215885,0.0684723226655804,"deseq2",0.0684723226655804,0.681287903285237,FALSE,NA,NA,NA,NA,NA,NA,NA,NA,NA,NA,NA,NA,NA,FALSE,FALSE,FALSE,FALSE,FALSE,FALSE,0,FALSE,FALSE,FALSE,"DESeq2 only",0.000814750948091075,0.00199068389317017,"contrast",0.00199068389317017,"Bacteria","Bacteroidota","Bacteroidia","Flavobacteriales","Flavobacteriaceae","NS4 marine group",NA,"NS4 marine group",1.1644849400787
"ASV124","DESeq2",20.3001717247485,3.98383172201217,1.48765547664361,2.67792629715607,0.00740795171403046,0.0163485830930327,"deseq2",0.0163485830930327,3.98383172201217,TRUE,NA,NA,NA,NA,NA,NA,NA,NA,NA,NA,NA,NA,NA,TRUE,FALSE,FALSE,TRUE,TRUE,FALSE,2,TRUE,TRUE,FALSE,"DESeq2 + ALDEx2",0.000124551611596244,0.00265958176355877,"contrast",0.00265958176355877,"Bacteria","SAR324 clade(Marine group B)",NA,NA,NA,NA,NA,NA,1.78651988101852
"ASV1245","DESeq2",23.9125572358744,-7.97298023703663,1.55250061024633,-5.1355730132509,2.81285646019586e-07,1.21926190289231e-06,"deseq2",1.21926190289231e-06,-7.97298023703663,TRUE,NA,NA,NA,NA,NA,NA,NA,NA,NA,NA,NA,NA,NA,TRUE,FALSE,FALSE,TRUE,FALSE,FALSE,1,TRUE,TRUE,FALSE,"DESeq2 + ALDEx2",0.00120421428565934,0,"control",0.00120421428565934,"Bacteria","Proteobacteria","Alphaproteobacteria","Parvibaculales","OCS116 clade",NA,NA,NA,5.91390299596997
"ASV125","DESeq2",73.8617283492488,0.165796801895469,2.52003381243565,0.0657914989383514,0.947543824437807,0.965698666453508,"deseq2",0.965698666453508,0.165796801895469,FALSE,NA,NA,NA,NA,NA,NA,NA,NA,NA,NA,NA,NA,NA,FALSE,FALSE,FALSE,FALSE,FALSE,FALSE,0,FALSE,FALSE,FALSE,"DESeq2 only",0.00263231806473847,0.00391561484477029,"contrast",0.00391561484477029,"Bacteria","Proteobacteria","Gammaproteobacteria","Pseudomonadales","SAR86 clade",NA,NA,NA,0.0151583683174979
"ASV1287","DESeq2",31.2242532955629,-8.35063960695338,2.71246297363229,-3.07861883761345,0.00207962568545561,0.0050542801469301,"deseq2",0.0050542801469301,-8.35063960695338,TRUE,NA,NA,NA,NA,NA,NA,NA,NA,NA,NA,NA,NA,NA,TRUE,FALSE,FALSE,TRUE,FALSE,FALSE,1,TRUE,TRUE,FALSE,"DESeq2 + ALDEx2",0.00151465401338965,0,"control",0.00151465401338965,"Bacteria","Cyanobacteria","Cyanobacteriia","Synechococcales","Cyanobiaceae","Prochlorococcus MIT9313",NA,"Prochlorococcus MIT9313",2.29634068982133
"ASV1288","DESeq2",63.6854466382135,-9.37866926470873,4.20680115824292,-2.22940636172734,0.0257868793358022,0.04854000816151,"deseq2",0.04854000816151,-9.37866926470873,TRUE,NA,NA,NA,NA,NA,NA,NA,NA,NA,NA,NA,NA,NA,TRUE,FALSE,FALSE,TRUE,FALSE,FALSE,1,TRUE,TRUE,FALSE,"DESeq2 + ALDEx2",0.00236243674913325,0,"control",0.00236243674913325,"Bacteria","Proteobacteria","Gammaproteobacteria","Pseudomonadales","Saccharospirillaceae","Oceaniserpentilla",NA,"Oceaniserpentilla",1.31390015498187
"ASV13","DESeq2",774.945279087896,-1.11769490563601,0.217763818710703,-5.13260151412413,2.85764508490384e-07,1.21926190289231e-06,"deseq2",1.21926190289231e-06,-1.11769490563601,TRUE,NA,NA,NA,NA,NA,NA,NA,NA,NA,NA,NA,NA,NA,TRUE,FALSE,FALSE,TRUE,FALSE,TRUE,2,TRUE,TRUE,TRUE,"DESeq2 + ALDEx2 + LEfSe",0.0293267515775499,0.0213783907761986,"control",0.0293267515775499,"Bacteria","Proteobacteria","Alphaproteobacteria","SAR11 clade","Clade I","Clade Ib",NA,"Clade Ib",5.91390299596997
"ASV130","DESeq2",96.4724469992858,0.180245766260812,0.252420184653001,0.714070336762465,0.475183687318813,0.563180666451926,"deseq2",0.563180666451926,0.180245766260812,FALSE,NA,NA,NA,NA,NA,NA,NA,NA,NA,NA,NA,NA,NA,FALSE,FALSE,FALSE,FALSE,FALSE,FALSE,0,FALSE,FALSE,FALSE,"DESeq2 only",0.00292342387774559,0.00513849751211124,"contrast",0.00513849751211124,"Bacteria","Proteobacteria","Alphaproteobacteria","SAR11 clade","Clade I","Clade Ia",NA,"Clade Ia",0.24935226259706
"ASV131","DESeq2",115.539625662665,-1.59966820854627,0.29990880650703,-5.33384873614496,9.61526302061281e-08,4.29332674408758e-07,"deseq2",4.29332674408758e-07,-1.59966820854627,TRUE,NA,NA,NA,NA,NA,NA,NA,NA,NA,NA,NA,NA,NA,TRUE,FALSE,FALSE,TRUE,FALSE,FALSE,1,TRUE,TRUE,FALSE,"DESeq2 + ALDEx2",0.00483855624329587,0.00241488861174894,"control",0.00483855624329587,"Bacteria","Cyanobacteria","Cyanobacteriia","Synechococcales","Cyanobiaceae","Synechococcus CC9902",NA,"Synechococcus CC9902",6.36720605823514
"ASV133","DESeq2",108.459843925428,-1.06058649136422,0.17782781904173,-5.96412022078128,2.45955608031345e-09,1.34924219262909e-08,"deseq2",1.34924219262909e-08,-1.06058649136422,TRUE,NA,NA,NA,NA,NA,NA,NA,NA,NA,NA,NA,NA,NA,TRUE,FALSE,FALSE,TRUE,FALSE,FALSE,1,TRUE,TRUE,FALSE,"DESeq2 + ALDEx2",0.00417726952526037,0.00308435783866671,"control",0.00417726952526037,"Bacteria","Proteobacteria","Alphaproteobacteria","SAR11 clade","Clade II",NA,NA,NA,7.86991008629437
"ASV1369","DESeq2",36.5826661001003,-8.58003426353486,2.65416074047265,-3.23267318843957,0.00122637773409692,0.00313952699928811,"deseq2",0.00313952699928811,-8.58003426353486,TRUE,NA,NA,NA,NA,NA,NA,NA,NA,NA,NA,NA,NA,NA,TRUE,FALSE,FALSE,TRUE,FALSE,FALSE,1,TRUE,TRUE,FALSE,"DESeq2 + ALDEx2",0.00193553628748992,0,"control",0.00193553628748992,"Bacteria","Cyanobacteria","Cyanobacteriia","Synechococcales","Cyanobiaceae","Synechococcus CC9902",NA,"Synechococcus CC9902",2.50313577774613
"ASV138","DESeq2",54.7354828251617,3.83630681151696,0.297102411525865,12.9124054961869,3.83141996345421e-38,2.45210877661069e-36,"deseq2",2.45210877661069e-36,3.83630681151696,TRUE,NA,NA,NA,NA,NA,NA,NA,NA,NA,NA,NA,NA,NA,TRUE,FALSE,FALSE,TRUE,TRUE,TRUE,3,TRUE,TRUE,TRUE,"DESeq2 + ALDEx2 + LEfSe",0.000324967279470864,0.00708173534300269,"contrast",0.00708173534300269,"Bacteria","Verrucomicrobiota","Verrucomicrobiae","Verrucomicrobiales","DEV007",NA,NA,NA,35.6104602682344
"ASV141","DESeq2",215.179117740906,-3.06798514479618,0.327576240406787,-9.36571327940734,7.55383311184777e-21,1.81291994684346e-19,"deseq2",1.81291994684346e-19,-3.06798514479618,TRUE,NA,NA,NA,NA,NA,NA,NA,NA,NA,NA,NA,NA,NA,TRUE,FALSE,FALSE,TRUE,FALSE,TRUE,2,TRUE,TRUE,TRUE,"DESeq2 + ALDEx2 + LEfSe",0.00984605328042583,0.00179000866446407,"control",0.00984605328042583,"Bacteria","Cyanobacteria","Cyanobacteriia","Synechococcales","Cyanobiaceae","Synechococcus CC9902",NA,"Synechococcus CC9902",18.7416213726346
"ASV143","DESeq2",28.97967764306,1.85641678489395,2.32116645076072,0.799777536111443,0.42383970045454,0.515045711944757,"deseq2",0.515045711944757,1.85641678489395,FALSE,NA,NA,NA,NA,NA,NA,NA,NA,NA,NA,NA,NA,NA,FALSE,FALSE,FALSE,FALSE,FALSE,FALSE,0,FALSE,FALSE,FALSE,"DESeq2 only",0.000485994746566555,0.00274248713618279,"contrast",0.00274248713618279,"Bacteria","Proteobacteria","Alphaproteobacteria","Rhodobacterales","Rhodobacteraceae",NA,NA,NA,0.288154224231906
"ASV144","DESeq2",16.3746198724608,7.88179734945998,1.06141621699368,7.4257366933625,1.12153912070506e-13,1.5381107941098e-12,"deseq2",1.5381107941098e-12,7.88179734945998,TRUE,NA,NA,NA,NA,NA,NA,NA,NA,NA,NA,NA,NA,NA,TRUE,FALSE,FALSE,TRUE,TRUE,FALSE,2,TRUE,TRUE,FALSE,"DESeq2 + ALDEx2",0,0.00241203182910312,"contrast",0.00241203182910312,"Bacteria","Marinimicrobia (SAR406 clade)",NA,NA,NA,NA,NA,NA,11.8130123800499
"ASV147","DESeq2",104.763826037884,-0.507304110779504,0.251107327719557,-2.02026804787662,0.0433555912183492,0.0715076190032746,"deseq2",0.0715076190032746,-0.507304110779504,FALSE,NA,NA,NA,NA,NA,NA,NA,NA,NA,NA,NA,NA,NA,FALSE,FALSE,FALSE,FALSE,FALSE,FALSE,0,FALSE,FALSE,FALSE,"DESeq2 only",0.00375429296077315,0.00402367163985658,"contrast",0.00402367163985658,"Bacteria","Proteobacteria","Alphaproteobacteria","Thalassobaculales","Nisaeaceae","OM75 clade",NA,"OM75 clade",1.14564768246752
"ASV155","DESeq2",76.8242295960652,-0.887727608997934,0.306555686161233,-2.89581191630885,0.0037817898734052,0.00885492263041218,"deseq2",0.00885492263041218,-0.887727608997934,TRUE,NA,NA,NA,NA,NA,NA,NA,NA,NA,NA,NA,NA,NA,TRUE,FALSE,FALSE,TRUE,FALSE,FALSE,1,TRUE,TRUE,FALSE,"DESeq2 + ALDEx2",0.0029523646623555,0.00240746097686981,"control",0.0029523646623555,"Bacteria","Proteobacteria","Alphaproteobacteria","SAR11 clade","Clade I","Clade Ia",NA,"Clade Ia",2.05281522909072
"ASV157","DESeq2",76.913355637482,-0.728824275079829,0.180006678121198,-4.04887353450917,5.14647434962399e-05,0.000170366047435829,"deseq2",0.000170366047435829,-0.728824275079829,TRUE,NA,NA,NA,NA,NA,NA,NA,NA,NA,NA,NA,NA,NA,TRUE,FALSE,FALSE,TRUE,FALSE,FALSE,1,TRUE,TRUE,FALSE,"DESeq2 + ALDEx2",0.00282203707446493,0.00262584825798,"control",0.00282203707446493,"Bacteria","Proteobacteria","Alphaproteobacteria","Rhodospirillales","AEGEAN-169 marine group",NA,NA,NA,3.76861695229519
"ASV165","DESeq2",29.5068013591369,2.31413001022765,3.36716658204895,0.687263298039588,0.49191682259892,0.576734996633975,"deseq2",0.576734996633975,2.31413001022765,FALSE,NA,NA,NA,NA,NA,NA,NA,NA,NA,NA,NA,NA,NA,FALSE,FALSE,FALSE,FALSE,TRUE,FALSE,1,TRUE,TRUE,FALSE,"DESeq2 + ALDEx2",0.000385337086181477,0.00309922484360402,"contrast",0.00309922484360402,"Bacteria","Proteobacteria","Alphaproteobacteria","SAR11 clade","Clade III",NA,NA,NA,0.239023694533487
"ASV170","DESeq2",40.7590501926705,0.519934564622723,1.44158196822324,0.360669442379019,0.718346570711066,0.783650804412072,"deseq2",0.783650804412072,0.519934564622723,FALSE,NA,NA,NA,NA,NA,NA,NA,NA,NA,NA,NA,NA,NA,FALSE,FALSE,FALSE,FALSE,FALSE,FALSE,0,FALSE,FALSE,FALSE,"DESeq2 only",0.00125110492475836,0.00251150654107291,"contrast",0.00251150654107291,"Bacteria","Bacteroidota","Bacteroidia","Flavobacteriales","Flavobacteriaceae","NS5 marine group",NA,"NS5 marine group",0.105877416270216
"ASV171","DESeq2",18.573408369177,8.06364393861943,1.09611249492068,7.35658427030606,1.88675789346363e-13,2.26410947215636e-12,"deseq2",2.26410947215636e-12,8.06364393861943,TRUE,NA,NA,NA,NA,NA,NA,NA,NA,NA,NA,NA,NA,NA,TRUE,FALSE,FALSE,TRUE,TRUE,FALSE,2,TRUE,TRUE,FALSE,"DESeq2 + ALDEx2",0,0.00273447640959545,"contrast",0.00273447640959545,"Bacteria","Bacteroidota","Bacteroidia","Flavobacteriales","Flavobacteriaceae","NS5 marine group",NA,"NS5 marine group",11.6451025783654
"ASV173","DESeq2",57.3052806446801,-0.462477737469722,0.68349327902369,-0.676638310372753,0.498635465839791,0.576734996633975,"deseq2",0.576734996633975,-0.462477737469722,FALSE,NA,NA,NA,NA,NA,NA,NA,NA,NA,NA,NA,NA,NA,FALSE,FALSE,FALSE,FALSE,FALSE,FALSE,0,FALSE,FALSE,FALSE,"DESeq2 only",0.0018465560588208,0.0022450901059758,"contrast",0.0022450901059758,"Bacteria","Proteobacteria","Gammaproteobacteria","Pseudomonadales","SAR86 clade",NA,NA,NA,0.239023694533487
"ASV174","DESeq2",74.3212267361495,1.64682965359516,0.293888555103253,5.60358552586906,2.09962439850473e-08,1.03366124234079e-07,"deseq2",1.03366124234079e-07,1.64682965359516,TRUE,NA,NA,NA,NA,NA,NA,NA,NA,NA,NA,NA,NA,NA,TRUE,FALSE,FALSE,TRUE,TRUE,FALSE,2,TRUE,TRUE,FALSE,"DESeq2 + ALDEx2",0.00134887928967923,0.00665181705913227,"contrast",0.00665181705913227,"Bacteria","Bacteroidota","Bacteroidia","Flavobacteriales","Flavobacteriaceae","NS4 marine group",NA,"NS4 marine group",6.98562176751585
"ASV176","DESeq2",27.5452664299565,1.27352340174922,1.31203882288119,0.97064460253745,0.331725287024453,0.424205122693144,"deseq2",0.424205122693144,1.27352340174922,FALSE,NA,NA,NA,NA,NA,NA,NA,NA,NA,NA,NA,NA,NA,FALSE,FALSE,FALSE,FALSE,FALSE,FALSE,0,FALSE,FALSE,FALSE,"DESeq2 only",0.000653880498861877,0.00222850903145099,"contrast",0.00222850903145099,"Bacteria","Proteobacteria","Gammaproteobacteria","Pseudomonadales","SAR86 clade",NA,NA,NA,0.372424091255733
"ASV178","DESeq2",109.564205284669,1.31120459560768,0.169655936050745,7.7286101867694,1.08727050965701e-14,2.08755937854146e-13,"deseq2",2.08755937854146e-13,1.31120459560768,TRUE,NA,NA,NA,NA,NA,NA,NA,NA,NA,NA,NA,NA,NA,TRUE,FALSE,FALSE,TRUE,TRUE,TRUE,3,TRUE,TRUE,TRUE,"DESeq2 + ALDEx2 + LEfSe",0.00237688755868904,0.00897064736290739,"contrast",0.00897064736290739,"Bacteria","Bacteroidota","Bacteroidia","Flavobacteriales","NS9 marine group",NA,NA,NA,12.6803611625959
"ASV179","DESeq2",77.7393663952545,-0.607190874858372,0.58197429391231,-1.04332937246514,0.296795771866773,0.390306768482332,"deseq2",0.390306768482332,-0.607190874858372,FALSE,NA,NA,NA,NA,NA,NA,NA,NA,NA,NA,NA,NA,NA,FALSE,FALSE,FALSE,FALSE,FALSE,FALSE,0,FALSE,FALSE,FALSE,"DESeq2 only",0.00301300208839495,0.00283966468685688,"control",0.00301300208839495,"Bacteria","Proteobacteria","Gammaproteobacteria","Pseudomonadales","SAR86 clade",NA,NA,NA,0.40859391736072
"ASV182","DESeq2",106.616990624864,-0.524412444665145,0.315734031369673,-1.66093101332857,0.0967273027167346,0.145090954075102,"deseq2",0.145090954075102,-0.524412444665145,FALSE,NA,NA,NA,NA,NA,NA,NA,NA,NA,NA,NA,NA,NA,FALSE,FALSE,FALSE,FALSE,FALSE,FALSE,0,FALSE,FALSE,FALSE,"DESeq2 only",0.00387652058840947,0.0040516915801437,"contrast",0.0040516915801437,"Bacteria","Proteobacteria","Alphaproteobacteria","SAR11 clade","Clade I","Clade Ia",NA,"Clade Ia",0.838359663494253
"ASV184","DESeq2",76.9948820534909,-0.718092150234566,0.475714161253404,-1.50950341344169,0.131170183648353,0.189358460605141,"deseq2",0.189358460605141,-0.718092150234566,FALSE,NA,NA,NA,NA,NA,NA,NA,NA,NA,NA,NA,NA,NA,FALSE,FALSE,FALSE,FALSE,FALSE,FALSE,0,FALSE,FALSE,FALSE,"DESeq2 only",0.00292538833858889,0.00265271375002977,"control",0.00292538833858889,"Bacteria","Proteobacteria","Gammaproteobacteria","Pseudomonadales","SAR86 clade",NA,NA,NA,0.722715285673662
"ASV185","DESeq2",42.8160147428725,4.57153493775384,0.462419334699326,9.88612411876406,4.78184407684643e-23,1.31159151822073e-21,"deseq2",1.31159151822073e-21,4.57153493775384,TRUE,NA,NA,NA,NA,NA,NA,NA,NA,NA,NA,NA,NA,NA,TRUE,FALSE,FALSE,TRUE,TRUE,TRUE,3,TRUE,TRUE,TRUE,"DESeq2 + ALDEx2 + LEfSe",0.000165130928914429,0.00584170024460778,"contrast",0.00584170024460778,"Bacteria","Verrucomicrobiota","Verrucomicrobiae","Pedosphaerales","Pedosphaeraceae","SCGC AAA164-E04",NA,"SCGC AAA164-E04",20.8822014004823
"ASV188","DESeq2",84.4805971961729,-0.486613335293809,0.71009684176371,-0.68527742509765,0.493168874395069,0.576734996633975,"deseq2",0.576734996633975,-0.486613335293809,FALSE,NA,NA,NA,NA,NA,NA,NA,NA,NA,NA,NA,NA,NA,FALSE,FALSE,FALSE,FALSE,FALSE,FALSE,0,FALSE,FALSE,FALSE,"DESeq2 only",0.00322122050422353,0.00328045047996046,"contrast",0.00328045047996046,"Bacteria","Proteobacteria","Gammaproteobacteria","Pseudomonadales","Halieaceae","OM60(NOR5) clade",NA,"OM60(NOR5) clade",0.239023694533487
"ASV190","DESeq2",40.767916395269,-8.73516120043471,4.20721668055828,-2.07623278373093,0.0378724265578123,0.0661045990827269,"deseq2",0.0661045990827269,-8.73516120043471,FALSE,NA,NA,NA,NA,NA,NA,NA,NA,NA,NA,NA,NA,NA,FALSE,FALSE,FALSE,FALSE,FALSE,FALSE,0,FALSE,FALSE,FALSE,"DESeq2 only",0.00161980494054538,0,"control",0.00161980494054538,"Bacteria","Proteobacteria","Gammaproteobacteria","Enterobacterales","Alteromonadaceae","Alteromonas",NA,"Alteromonas",1.17976832437567
"ASV191","DESeq2",84.8774995044368,-0.544790789258575,0.337668275167011,-1.613390505783,0.10665969452247,0.157528164217802,"deseq2",0.157528164217802,-0.544790789258575,FALSE,NA,NA,NA,NA,NA,NA,NA,NA,NA,NA,NA,NA,NA,FALSE,FALSE,FALSE,FALSE,FALSE,FALSE,0,FALSE,FALSE,FALSE,"DESeq2 only",0.00290286899204687,0.00318268983757817,"contrast",0.00318268983757817,"Bacteria","Proteobacteria","Alphaproteobacteria","SAR11 clade","Clade IV",NA,NA,NA,0.802641788091002
"ASV192","DESeq2",69.7073965256457,0.3176475616092,0.205652843477687,1.54458142293405,0.122447542511149,0.179465100474356,"deseq2",0.179465100474356,0.3176475616092,FALSE,NA,NA,NA,NA,NA,NA,NA,NA,NA,NA,NA,NA,NA,FALSE,FALSE,FALSE,FALSE,TRUE,FALSE,1,TRUE,TRUE,FALSE,"DESeq2 + ALDEx2",0.00209253169728856,0.00396307264222804,"contrast",0.00396307264222804,"Bacteria","Bacteroidota","Bacteroidia","Flavobacteriales","Flavobacteriaceae","NS2b marine group",NA,"NS2b marine group",0.746019993576064
"ASV198","DESeq2",45.5258186668637,-1.38091515291567,2.4266825793808,-0.569054710595081,0.569319011996843,0.650650299424964,"deseq2",0.650650299424964,-1.38091515291567,FALSE,NA,NA,NA,NA,NA,NA,NA,NA,NA,NA,NA,NA,NA,FALSE,FALSE,FALSE,FALSE,FALSE,FALSE,0,FALSE,FALSE,FALSE,"DESeq2 only",0.00201723491375612,0.00108852000155503,"control",0.00201723491375612,"Bacteria","Proteobacteria","Alphaproteobacteria","SAR11 clade","Clade I","Clade Ia",NA,"Clade Ia",0.186652366018332
"ASV199","DESeq2",29.1029323792655,1.22504816406581,1.32330140617024,0.925751426208494,0.354575175584051,0.447884432316697,"deseq2",0.447884432316697,1.22504816406581,FALSE,NA,NA,NA,NA,NA,NA,NA,NA,NA,NA,NA,NA,NA,FALSE,FALSE,FALSE,FALSE,FALSE,FALSE,0,FALSE,FALSE,FALSE,"DESeq2 only",0.000695117281750206,0.00231198576060417,"contrast",0.00231198576060417,"Bacteria","Proteobacteria","Gammaproteobacteria","Pseudomonadales","SAR86 clade",NA,NA,NA,0.348834032613255
"ASV2","DESeq2",1047.98712483114,-3.32253563271259,0.244199439823004,-13.6058282325331,3.69755760732934e-42,7.09931060607234e-40,"deseq2",7.09931060607234e-40,-3.32253563271259,TRUE,NA,NA,NA,NA,NA,NA,NA,NA,NA,NA,NA,NA,NA,TRUE,FALSE,FALSE,TRUE,TRUE,TRUE,3,TRUE,TRUE,TRUE,"DESeq2 + ALDEx2 + LEfSe",0.0479335589553285,0.00734243821280816,"control",0.0479335589553285,"Bacteria","Cyanobacteria","Cyanobacteriia","Synechococcales","Cyanobiaceae","Prochlorococcus MIT9313","marinus","Prochlorococcus MIT9313",39.1487838223394
"ASV20","DESeq2",528.792875756293,0.365830468033571,0.0926179294044725,3.94988821695581,7.81876998512472e-05,0.000250200639523991,"deseq2",0.000250200639523991,0.365830468033571,TRUE,NA,NA,NA,NA,NA,NA,NA,NA,NA,NA,NA,NA,NA,TRUE,FALSE,FALSE,TRUE,TRUE,TRUE,3,TRUE,TRUE,TRUE,"DESeq2 + ALDEx2 + LEfSe",0.0154883328965181,0.0305685798684535,"contrast",0.0305685798684535,"Bacteria","Proteobacteria","Alphaproteobacteria","SAR11 clade","Clade I","Clade Ia",NA,"Clade Ia",3.60171158456512
"ASV202","DESeq2",76.1861864227782,0.382740908872341,0.249223274123071,1.53573501599749,0.124603383358055,0.181241284884444,"deseq2",0.181241284884444,0.382740908872341,FALSE,NA,NA,NA,NA,NA,NA,NA,NA,NA,NA,NA,NA,NA,FALSE,FALSE,FALSE,FALSE,TRUE,FALSE,1,TRUE,TRUE,FALSE,"DESeq2 + ALDEx2",0.00225852597849952,0.00444216279314371,"contrast",0.00444216279314371,"Bacteria","Proteobacteria","Gammaproteobacteria","Ectothiorhodospirales","Ectothiorhodospiraceae",NA,NA,NA,0.74174286761266
"ASV204","DESeq2",90.1643442606119,0.725063282193641,0.359270080942973,2.01815659208408,0.0435749553301204,0.0715076190032746,"deseq2",0.0715076190032746,0.725063282193641,FALSE,NA,NA,NA,NA,NA,NA,NA,NA,NA,NA,NA,NA,NA,FALSE,FALSE,FALSE,FALSE,TRUE,FALSE,1,TRUE,TRUE,FALSE,"DESeq2 + ALDEx2",0.00225201340479666,0.00598863275403531,"contrast",0.00598863275403531,"Bacteria","Proteobacteria","Gammaproteobacteria","Thiotrichales","Thiotrichaceae",NA,NA,NA,1.14564768246752
"ASV206","DESeq2",56.3469851132924,3.75255424611312,0.288487498160568,13.0076841112349,1.10644663913071e-38,1.06218877356548e-36,"deseq2",1.06218877356548e-36,3.75255424611312,TRUE,NA,NA,NA,NA,NA,NA,NA,NA,NA,NA,NA,NA,NA,TRUE,FALSE,FALSE,TRUE,TRUE,TRUE,3,TRUE,TRUE,TRUE,"DESeq2 + ALDEx2 + LEfSe",0.000352927411336698,0.00724295176565934,"contrast",0.00724295176565934,"Bacteria","Proteobacteria","Gammaproteobacteria","Pseudomonadales","SAR86 clade",NA,NA,NA,35.973798293017
"ASV207","DESeq2",62.328641957865,0.147259031454888,1.4960216201001,0.0984337588951654,0.92158786911251,0.951316510051623,"deseq2",0.951316510051623,0.147259031454888,FALSE,NA,NA,NA,NA,NA,NA,NA,NA,NA,NA,NA,NA,NA,FALSE,FALSE,FALSE,FALSE,FALSE,FALSE,0,FALSE,FALSE,FALSE,"DESeq2 only",0.00208925750839475,0.00327473691466882,"contrast",0.00327473691466882,"Bacteria","Proteobacteria","Alphaproteobacteria","SAR11 clade","Clade II",NA,NA,NA,0.0216749660282977
"ASV209","DESeq2",20.1486796648991,4.31108766303712,2.54765309378968,1.69218001993525,0.0906116548717008,0.136987698703674,"deseq2",0.136987698703674,4.31108766303712,FALSE,NA,NA,NA,NA,NA,NA,NA,NA,NA,NA,NA,NA,NA,FALSE,FALSE,FALSE,FALSE,TRUE,FALSE,1,TRUE,TRUE,FALSE,"DESeq2 + ALDEx2",8.3768931778582e-05,0.00269502933872504,"contrast",0.00269502933872504,"Bacteria","SAR324 clade(Marine group B)",NA,NA,NA,NA,NA,NA,0.863318430106197
"ASV21","DESeq2",382.002912366988,0.581654851643418,0.0916545710197536,6.34616304644597,2.20751277183489e-10,1.56978685997147e-09,"deseq2",1.56978685997147e-09,0.581654851643418,TRUE,NA,NA,NA,NA,NA,NA,NA,NA,NA,NA,NA,NA,NA,TRUE,FALSE,FALSE,TRUE,TRUE,TRUE,3,TRUE,TRUE,TRUE,"DESeq2 + ALDEx2 + LEfSe",0.0104906976972327,0.0241128789209731,"contrast",0.0241128789209731,"Bacteria","Proteobacteria","Alphaproteobacteria","Rhodospirillales","AEGEAN-169 marine group",NA,NA,NA,8.80415931053477
"ASV211","DESeq2",57.0554161787898,0.457855727964731,0.473554660560604,0.966848742281856,0.333619653784712,0.424205122693144,"deseq2",0.424205122693144,0.457855727964731,FALSE,NA,NA,NA,NA,NA,NA,NA,NA,NA,NA,NA,NA,NA,FALSE,FALSE,FALSE,FALSE,FALSE,FALSE,0,FALSE,FALSE,FALSE,"DESeq2 only",0.00165986289483375,0.00343481062426714,"contrast",0.00343481062426714,"Bacteria","Bacteroidota","Bacteroidia","Flavobacteriales","Flavobacteriaceae","NS4 marine group",NA,"NS4 marine group",0.372424091255733
"ASV223","DESeq2",44.9441461655121,-8.87568666247267,4.20710951374719,-2.10968757372975,0.0348852755323626,0.0614492926808589,"deseq2",0.0614492926808589,-8.87568666247267,FALSE,NA,NA,NA,NA,NA,NA,NA,NA,NA,NA,NA,NA,NA,FALSE,FALSE,FALSE,FALSE,FALSE,FALSE,0,FALSE,FALSE,FALSE,"DESeq2 only",0.00163722263240226,0,"control",0.00163722263240226,"Bacteria","Proteobacteria","Gammaproteobacteria","Pseudomonadales","Cellvibrionaceae","Aestuariicella",NA,"Aestuariicella",1.21148311174527
"ASV224","DESeq2",55.992424415773,-9.18715943485902,1.46764551341717,-6.25979458314036,3.85484902467233e-10,2.55217590598996e-09,"deseq2",2.55217590598996e-09,-9.18715943485902,TRUE,NA,NA,NA,NA,NA,NA,NA,NA,NA,NA,NA,NA,NA,TRUE,FALSE,FALSE,TRUE,FALSE,FALSE,1,TRUE,TRUE,FALSE,"DESeq2 + ALDEx2",0.00260711119635011,0,"control",0.00260711119635011,"Bacteria","Proteobacteria","Alphaproteobacteria","SAR11 clade","Clade I","Clade Ib",NA,"Clade Ib",8.5930893956374
"ASV227","DESeq2",60.1351746197109,-0.0366169691710418,0.282363726371374,-0.129680145681609,0.89681949135817,0.935811643156351,"deseq2",0.935811643156351,-0.0366169691710418,FALSE,NA,NA,NA,NA,NA,NA,NA,NA,NA,NA,NA,NA,NA,FALSE,FALSE,FALSE,FALSE,FALSE,FALSE,0,FALSE,FALSE,FALSE,"DESeq2 only",0.00188601550196761,0.00289455011919377,"contrast",0.00289455011919377,"Bacteria","Proteobacteria","Alphaproteobacteria","Rickettsiales","S25-593",NA,NA,NA,0.0288115557167187
"ASV232","DESeq2",24.730175597025,6.23140468015185,1.84459658283642,3.37819376775049,0.000729636481850231,0.00200128863593206,"deseq2",0.00200128863593206,6.23140468015185,TRUE,NA,NA,NA,NA,NA,NA,NA,NA,NA,NA,NA,NA,NA,TRUE,FALSE,FALSE,TRUE,TRUE,FALSE,2,TRUE,TRUE,FALSE,"DESeq2 + ALDEx2",2.44411132112364e-05,0.00353829656712011,"contrast",0.00353829656712011,"Bacteria","Chloroflexi","Dehalococcoidia","SAR202 clade",NA,NA,NA,NA,2.69869027070781
"ASV234","DESeq2",77.0186344040268,-0.443740833105713,0.245088077075434,-1.81053618927834,0.0702126775349408,0.10871640392507,"deseq2",0.10871640392507,-0.443740833105713,FALSE,NA,NA,NA,NA,NA,NA,NA,NA,NA,NA,NA,NA,NA,FALSE,FALSE,FALSE,FALSE,FALSE,FALSE,0,FALSE,FALSE,FALSE,"DESeq2 only",0.00268527524008888,0.00305233840267544,"contrast",0.00305233840267544,"Bacteria","Cyanobacteria","Cyanobacteriia","Synechococcales","Cyanobiaceae","Cyanobium PCC-6307",NA,"Cyanobium PCC-6307",0.96370492144598
"ASV236","DESeq2",23.7893676278826,-7.95881270062299,4.20803961160579,-1.89133502419335,0.058579636153839,0.0914413832645291,"deseq2",0.0914413832645291,-7.95881270062299,FALSE,NA,NA,NA,NA,NA,NA,NA,NA,NA,NA,NA,NA,NA,FALSE,FALSE,FALSE,FALSE,FALSE,FALSE,0,FALSE,FALSE,FALSE,"DESeq2 only",0.00132695645676186,0,"control",0.00132695645676186,"Bacteria","Bacteroidota","Bacteroidia","Flavobacteriales","Flavobacteriaceae","Aurantivirga",NA,"Aurantivirga",1.03885721284453
"ASV24","DESeq2",444.377171182163,-25.4689410566933,4.20616779342235,-6.05514147498392,1.40294308957664e-09,8.68919590963598e-09,"deseq2",8.68919590963598e-09,-25.4689410566933,TRUE,NA,NA,NA,NA,NA,NA,NA,NA,NA,NA,NA,NA,NA,TRUE,FALSE,FALSE,TRUE,FALSE,FALSE,1,TRUE,TRUE,FALSE,"DESeq2 + ALDEx2",0.0179015468412892,0,"control",0.0179015468412892,"Bacteria","Proteobacteria","Alphaproteobacteria","Rhodobacterales","Rhodobacteraceae","Pseudophaeobacter",NA,"Pseudophaeobacter",8.06102041091214
"ASV241","DESeq2",54.0262045428631,0.777404383022281,0.235416486940626,3.30225122770755,0.00095912123930648,0.00255765663815061,"deseq2",0.00255765663815061,0.777404383022281,TRUE,NA,NA,NA,NA,NA,NA,NA,NA,NA,NA,NA,NA,NA,TRUE,FALSE,FALSE,TRUE,TRUE,FALSE,2,TRUE,TRUE,FALSE,"DESeq2 + ALDEx2",0.00137541863439675,0.0036606372754355,"contrast",0.0036606372754355,"Bacteria","Marinimicrobia (SAR406 clade)",NA,NA,NA,NA,NA,NA,2.59215775937481
"ASV242","DESeq2",89.2155326139158,-0.767753740870099,0.862541474034413,-0.890106463262621,0.3734087228224,0.462544998592909,"deseq2",0.462544998592909,-0.767753740870099,FALSE,NA,NA,NA,NA,NA,NA,NA,NA,NA,NA,NA,NA,NA,FALSE,FALSE,FALSE,FALSE,FALSE,FALSE,0,FALSE,FALSE,FALSE,"DESeq2 only",0.00365109885511606,0.00298659719628442,"control",0.00365109885511606,"Bacteria","Proteobacteria","Gammaproteobacteria","Pseudomonadales","SAR86 clade",NA,NA,NA,0.334846010622328
"ASV243","DESeq2",71.905174660821,-0.933194409829076,0.403553477064639,-2.31244299173663,0.020753283495027,0.0410786642375792,"deseq2",0.0410786642375792,-0.933194409829076,TRUE,NA,NA,NA,NA,NA,NA,NA,NA,NA,NA,NA,NA,NA,TRUE,FALSE,FALSE,TRUE,FALSE,FALSE,1,TRUE,TRUE,FALSE,"DESeq2 + ALDEx2",0.0027396426291877,0.00219992946981374,"control",0.0027396426291877,"Bacteria","Bacteroidota","Bacteroidia","Flavobacteriales","Flavobacteriaceae","NS4 marine group",NA,"NS4 marine group",1.38638368687808
"ASV248","DESeq2",34.7252640254877,-8.50346287224484,4.20741783488978,-2.02106451176072,0.0432730874139084,0.0715076190032746,"deseq2",0.0715076190032746,-8.50346287224484,FALSE,NA,NA,NA,NA,NA,NA,NA,NA,NA,NA,NA,NA,NA,FALSE,FALSE,FALSE,FALSE,FALSE,FALSE,0,FALSE,FALSE,FALSE,"DESeq2 only",0.00128781943147099,0,"control",0.00128781943147099,"Bacteria","Proteobacteria","Gammaproteobacteria","Enterobacterales","Alteromonadaceae","Alteromonas","australica","Alteromonas",1.14564768246752
"ASV249","DESeq2",84.2738488524902,-0.863246207110395,0.191628907091452,-4.50478072548012,6.64415125202826e-06,2.50132753017535e-05,"deseq2",2.50132753017535e-05,-0.863246207110395,TRUE,NA,NA,NA,NA,NA,NA,NA,NA,NA,NA,NA,NA,NA,TRUE,FALSE,FALSE,TRUE,FALSE,FALSE,1,TRUE,TRUE,FALSE,"DESeq2 + ALDEx2",0.0031964847633711,0.0026790196207294,"control",0.0031964847633711,"Bacteria","Proteobacteria","Alphaproteobacteria","SAR11 clade","Clade I","Clade Ia",NA,"Clade Ia",4.60182943692425
"ASV252","DESeq2",38.8343667582168,0.8940295232779,0.375276907749105,2.38231957473816,0.0172039602149856,0.0355178533470671,"deseq2",0.0355178533470671,0.8940295232779,TRUE,NA,NA,NA,NA,NA,NA,NA,NA,NA,NA,NA,NA,NA,TRUE,FALSE,FALSE,TRUE,TRUE,FALSE,2,TRUE,TRUE,FALSE,"DESeq2 + ALDEx2",0.000927475712981356,0.00274304675753292,"contrast",0.00274304675753292,"Bacteria","Proteobacteria","Alphaproteobacteria","Defluviicoccales",NA,NA,NA,NA,1.44955329029478
"ASV254","DESeq2",18.9784120129664,8.09460922182433,1.0746261918993,7.5324883041589,4.97823862604722e-14,7.96518180167556e-13,"deseq2",7.96518180167556e-13,8.09460922182433,TRUE,NA,NA,NA,NA,NA,NA,NA,NA,NA,NA,NA,NA,NA,TRUE,FALSE,FALSE,TRUE,TRUE,FALSE,2,TRUE,TRUE,FALSE,"DESeq2 + ALDEx2",0,0.00279621812028232,"contrast",0.00279621812028232,"Bacteria","Proteobacteria","Gammaproteobacteria","Pseudomonadales","SAR86 clade",NA,NA,NA,12.0988043071744
"ASV256","DESeq2",26.4661891775957,-8.11183126705979,4.2078406319992,-1.92778956630916,0.0538813060274502,0.0854976095642184,"deseq2",0.0854976095642184,-8.11183126705979,FALSE,NA,NA,NA,NA,NA,NA,NA,NA,NA,NA,NA,NA,NA,FALSE,FALSE,FALSE,FALSE,FALSE,FALSE,0,FALSE,FALSE,FALSE,"DESeq2 only",0.00107704363020104,0,"control",0.00107704363020104,"Bacteria","Proteobacteria","Alphaproteobacteria","Rhodobacterales","Rhodobacteraceae","Amylibacter",NA,"Amylibacter",1.06804602758273
"ASV258","DESeq2",41.232253673782,-2.11367400641952,0.356991759009316,-5.92079215577735,3.20394571297571e-09,1.70877104692038e-08,"deseq2",1.70877104692038e-08,-2.11367400641952,TRUE,NA,NA,NA,NA,NA,NA,NA,NA,NA,NA,NA,NA,NA,TRUE,FALSE,FALSE,TRUE,FALSE,FALSE,1,TRUE,TRUE,FALSE,"DESeq2 + ALDEx2",0.00181145081295668,0.000632878938693175,"control",0.00181145081295668,"Bacteria","Proteobacteria","Alphaproteobacteria","Parvibaculales","OCS116 clade",NA,NA,NA,7.76731612318925
"ASV259","DESeq2",52.9046519567205,0.871650714619858,0.203914703979939,4.27458490048668,1.91493726282924e-05,6.68487189933116e-05,"deseq2",6.68487189933116e-05,0.871650714619858,TRUE,NA,NA,NA,NA,NA,NA,NA,NA,NA,NA,NA,NA,NA,TRUE,FALSE,FALSE,TRUE,TRUE,FALSE,2,TRUE,TRUE,FALSE,"DESeq2 + ALDEx2",0.0013186076077457,0.00371837949041822,"contrast",0.00371837949041822,"Bacteria","Proteobacteria","Alphaproteobacteria","SAR11 clade","Clade I","Clade Ib",NA,"Clade Ib",4.17490691060793
"ASV261","DESeq2",27.4793256178429,1.03067778978136,1.3229860103896,0.779054186278086,0.435947795964291,0.526427527202163,"deseq2",0.526427527202163,1.03067778978136,FALSE,NA,NA,NA,NA,NA,NA,NA,NA,NA,NA,NA,NA,NA,FALSE,FALSE,FALSE,FALSE,FALSE,FALSE,0,FALSE,FALSE,FALSE,"DESeq2 only",0.000703275019738016,0.00204956882121121,"contrast",0.00204956882121121,"Bacteria","Proteobacteria","Alphaproteobacteria","Rhodospirillales","AEGEAN-169 marine group",NA,NA,NA,0.278661409288798
"ASV263","DESeq2",83.9190767276082,-0.768519556672839,0.228966354039074,-3.35647374872244,0.000789432148435298,0.00213480242957151,"deseq2",0.00213480242957151,-0.768519556672839,TRUE,NA,NA,NA,NA,NA,NA,NA,NA,NA,NA,NA,NA,NA,TRUE,FALSE,FALSE,TRUE,FALSE,FALSE,1,TRUE,TRUE,FALSE,"DESeq2 + ALDEx2",0.00307772000181268,0.00279736083334065,"control",0.00307772000181268,"Bacteria","Proteobacteria","Alphaproteobacteria","SAR11 clade","Clade I","Clade Ib",NA,"Clade Ib",2.67064231160721
"ASV267","DESeq2",41.7274651492688,0.265415882012249,0.273256476688594,0.971306829498206,0.331395508904691,0.424205122693144,"deseq2",0.424205122693144,0.265415882012249,FALSE,NA,NA,NA,NA,NA,NA,NA,NA,NA,NA,NA,NA,NA,FALSE,FALSE,FALSE,FALSE,FALSE,FALSE,0,FALSE,FALSE,FALSE,"DESeq2 only",0.0012366586432188,0.00230054689484185,"contrast",0.00230054689484185,"Bacteria","Proteobacteria","Alphaproteobacteria","Rhodospirillales","AEGEAN-169 marine group",NA,NA,NA,0.372424091255733
"ASV27","DESeq2",2115.01999648025,-27.1945697706983,3.77752459813347,-7.19904505297874,6.06357153073141e-13,6.84826902294372e-12,"deseq2",6.84826902294372e-12,-27.1945697706983,TRUE,NA,NA,NA,NA,NA,NA,NA,NA,NA,NA,NA,NA,NA,TRUE,FALSE,FALSE,TRUE,FALSE,FALSE,1,TRUE,TRUE,FALSE,"DESeq2 + ALDEx2",0.078421094095993,0,"control",0.078421094095993,"Bacteria","Proteobacteria","Gammaproteobacteria","Pseudomonadales","Saccharospirillaceae","Oceaniserpentilla",NA,"Oceaniserpentilla",11.164419187454
"ASV270","DESeq2",50.5157415024417,-0.8096809101065,0.355848829345113,-2.27535077632993,0.0228848957112236,0.0443828280460093,"deseq2",0.0443828280460093,-0.8096809101065,TRUE,NA,NA,NA,NA,NA,NA,NA,NA,NA,NA,NA,NA,NA,TRUE,FALSE,FALSE,TRUE,FALSE,FALSE,1,TRUE,TRUE,FALSE,"DESeq2 + ALDEx2",0.00187520518120571,0.00164994416856554,"control",0.00187520518120571,"Bacteria","Proteobacteria","Alphaproteobacteria","SAR11 clade","Clade I","Clade Ib",NA,"Clade Ib",1.3527850282499
"ASV271","DESeq2",41.7888083977796,0.583532387642601,0.24417912139149,2.38977183764631,0.0168588425341528,0.0351836713756233,"deseq2",0.0351836713756233,0.583532387642601,TRUE,NA,NA,NA,NA,NA,NA,NA,NA,NA,NA,NA,NA,NA,TRUE,FALSE,FALSE,TRUE,TRUE,FALSE,2,TRUE,TRUE,FALSE,"DESeq2 + ALDEx2",0.00115561587597738,0.00263957254985898,"contrast",0.00263957254985898,"Bacteria","Dadabacteria","Dadabacteriia","Dadabacteriales",NA,NA,NA,NA,1.45365884438449
"ASV272","DESeq2",59.8611536875246,-0.431195110566378,0.343070251460702,-1.25687117647322,0.208800287245401,0.288414785259834,"deseq2",0.288414785259834,-0.431195110566378,FALSE,NA,NA,NA,NA,NA,NA,NA,NA,NA,NA,NA,NA,NA,FALSE,FALSE,FALSE,FALSE,FALSE,FALSE,0,FALSE,FALSE,FALSE,"DESeq2 only",0.00215717922317714,0.00239145125887417,"contrast",0.00239145125887417,"Bacteria","Proteobacteria","Gammaproteobacteria","Pseudomonadales","SAR86 clade",NA,NA,NA,0.539982479763393
"ASV275","DESeq2",36.1139719783684,0.202300282565527,0.355024325942253,0.569820904605936,0.568799175497386,0.650650299424964,"deseq2",0.650650299424964,0.202300282565527,FALSE,NA,NA,NA,NA,NA,NA,NA,NA,NA,NA,NA,NA,NA,FALSE,FALSE,FALSE,FALSE,FALSE,FALSE,0,FALSE,FALSE,FALSE,"DESeq2 only",0.00112173327670869,0.00194609461353727,"contrast",0.00194609461353727,"Bacteria","Proteobacteria","Gammaproteobacteria","UBA10353 marine group",NA,NA,NA,NA,0.186652366018332
"ASV277","DESeq2",41.6534948480214,0.065713040841882,1.47430017679856,0.0445723617727413,0.964448172868028,0.974600258898218,"deseq2",0.974600258898218,0.065713040841882,FALSE,NA,NA,NA,NA,NA,NA,NA,NA,NA,NA,NA,NA,NA,FALSE,FALSE,FALSE,FALSE,FALSE,FALSE,0,FALSE,FALSE,FALSE,"DESeq2 only",0.00141514608784394,0.00211359595801473,"contrast",0.00211359595801473,"Bacteria","Proteobacteria","Alphaproteobacteria","Rhodospirillales","AEGEAN-169 marine group",NA,NA,NA,0.0111734775863141
"ASV280","DESeq2",58.771495470256,-0.405546418397065,0.330667291418103,-1.22644854487372,0.220029927382168,0.297505253925185,"deseq2",0.297505253925185,-0.405546418397065,FALSE,NA,NA,NA,NA,NA,NA,NA,NA,NA,NA,NA,NA,NA,FALSE,FALSE,FALSE,FALSE,FALSE,FALSE,0,FALSE,FALSE,FALSE,"DESeq2 only",0.00202340201229779,0.00236744254947023,"contrast",0.00236744254947023,"Bacteria","Proteobacteria","Alphaproteobacteria","SAR11 clade","Clade I","Clade Ib",NA,"Clade Ib",0.526505360252849
"ASV283","DESeq2",26.1106517872874,0.69185914239052,1.39763150196079,0.495022573131675,0.620584186577419,0.705042389484405,"deseq2",0.705042389484405,0.69185914239052,FALSE,NA,NA,NA,NA,NA,NA,NA,NA,NA,NA,NA,NA,NA,FALSE,FALSE,FALSE,FALSE,FALSE,FALSE,0,FALSE,FALSE,FALSE,"DESeq2 only",0.000769387969140935,0.00172083931889807,"contrast",0.00172083931889807,"Bacteria","Proteobacteria","Gammaproteobacteria","Pseudomonadales","SAR86 clade",NA,NA,NA,0.151784771000465
"ASV289","DESeq2",22.2044998908717,2.76169087991609,3.09813766553453,0.891403539177336,0.372712719725158,0.462544998592909,"deseq2",0.462544998592909,2.76169087991609,FALSE,NA,NA,NA,NA,NA,NA,NA,NA,NA,NA,NA,NA,NA,FALSE,FALSE,FALSE,FALSE,TRUE,FALSE,1,TRUE,TRUE,FALSE,"DESeq2 + ALDEx2",0.000283886596767478,0.00252808761559771,"contrast",0.00252808761559771,"Bacteria","Proteobacteria","Alphaproteobacteria","Puniceispirillales","SAR116 clade","Candidatus Puniceispirillum",NA,"Candidatus Puniceispirillum",0.334846010622328
"ASV290","DESeq2",42.3752807163075,-8.78754181654724,1.45733595735353,-6.02986687606685,1.64094793458691e-09,9.84568760752144e-09,"deseq2",9.84568760752144e-09,-8.78754181654724,TRUE,NA,NA,NA,NA,NA,NA,NA,NA,NA,NA,NA,NA,NA,TRUE,FALSE,FALSE,TRUE,FALSE,FALSE,1,TRUE,TRUE,FALSE,"DESeq2 + ALDEx2",0.00202179863202323,0,"control",0.00202179863202323,"Bacteria","Proteobacteria","Alphaproteobacteria","SAR11 clade","Clade I","Clade Ib",NA,"Clade Ib",8.00675394801501
"ASV295","DESeq2",36.5999368316967,0.278273728007323,0.411049410311919,0.676983644852232,0.498416331372332,0.576734996633975,"deseq2",0.576734996633975,0.278273728007323,FALSE,NA,NA,NA,NA,NA,NA,NA,NA,NA,NA,NA,NA,NA,FALSE,FALSE,FALSE,FALSE,TRUE,FALSE,1,TRUE,TRUE,FALSE,"DESeq2 + ALDEx2",0.00105618933610382,0.00203013096404059,"contrast",0.00203013096404059,"Bacteria","Proteobacteria","Alphaproteobacteria","Puniceispirillales","SAR116 clade",NA,NA,NA,0.239023694533487
"ASV2965","DESeq2",23.8922653885188,-7.96583677140482,2.59501128569305,-3.06967326705764,0.00214293064186687,0.00514303354048049,"deseq2",0.00514303354048049,-7.96583677140482,TRUE,NA,NA,NA,NA,NA,NA,NA,NA,NA,NA,NA,NA,NA,TRUE,FALSE,FALSE,TRUE,FALSE,FALSE,1,TRUE,TRUE,FALSE,"DESeq2 + ALDEx2",0.00124532477370574,0,"control",0.00124532477370574,"Bacteria","Proteobacteria","Alphaproteobacteria","Puniceispirillales","SAR116 clade","Candidatus Puniceispirillum",NA,"Candidatus Puniceispirillum",2.2887806434024
"ASV3","DESeq2",1129.72233677786,-0.261548647986355,0.202695600958311,-1.29035187122857,0.196928514553561,0.273987498509302,"deseq2",0.273987498509302,-0.261548647986355,FALSE,NA,NA,NA,NA,NA,NA,NA,NA,NA,NA,NA,NA,NA,FALSE,FALSE,FALSE,FALSE,FALSE,FALSE,0,FALSE,FALSE,FALSE,"DESeq2 only",0.0390601882365349,0.049002712507421,"contrast",0.049002712507421,"Bacteria","Proteobacteria","Alphaproteobacteria","SAR11 clade","Clade I","Clade Ia",NA,"Clade Ia",0.562269252698913
"ASV30","DESeq2",349.456709773676,-0.721955174029258,0.145783955296268,-4.95222655032285,7.33691153275248e-07,2.99720641337974e-06,"deseq2",2.99720641337974e-06,-0.721955174029258,TRUE,NA,NA,NA,NA,NA,NA,NA,NA,NA,NA,NA,NA,NA,TRUE,FALSE,FALSE,TRUE,FALSE,FALSE,1,TRUE,TRUE,FALSE,"DESeq2 + ALDEx2",0.0128208738395256,0.0119595417204875,"control",0.0128208738395256,"Bacteria","Proteobacteria","Alphaproteobacteria","SAR11 clade","Clade II",NA,NA,NA,5.52328334677577
"ASV305","DESeq2",51.0889590533698,0.277025677471198,0.301516102419441,0.918775731207305,0.358212888828083,0.449522056568574,"deseq2",0.449522056568574,0.277025677471198,FALSE,NA,NA,NA,NA,NA,NA,NA,NA,NA,NA,NA,NA,NA,FALSE,FALSE,FALSE,FALSE,FALSE,FALSE,0,FALSE,FALSE,FALSE,"DESeq2 only",0.00156647080155302,0.00285567440485252,"contrast",0.00285567440485252,"Bacteria","Bacteroidota","Bacteroidia","Flavobacteriales","NS7 marine group",NA,NA,NA,0.347248994006367
"ASV306","DESeq2",44.81424788007,0.326892171946494,1.44499816252131,0.226223244032445,0.821027793053371,0.875762979256929,"deseq2",0.875762979256929,0.326892171946494,FALSE,NA,NA,NA,NA,NA,NA,NA,NA,NA,NA,NA,NA,NA,FALSE,FALSE,FALSE,FALSE,FALSE,FALSE,0,FALSE,FALSE,FALSE,"DESeq2 only",0.00144841871267475,0.00254752547276834,"contrast",0.00254752547276834,"Bacteria","Proteobacteria","Alphaproteobacteria","SAR11 clade","Clade I","Clade Ib",NA,"Clade Ib",0.057613417495405
"ASV311","DESeq2",24.5388741890793,8.46540399869836,1.18527236220144,7.14215927803742,9.18760454378114e-13,9.53141385144913e-12,"deseq2",9.53141385144913e-12,8.46540399869836,TRUE,NA,NA,NA,NA,NA,NA,NA,NA,NA,NA,NA,NA,NA,TRUE,FALSE,FALSE,TRUE,TRUE,FALSE,2,TRUE,TRUE,FALSE,"DESeq2 + ALDEx2",0,0.00361147714356929,"contrast",0.00361147714356929,"Bacteria","Bacteroidota","Bacteroidia","Flavobacteriales","Flavobacteriaceae","NS4 marine group",NA,"NS4 marine group",11.0208426730931
"ASV312","DESeq2",20.1064105013522,2.55426152622942,0.98435182869693,2.5948664408037,0.00946276822691781,0.0201872388840913,"deseq2",0.0201872388840913,2.55426152622942,TRUE,NA,NA,NA,NA,NA,NA,NA,NA,NA,NA,NA,NA,NA,TRUE,FALSE,FALSE,TRUE,TRUE,FALSE,2,TRUE,TRUE,FALSE,"DESeq2 + ALDEx2",0.000269880146632648,0.00221765325739687,"contrast",0.00221765325739687,"Bacteria","Bacteroidota","Rhodothermia","Balneolales","Balneolaceae","Balneola",NA,"Balneola",1.69492307775797
"ASV319","DESeq2",64.1945419861457,-9.39025242248924,4.20679524672779,-2.2321629344317,0.0256041961830382,0.04854000816151,"deseq2",0.04854000816151,-9.39025242248924,TRUE,NA,NA,NA,NA,NA,NA,NA,NA,NA,NA,NA,NA,NA,TRUE,FALSE,FALSE,TRUE,FALSE,FALSE,1,TRUE,TRUE,FALSE,"DESeq2 + ALDEx2",0.00252632258645912,0,"control",0.00252632258645912,"Bacteria","Proteobacteria","Gammaproteobacteria","Pseudomonadales","Saccharospirillaceae","Oleispira",NA,"Oleispira",1.31390015498187
"ASV322","DESeq2",65.8940693440846,-1.41942982812458,0.244512837427988,-5.8051341723218,6.43144810156541e-09,3.24957377763305e-08,"deseq2",3.24957377763305e-08,-1.41942982812458,TRUE,NA,NA,NA,NA,NA,NA,NA,NA,NA,NA,NA,NA,NA,TRUE,FALSE,FALSE,TRUE,FALSE,FALSE,1,TRUE,TRUE,FALSE,"DESeq2 + ALDEx2",0.00266997365276987,0.00153445973860012,"control",0.00266997365276987,"Bacteria","Proteobacteria","Alphaproteobacteria","Puniceispirillales","SAR116 clade",NA,NA,NA,7.48817359845528
"ASV323","DESeq2",23.4689544205819,0.965152569033441,3.50710156324001,0.275199492124714,0.783162977135446,0.849532720960484,"deseq2",0.849532720960484,0.965152569033441,FALSE,NA,NA,NA,NA,NA,NA,NA,NA,NA,NA,NA,NA,NA,FALSE,FALSE,FALSE,FALSE,FALSE,FALSE,0,FALSE,FALSE,FALSE,"DESeq2 only",0.000415498924591019,0.00170825774007742,"contrast",0.00170825774007742,"Bacteria","Proteobacteria","Alphaproteobacteria","SAR11 clade","Clade III",NA,NA,NA,0.0708198890034019
"ASV324","DESeq2",56.1574530801634,-2.00564429405869,0.289913985653306,-6.91806671395682,4.57848685330825e-12,4.18604512302469e-11,"deseq2",4.18604512302469e-11,-2.00564429405869,TRUE,NA,NA,NA,NA,NA,NA,NA,NA,NA,NA,NA,NA,NA,TRUE,FALSE,FALSE,TRUE,FALSE,FALSE,1,TRUE,TRUE,FALSE,"DESeq2 + ALDEx2",0.00243753752275293,0.000919875944019241,"control",0.00243753752275293,"Bacteria","Proteobacteria","Gammaproteobacteria","Pseudomonadales","SAR86 clade",NA,NA,NA,10.3781960945413
"ASV336","DESeq2",38.1627602634656,1.06047372156482,1.3748652712628,0.771329194016801,0.44051183232047,0.528614198784563,"deseq2",0.528614198784563,1.06047372156482,FALSE,NA,NA,NA,NA,NA,NA,NA,NA,NA,NA,NA,NA,NA,FALSE,FALSE,FALSE,FALSE,FALSE,FALSE,0,FALSE,FALSE,FALSE,"DESeq2 only",0.000969897186227491,0.00287454090549398,"contrast",0.00287454090549398,"Bacteria","Bacteroidota","Bacteroidia","Flavobacteriales","Flavobacteriaceae","NS5 marine group",NA,"NS5 marine group",0.276861175727638
"ASV34","DESeq2",440.220599478419,0.776281117520693,0.117647998376772,6.59833680327161,4.1579583260393e-11,3.32636666083144e-10,"deseq2",3.32636666083144e-10,0.776281117520693,TRUE,NA,NA,NA,NA,NA,NA,NA,NA,NA,NA,NA,NA,NA,TRUE,FALSE,FALSE,TRUE,TRUE,TRUE,3,TRUE,TRUE,TRUE,"DESeq2 + ALDEx2 + LEfSe",0.0113343188764296,0.0299294042727605,"contrast",0.0299294042727605,"Bacteria","Proteobacteria","Alphaproteobacteria","SAR11 clade","Clade IV",NA,NA,NA,9.47802988079324
"ASV345","DESeq2",41.8666795019257,-1.10892215585304,0.405226548194095,-2.73654863136432,0.00620874172364551,0.014024451893411,"deseq2",0.014024451893411,-1.10892215585304,TRUE,NA,NA,NA,NA,NA,NA,NA,NA,NA,NA,NA,NA,NA,TRUE,FALSE,FALSE,TRUE,FALSE,FALSE,1,TRUE,TRUE,FALSE,"DESeq2 + ALDEx2",0.00168193803904208,0.00116514045235823,"control",0.00168193803904208,"Bacteria","Proteobacteria","Alphaproteobacteria","Puniceispirillales","SAR116 clade",NA,NA,NA,1.85311410292874
"ASV346","DESeq2",40.8823999486427,-3.93497514639415,0.846222987053603,-4.65004520864533,3.31862276078122e-06,1.30035830626529e-05,"deseq2",1.30035830626529e-05,-3.93497514639415,TRUE,NA,NA,NA,NA,NA,NA,NA,NA,NA,NA,NA,NA,NA,TRUE,FALSE,FALSE,TRUE,FALSE,FALSE,1,TRUE,TRUE,FALSE,"DESeq2 + ALDEx2",0.00188483812527705,0.00018866500641461,"control",0.00188483812527705,"Archaea","Crenarchaeota","Nitrososphaeria","Nitrosopumilales","Nitrosopumilaceae","Candidatus Nitrosopumilus",NA,"Candidatus Nitrosopumilus",4.88593696385232
"ASV347","DESeq2",33.6455077309011,-8.45789410575451,4.20746134026245,-2.01021314796607,0.0444086344393359,0.0722581170538347,"deseq2",0.0722581170538347,-8.45789410575451,FALSE,NA,NA,NA,NA,NA,NA,NA,NA,NA,NA,NA,NA,NA,FALSE,FALSE,FALSE,FALSE,FALSE,FALSE,0,FALSE,FALSE,FALSE,"DESeq2 only",0.00125592084684501,0,"control",0.00125592084684501,"Bacteria","Proteobacteria","Gammaproteobacteria","Enterobacterales","Alteromonadaceae","Alteromonas","genovensis","Alteromonas",1.14111335973152
"ASV348","DESeq2",30.6981245757877,1.62216670487666,0.434243593081972,3.73561459678334,0.000187257278321894,0.000561771834965681,"deseq2",0.000561771834965681,1.62216670487666,TRUE,NA,NA,NA,NA,NA,NA,NA,NA,NA,NA,NA,NA,NA,TRUE,FALSE,FALSE,TRUE,TRUE,FALSE,2,TRUE,TRUE,FALSE,"DESeq2 + ALDEx2",0.000598630007496446,0.00275334291023691,"contrast",0.00275334291023691,"Bacteria","Marinimicrobia (SAR406 clade)",NA,NA,NA,NA,NA,NA,3.25044003840894
"ASV353","DESeq2",28.5988807088917,1.35564038170616,1.34197034419953,1.0101865421734,0.312405925696934,0.408040392747015,"deseq2",0.408040392747015,1.35564038170616,FALSE,NA,NA,NA,NA,NA,NA,NA,NA,NA,NA,NA,NA,NA,FALSE,FALSE,FALSE,FALSE,FALSE,FALSE,0,FALSE,FALSE,FALSE,"DESeq2 only",0.00065302344324005,0.00236344305376608,"contrast",0.00236344305376608,"Bacteria","Proteobacteria","Alphaproteobacteria","Rickettsiales","S25-593",NA,NA,NA,0.389296843089452
"ASV358","DESeq2",43.3880907704335,0.0623117783301375,0.243659566983659,0.255732943719449,0.798157055393638,0.856123768913846,"deseq2",0.856123768913846,0.0623117783301375,FALSE,NA,NA,NA,NA,NA,NA,NA,NA,NA,NA,NA,NA,NA,FALSE,FALSE,FALSE,FALSE,FALSE,FALSE,0,FALSE,FALSE,FALSE,"DESeq2 only",0.00135619719778839,0.00218334839528893,"contrast",0.00218334839528893,"Bacteria","Proteobacteria","Alphaproteobacteria","SAR11 clade","Clade I","Clade Ia",NA,"Clade Ia",0.0674634452870047
"ASV361","DESeq2",24.4652863507628,-7.99056745758468,1.46900338535351,-5.43944795311807,5.34459195056051e-08,2.44324203454195e-07,"deseq2",2.44324203454195e-07,-7.99056745758468,TRUE,NA,NA,NA,NA,NA,NA,NA,NA,NA,NA,NA,NA,NA,TRUE,FALSE,FALSE,TRUE,FALSE,FALSE,1,TRUE,TRUE,FALSE,"DESeq2 + ALDEx2",0.00114937326099855,0,"control",0.00114937326099855,"Bacteria","Proteobacteria","Alphaproteobacteria","SAR11 clade","Clade I","Clade Ib",NA,"Clade Ib",6.6120335084423
"ASV362","DESeq2",35.1996034107216,2.62996478447067,0.436799311701336,6.02099113715848,1.73352251578629e-09,1.00859491827566e-08,"deseq2",1.00859491827566e-08,2.62996478447067,TRUE,NA,NA,NA,NA,NA,NA,NA,NA,NA,NA,NA,NA,NA,TRUE,FALSE,FALSE,TRUE,TRUE,FALSE,2,TRUE,TRUE,FALSE,"DESeq2 + ALDEx2",0.000409382976568859,0.00391962607565348,"contrast",0.00391962607565348,"Bacteria","Bacteroidota","Bacteroidia","Flavobacteriales","Flavobacteriaceae","NS5 marine group",NA,"NS5 marine group",7.99628322432917
"ASV364","DESeq2",22.6642187067316,8.3506000530763,1.32248970364463,6.314302508415,2.71382634968511e-10,1.86090949692693e-09,"deseq2",1.86090949692693e-09,8.3506000530763,TRUE,NA,NA,NA,NA,NA,NA,NA,NA,NA,NA,NA,NA,NA,TRUE,FALSE,FALSE,TRUE,TRUE,FALSE,2,TRUE,TRUE,FALSE,"DESeq2 + ALDEx2",0,0.00334562032982231,"contrast",0.00334562032982231,"Bacteria","Planctomycetota","Planctomycetes","Pirellulales","Pirellulaceae","Rhodopirellula",NA,"Rhodopirellula",8.73027474774026
"ASV37","DESeq2",220.394020003796,-1.2136520318767,0.321915084142011,-3.77009991660192,0.000163182203678346,0.000505205904358924,"deseq2",0.000505205904358924,-1.2136520318767,TRUE,NA,NA,NA,NA,NA,NA,NA,NA,NA,NA,NA,NA,NA,TRUE,FALSE,FALSE,TRUE,FALSE,FALSE,1,TRUE,TRUE,FALSE,"DESeq2 + ALDEx2",0.00850012609739034,0.00575936622851293,"control",0.00850012609739034,"Bacteria","Cyanobacteria","Cyanobacteriia","Synechococcales","Cyanobiaceae","Synechococcus CC9902",NA,"Synechococcus CC9902",3.29653158247238
"ASV375","DESeq2",27.7382982583989,-1.30819986455529,0.726482771395864,-1.80073074828975,0.0717453287024478,0.11020082488696,"deseq2",0.11020082488696,-1.30819986455529,FALSE,NA,NA,NA,NA,NA,NA,NA,NA,NA,NA,NA,NA,NA,FALSE,FALSE,FALSE,FALSE,FALSE,FALSE,0,FALSE,FALSE,FALSE,"DESeq2 only",0.00118747497200214,0.000688335727559229,"control",0.00118747497200214,"Bacteria","Proteobacteria","Gammaproteobacteria","Pseudomonadales","Porticoccaceae","SAR92 clade",NA,"SAR92 clade",0.957815154644723
"ASV376","DESeq2",39.377674415746,-2.75862931096951,1.27224858265931,-2.16830998954882,0.0301351088886189,0.0551041991106173,"deseq2",0.0551041991106173,-2.75862931096951,FALSE,NA,NA,NA,NA,NA,NA,NA,NA,NA,NA,NA,NA,NA,FALSE,FALSE,FALSE,FALSE,FALSE,FALSE,0,FALSE,FALSE,FALSE,"DESeq2 only",0.00180919510353783,0.000396196513470681,"control",0.00180919510353783,"Bacteria","Proteobacteria","Alphaproteobacteria","Rhodospirillales","AEGEAN-169 marine group",NA,NA,NA,1.25881530530276
"ASV378","DESeq2",53.0853057998328,-0.652401065202521,0.266265433334759,-2.45019061254676,0.0142780607388765,0.0301251391413659,"deseq2",0.0301251391413659,-0.652401065202521,TRUE,NA,NA,NA,NA,NA,NA,NA,NA,NA,NA,NA,NA,NA,TRUE,FALSE,FALSE,TRUE,FALSE,FALSE,1,TRUE,TRUE,FALSE,"DESeq2 + ALDEx2",0.001962971718795,0.00189063782467122,"control",0.001962971718795,"Bacteria","Proteobacteria","Alphaproteobacteria","SAR11 clade","Clade II",NA,NA,NA,1.52107093850213
"ASV379","DESeq2",60.0866087150843,0.891386003196153,0.250824905991077,3.55381775057004,0.000379682227217581,0.00110453011554205,"deseq2",0.00110453011554205,0.891386003196153,TRUE,NA,NA,NA,NA,NA,NA,NA,NA,NA,NA,NA,NA,NA,TRUE,FALSE,FALSE,TRUE,TRUE,FALSE,2,TRUE,TRUE,FALSE,"DESeq2 + ALDEx2",0.0015154689431228,0.00427922056572053,"contrast",0.00427922056572053,"Bacteria","Proteobacteria","Alphaproteobacteria","Parvibaculales","OCS116 clade",NA,NA,NA,2.95682243838428
"ASV383","DESeq2",84.4885858195731,-9.78641477607762,3.01443497202696,-3.24651713070362,0.00116826416964263,0.00303117189961332,"deseq2",0.00303117189961332,-9.78641477607762,TRUE,NA,NA,NA,NA,NA,NA,NA,NA,NA,NA,NA,NA,NA,TRUE,FALSE,FALSE,TRUE,FALSE,FALSE,1,TRUE,TRUE,FALSE,"DESeq2 + ALDEx2",0.00322634344244708,0,"control",0.00322634344244708,"Bacteria","Proteobacteria","Gammaproteobacteria","Pseudomonadales","Saccharospirillaceae","Oleispira",NA,"Oleispira",2.51838943382815
"ASV384","DESeq2",34.8284808234115,-8.50812354268696,4.20741346219831,-2.0221743403943,0.0431583441491772,0.0715076190032746,"deseq2",0.0715076190032746,-8.50812354268696,FALSE,NA,NA,NA,NA,NA,NA,NA,NA,NA,NA,NA,NA,NA,FALSE,FALSE,FALSE,FALSE,FALSE,FALSE,0,FALSE,FALSE,FALSE,"DESeq2 only",0.00146284042726407,0,"control",0.00146284042726407,"Bacteria","Proteobacteria","Gammaproteobacteria","Enterobacterales","Alteromonadaceae",NA,NA,NA,1.14564768246752
"ASV385","DESeq2",28.0929816680296,1.99255175615502,1.20473141895889,1.65393856655366,0.0981399955579789,0.146068830597922,"deseq2",0.146068830597922,1.99255175615502,FALSE,NA,NA,NA,NA,NA,NA,NA,NA,NA,NA,NA,NA,NA,FALSE,FALSE,FALSE,FALSE,FALSE,FALSE,0,FALSE,FALSE,FALSE,"DESeq2 only",0.000483538758232207,0.00276191325817438,"contrast",0.00276191325817438,"Bacteria","Bacteroidota","Bacteroidia","Flavobacteriales","Flavobacteriaceae","NS5 marine group",NA,"NS5 marine group",0.835442447607877
"ASV386","DESeq2",60.6643471256483,-1.90205525126073,0.291847506024706,-6.51729143472521,7.15882559902433e-11,5.28651736543335e-10,"deseq2",5.28651736543335e-10,-1.90205525126073,TRUE,NA,NA,NA,NA,NA,NA,NA,NA,NA,NA,NA,NA,NA,TRUE,FALSE,FALSE,TRUE,FALSE,FALSE,1,TRUE,TRUE,FALSE,"DESeq2 + ALDEx2",0.002573611397352,0.00105479823115529,"control",0.002573611397352,"Bacteria","Cyanobacteria","Cyanobacteriia","Synechococcales","Cyanobiaceae","Synechococcus CC9902",NA,"Synechococcus CC9902",9.27683033686116
"ASV39","DESeq2",207.787398755846,-0.0743840920962905,0.159741301013457,-0.465653476116512,0.641463558683727,0.724476489807504,"deseq2",0.724476489807504,-0.0743840920962905,FALSE,NA,NA,NA,NA,NA,NA,NA,NA,NA,NA,NA,NA,NA,FALSE,FALSE,FALSE,FALSE,FALSE,FALSE,0,FALSE,FALSE,FALSE,"DESeq2 only",0.00674282796349386,0.00986480052793519,"contrast",0.00986480052793519,"Bacteria","Actinobacteriota","Acidimicrobiia","Actinomarinales","Actinomarinaceae","Candidatus Actinomarina",NA,"Candidatus Actinomarina",0.139975703377813
"ASV393","DESeq2",59.0135634743091,-0.0883106716685087,0.416417947766734,-0.212072203280676,0.832050705042129,0.882617322475629,"deseq2",0.882617322475629,-0.0883106716685087,FALSE,NA,NA,NA,NA,NA,NA,NA,NA,NA,NA,NA,NA,NA,FALSE,FALSE,FALSE,FALSE,FALSE,FALSE,0,FALSE,FALSE,FALSE,"DESeq2 only",0.00200712916383233,0.00278479098969903,"contrast",0.00278479098969903,"Bacteria","Proteobacteria","Gammaproteobacteria","Pseudomonadales","SAR86 clade",NA,NA,NA,0.0542275532294637
"ASV399","DESeq2",48.048546131078,-8.97102818853003,1.4562854822494,-6.16021260795186,7.26473436138617e-10,4.64942999128715e-09,"deseq2",4.64942999128715e-09,-8.97102818853003,TRUE,NA,NA,NA,NA,NA,NA,NA,NA,NA,NA,NA,NA,NA,TRUE,FALSE,FALSE,TRUE,FALSE,FALSE,1,TRUE,TRUE,FALSE,"DESeq2 + ALDEx2",0.00230770111536788,0,"control",0.00230770111536788,"Bacteria","Proteobacteria","Alphaproteobacteria","SAR11 clade","Clade II",NA,NA,NA,8.3326002872848
"ASV4","DESeq2",2162.33203085465,-1.6146612014563,0.197848309676778,-8.16110688079244,3.31968251821876e-16,7.08198937220002e-15,"deseq2",7.08198937220002e-15,-1.6146612014563,TRUE,NA,NA,NA,NA,NA,NA,NA,NA,NA,NA,NA,NA,NA,TRUE,FALSE,FALSE,TRUE,FALSE,TRUE,2,TRUE,TRUE,TRUE,"DESeq2 + ALDEx2 + LEfSe",0.0900239424724802,0.0447337528888674,"control",0.0900239424724802,"Bacteria","Cyanobacteria","Cyanobacteriia","Synechococcales","Cyanobiaceae","Synechococcus CC9902",NA,"Synechococcus CC9902",14.1498447293145
"ASV40","DESeq2",334.636619785325,-0.391106503573997,0.175271835513543,-2.23142812664718,0.0256527834762028,0.04854000816151,"deseq2",0.04854000816151,-0.391106503573997,TRUE,NA,NA,NA,NA,NA,NA,NA,NA,NA,NA,NA,NA,NA,TRUE,FALSE,FALSE,TRUE,FALSE,FALSE,1,TRUE,TRUE,FALSE,"DESeq2 + ALDEx2",0.0114131737649073,0.01359917800117,"contrast",0.01359917800117,"Bacteria","Proteobacteria","Alphaproteobacteria","SAR11 clade","Clade I","Clade Ib",NA,"Clade Ib",1.31390015498187
"ASV402","DESeq2",61.291113477544,-0.160833038566187,1.51776013254266,-0.105967362772105,0.91560824708553,0.950252883461739,"deseq2",0.950252883461739,-0.160833038566187,FALSE,NA,NA,NA,NA,NA,NA,NA,NA,NA,NA,NA,NA,NA,FALSE,FALSE,FALSE,FALSE,FALSE,FALSE,0,FALSE,FALSE,FALSE,"DESeq2 only",0.00219522975857271,0.00278879048540318,"contrast",0.00278879048540318,"Bacteria","Proteobacteria","Alphaproteobacteria","SAR11 clade","Clade I","Clade Ia",NA,"Clade Ia",0.0221608038931069
"ASV406","DESeq2",31.8871138808348,-0.190662802783924,2.57238804911232,-0.0741189894929413,0.94091570538979,0.965698666453508,"deseq2",0.965698666453508,-0.190662802783924,FALSE,NA,NA,NA,NA,NA,NA,NA,NA,NA,NA,NA,NA,NA,FALSE,FALSE,FALSE,FALSE,FALSE,FALSE,0,FALSE,FALSE,FALSE,"DESeq2 only",0.00106124466472676,0.0014258433221637,"contrast",0.0014258433221637,"Bacteria","Proteobacteria","Alphaproteobacteria","SAR11 clade","Clade II",NA,NA,NA,0.0151583683174979
"ASV412","DESeq2",40.7046820074806,-0.899151903295067,0.33701103871717,-2.66801914476654,0.00762999102274618,0.0166472531405371,"deseq2",0.0166472531405371,-0.899151903295067,TRUE,NA,NA,NA,NA,NA,NA,NA,NA,NA,NA,NA,NA,NA,TRUE,FALSE,FALSE,TRUE,FALSE,FALSE,1,TRUE,TRUE,FALSE,"DESeq2 + ALDEx2",0.00150777412910728,0.00125890159903638,"control",0.00150777412910728,"Bacteria","Proteobacteria","Alphaproteobacteria","SAR11 clade","Clade I","Clade Ib",NA,"Clade Ib",1.77865741647131
"ASV413","DESeq2",32.6311630537617,0.56192399414581,1.43379043535747,0.391915010930948,0.695121011345483,0.767030081484671,"deseq2",0.767030081484671,0.56192399414581,FALSE,NA,NA,NA,NA,NA,NA,NA,NA,NA,NA,NA,NA,NA,FALSE,FALSE,FALSE,FALSE,FALSE,FALSE,0,FALSE,FALSE,FALSE,"DESeq2 only",0.000986533498642898,0.00203985576021542,"contrast",0.00203985576021542,"Bacteria","Proteobacteria","Alphaproteobacteria","Rhodobacterales","Rhodobacteraceae",NA,NA,NA,0.115187603500016
"ASV416","DESeq2",58.0708725144855,-0.561921302926094,0.527443693297526,-1.06536737488132,0.286709714558241,0.379643208242636,"deseq2",0.379643208242636,-0.561921302926094,FALSE,NA,NA,NA,NA,NA,NA,NA,NA,NA,NA,NA,NA,NA,FALSE,FALSE,FALSE,FALSE,FALSE,FALSE,0,FALSE,FALSE,FALSE,"DESeq2 only",0.0019767668038993,0.00215648290323917,"contrast",0.00215648290323917,"Bacteria","Proteobacteria","Alphaproteobacteria","SAR11 clade","Clade IV",NA,NA,NA,0.420624365176634
"ASV42","DESeq2",28.9295550071476,-8.23969672032746,2.97246613640311,-2.77200692698153,0.00557118509950197,0.0127341373702902,"deseq2",0.0127341373702902,-8.23969672032746,TRUE,NA,NA,NA,NA,NA,NA,NA,NA,NA,NA,NA,NA,NA,TRUE,FALSE,FALSE,TRUE,FALSE,FALSE,1,TRUE,TRUE,FALSE,"DESeq2 + ALDEx2",0.00115675636247541,0,"control",0.00115675636247541,"Bacteria","Proteobacteria","Gammaproteobacteria","Pseudomonadales","Marinomonadaceae","Marinomonas",NA,"Marinomonas",1.89503046946847
"ASV420","DESeq2",45.4218232541575,0.0433668601881799,2.46394830859887,0.0176005560006413,0.98595751312188,0.98595751312188,"deseq2",0.98595751312188,0.0433668601881799,FALSE,NA,NA,NA,NA,NA,NA,NA,NA,NA,NA,NA,NA,NA,FALSE,FALSE,FALSE,FALSE,FALSE,FALSE,0,FALSE,FALSE,FALSE,"DESeq2 only",0.00166648538354575,0.00227425275932125,"contrast",0.00227425275932125,"Bacteria","Proteobacteria","Alphaproteobacteria","SAR11 clade","Clade I","Clade Ia",NA,"Clade Ia",0.00614179927205241
"ASV436","DESeq2",30.0432512293481,0.44776163290667,0.324435509353766,1.38012523289622,0.16754808938219,0.238290616010226,"deseq2",0.238290616010226,0.44776163290667,FALSE,NA,NA,NA,NA,NA,NA,NA,NA,NA,NA,NA,NA,NA,FALSE,FALSE,FALSE,FALSE,TRUE,FALSE,1,TRUE,TRUE,FALSE,"DESeq2 + ALDEx2",0.000861169927836929,0.00180030481716807,"contrast",0.00180030481716807,"Bacteria","Bacteroidota","Bacteroidia","Flavobacteriales","Flavobacteriaceae","NS5 marine group",NA,"NS5 marine group",0.622893060025436
"ASV437","DESeq2",31.4958444899791,-1.8364719494758,1.47588581244422,-1.24431845200437,0.213382382563759,0.29056324434214,"deseq2",0.29056324434214,-1.8364719494758,FALSE,NA,NA,NA,NA,NA,NA,NA,NA,NA,NA,NA,NA,NA,FALSE,FALSE,FALSE,FALSE,FALSE,FALSE,0,FALSE,FALSE,FALSE,"DESeq2 only",0.00138844012752246,0.000565995019243831,"control",0.00138844012752246,"Bacteria","Proteobacteria","Alphaproteobacteria","Rhodobacterales","Rhodobacteraceae",NA,NA,NA,0.536759323929856
"ASV45","DESeq2",276.257662251779,-0.813064214306021,0.139662231760315,-5.82164701263961,5.82705171993423e-09,3.0237673789929e-08,"deseq2",3.0237673789929e-08,-0.813064214306021,TRUE,NA,NA,NA,NA,NA,NA,NA,NA,NA,NA,NA,NA,NA,TRUE,FALSE,FALSE,TRUE,FALSE,FALSE,1,TRUE,TRUE,FALSE,"DESeq2 + ALDEx2",0.0102214889872472,0.00899866730319451,"control",0.0102214889872472,"Bacteria","Proteobacteria","Alphaproteobacteria","SAR11 clade","Clade I","Clade Ib",NA,"Clade Ib",7.51945162253117
"ASV451","DESeq2",19.5828692940193,2.82036707515159,0.796876176184174,3.53927894877829,0.000401221638878251,0.00114976947260633,"deseq2",0.00114976947260633,2.82036707515159,TRUE,NA,NA,NA,NA,NA,NA,NA,NA,NA,NA,NA,NA,NA,TRUE,FALSE,FALSE,TRUE,TRUE,FALSE,2,TRUE,TRUE,FALSE,"DESeq2 + ALDEx2",0.000217783429933742,0.00225881439785478,"contrast",0.00225881439785478,"Bacteria","Marinimicrobia (SAR406 clade)",NA,NA,NA,NA,NA,NA,2.93938922643854
"ASV454","DESeq2",25.9879688399324,0.0419181895933303,1.46537114913094,0.0286058515743199,0.977178945114216,0.982295065245704,"deseq2",0.982295065245704,0.0419181895933303,FALSE,NA,NA,NA,NA,NA,NA,NA,NA,NA,NA,NA,NA,NA,FALSE,FALSE,FALSE,FALSE,FALSE,FALSE,0,FALSE,FALSE,FALSE,"DESeq2 only",0.000848869010611436,0.00130006273949428,"contrast",0.00130006273949428,"Bacteria","Proteobacteria","Alphaproteobacteria","SAR11 clade","Clade II",NA,NA,NA,0.00775803771230777
"ASV464","DESeq2",57.5397532446449,-1.41612572705409,0.344517100528915,-4.11046570657886,3.9486192350513e-05,0.000133006121601728,"deseq2",0.000133006121601728,-1.41612572705409,TRUE,NA,NA,NA,NA,NA,NA,NA,NA,NA,NA,NA,NA,NA,TRUE,FALSE,FALSE,TRUE,FALSE,FALSE,1,TRUE,TRUE,FALSE,"DESeq2 + ALDEx2",0.00237355050203246,0.00133893845383554,"control",0.00237355050203246,"Bacteria","Actinobacteriota","Acidimicrobiia","Actinomarinales","Actinomarinaceae","Candidatus Actinomarina",NA,"Candidatus Actinomarina",3.87612837018578
"ASV466","DESeq2",34.9152113811083,-0.658365576770322,0.488184554337448,-1.34859976810172,0.177465555212119,0.250539607358285,"deseq2",0.250539607358285,-0.658365576770322,FALSE,NA,NA,NA,NA,NA,NA,NA,NA,NA,NA,NA,NA,NA,FALSE,FALSE,FALSE,FALSE,FALSE,FALSE,0,FALSE,FALSE,FALSE,"DESeq2 only",0.00133320594421866,0.00124232052451157,"control",0.00133320594421866,"Bacteria","Proteobacteria","Alphaproteobacteria","Rhodobacterales","Rhodobacteraceae",NA,NA,NA,0.6011236075316
"ASV47","DESeq2",177.028599593277,-1.80920026138986,0.263674113235701,-6.86150126452726,6.81406011744387e-12,5.94681610249647e-11,"deseq2",5.94681610249647e-11,-1.80920026138986,TRUE,NA,NA,NA,NA,NA,NA,NA,NA,NA,NA,NA,NA,NA,TRUE,FALSE,FALSE,TRUE,FALSE,FALSE,1,TRUE,TRUE,FALSE,"DESeq2 + ALDEx2",0.00729158611358955,0.00324501463997323,"control",0.00729158611358955,"Bacteria","Proteobacteria","Alphaproteobacteria","SAR11 clade","Clade I","Clade Ib",NA,"Clade Ib",10.2257154912814
"ASV488","DESeq2",91.6913370856986,-9.90464428703321,4.20657530421957,-2.35456245775464,0.0185445269545709,0.0374794650029223,"deseq2",0.0374794650029223,-9.90464428703321,TRUE,NA,NA,NA,NA,NA,NA,NA,NA,NA,NA,NA,NA,NA,TRUE,FALSE,FALSE,TRUE,FALSE,FALSE,1,TRUE,TRUE,FALSE,"DESeq2 + ALDEx2",0.00363549465672692,0,"control",0.00363549465672692,"Bacteria","Proteobacteria","Gammaproteobacteria","Enterobacterales","Colwelliaceae","Litorilituus",NA,"Litorilituus",1.42620661703551
"ASV49","DESeq2",170.299905578802,-10.7977171534447,2.15341091406337,-5.01423907667952,5.3243750521672e-07,2.22234784786109e-06,"deseq2",2.22234784786109e-06,-10.7977171534447,TRUE,NA,NA,NA,NA,NA,NA,NA,NA,NA,NA,NA,NA,NA,TRUE,FALSE,FALSE,TRUE,FALSE,FALSE,1,TRUE,TRUE,FALSE,"DESeq2 + ALDEx2",0.00681469336315675,0,"control",0.00681469336315675,"Bacteria","Proteobacteria","Gammaproteobacteria","Enterobacterales","Colwelliaceae","Colwellia",NA,"Colwellia",5.65318796313449
"ASV494","DESeq2",38.7650536440661,-0.305054407612333,1.49216179684614,-0.204437888878473,0.83801132431225,0.884055902571165,"deseq2",0.884055902571165,-0.305054407612333,FALSE,NA,NA,NA,NA,NA,NA,NA,NA,NA,NA,NA,NA,NA,FALSE,FALSE,FALSE,FALSE,FALSE,FALSE,0,FALSE,FALSE,FALSE,"DESeq2 only",0.00141482525140415,0.00164708738591972,"contrast",0.00164708738591972,"Bacteria","Proteobacteria","Alphaproteobacteria","Rhodospirillales","AEGEAN-169 marine group",NA,NA,NA,0.05352027185281
"ASV5","DESeq2",1033.53401565666,-0.286982571870492,0.0916711349151079,-3.13056636787853,0.00174469571458836,0.00435041009351903,"deseq2",0.00435041009351903,-0.286982571870492,TRUE,NA,NA,NA,NA,NA,NA,NA,NA,NA,NA,NA,NA,NA,TRUE,FALSE,FALSE,TRUE,FALSE,TRUE,2,TRUE,TRUE,TRUE,"DESeq2 + ALDEx2 + LEfSe",0.0351984319441902,0.0442512580691348,"contrast",0.0442512580691348,"Bacteria","Proteobacteria","Alphaproteobacteria","SAR11 clade","Clade II",NA,NA,NA,2.36146980213554
"ASV50","DESeq2",339.734966174471,-25.0908603115055,4.20620042516071,-5.96520797283378,2.44322646214278e-09,1.34924219262909e-08,"deseq2",1.34924219262909e-08,-25.0908603115055,TRUE,NA,NA,NA,NA,NA,NA,NA,NA,NA,NA,NA,NA,NA,TRUE,FALSE,FALSE,TRUE,FALSE,FALSE,1,TRUE,TRUE,FALSE,"DESeq2 + ALDEx2",0.013735447551758,0,"control",0.013735447551758,"Bacteria","Proteobacteria","Alphaproteobacteria","Rhodobacterales","Rhodobacteraceae","Pseudophaeobacter",NA,"Pseudophaeobacter",7.86991008629437
"ASV500","DESeq2",24.5143148295923,-2.653227567522,2.25723462138273,-1.17543278061927,0.239821615217657,0.321998252599931,"deseq2",0.321998252599931,-2.653227567522,FALSE,NA,NA,NA,NA,NA,NA,NA,NA,NA,NA,NA,NA,NA,FALSE,FALSE,FALSE,FALSE,FALSE,FALSE,0,FALSE,FALSE,FALSE,"DESeq2 only",0.0012096392041108,0.000264131008980454,"control",0.0012096392041108,"Bacteria","Proteobacteria","Gammaproteobacteria","Pseudomonadales","SAR86 clade",NA,NA,NA,0.492146485100029
"ASV507","DESeq2",31.3075673196107,-8.35472672918962,4.20756506213988,-1.98564409719207,0.0470728563575945,0.075949482526539,"deseq2",0.075949482526539,-8.35472672918962,FALSE,NA,NA,NA,NA,NA,NA,NA,NA,NA,NA,NA,NA,NA,FALSE,FALSE,FALSE,FALSE,FALSE,FALSE,0,FALSE,FALSE,FALSE,"DESeq2 only",0.00157112733863353,0,"control",0.00157112733863353,"Bacteria","Proteobacteria","Alphaproteobacteria","SAR11 clade","Clade I","Clade Ia",NA,"Clade Ia",1.11947518080889
"ASV51","DESeq2",240.206151330017,-0.161071640750078,0.193846958544686,-0.830921681512729,0.406017874446228,0.496531413335514,"deseq2",0.496531413335514,-0.161071640750078,FALSE,NA,NA,NA,NA,NA,NA,NA,NA,NA,NA,NA,NA,NA,FALSE,FALSE,FALSE,FALSE,FALSE,FALSE,0,FALSE,FALSE,FALSE,"DESeq2 only",0.00807482757158932,0.010935048855736,"contrast",0.010935048855736,"Bacteria","Proteobacteria","Alphaproteobacteria","SAR11 clade","Clade I","Clade Ib",NA,"Clade Ib",0.304053270417929
"ASV53","DESeq2",185.624189987399,-10.9222306623621,3.13580520350291,-3.4830705205034,0.00049569776973913,0.0013996172322046,"deseq2",0.0013996172322046,-10.9222306623621,TRUE,NA,NA,NA,NA,NA,NA,NA,NA,NA,NA,NA,NA,NA,TRUE,FALSE,FALSE,TRUE,FALSE,FALSE,1,TRUE,TRUE,FALSE,"DESeq2 + ALDEx2",0.00720597183696095,0,"control",0.00720597183696095,"Bacteria","Proteobacteria","Gammaproteobacteria","Enterobacterales","Colwelliaceae","Colwellia",NA,"Colwellia",2.85399071908617
"ASV549","DESeq2",25.1581504176598,-8.03949485089433,4.20793206989325,-1.91055718518248,0.0560615109224242,0.0882279516156185,"deseq2",0.0882279516156185,-8.03949485089433,FALSE,NA,NA,NA,NA,NA,NA,NA,NA,NA,NA,NA,NA,NA,FALSE,FALSE,FALSE,FALSE,FALSE,FALSE,0,FALSE,FALSE,FALSE,"DESeq2 only",0.00140331701480334,0,"control",0.00140331701480334,"Bacteria","Proteobacteria","Gammaproteobacteria","Pseudomonadales","SAR86 clade",NA,NA,NA,1.05439380365166
"ASV551","DESeq2",30.3629333931161,5.01304603192731,2.58820268546115,1.93688309655475,0.0527596351630602,0.0844154162608963,"deseq2",0.0844154162608963,5.01304603192731,FALSE,NA,NA,NA,NA,NA,NA,NA,NA,NA,NA,NA,NA,NA,FALSE,FALSE,FALSE,FALSE,TRUE,FALSE,1,TRUE,TRUE,FALSE,"DESeq2 + ALDEx2",9.68204174896402e-05,0.00421519342891701,"contrast",0.00421519342891701,"Bacteria","Bacteroidota","Bacteroidia","Flavobacteriales","Flavobacteriaceae","NS5 marine group",NA,"NS5 marine group",1.07357823363915
"ASV56","DESeq2",105.126536548736,-4.3023734307774,0.342557193876964,-12.5595769339548,3.52210976481266e-36,1.69061268711008e-34,"deseq2",1.69061268711008e-34,-4.3023734307774,TRUE,NA,NA,NA,NA,NA,NA,NA,NA,NA,NA,NA,NA,NA,TRUE,FALSE,FALSE,TRUE,FALSE,FALSE,1,TRUE,TRUE,FALSE,"DESeq2 + ALDEx2",0.00492701514664878,0.000384186291179194,"control",0.00492701514664878,"Archaea","Crenarchaeota","Nitrososphaeria","Nitrosopumilales","Nitrosopumilaceae","Candidatus Nitrosopelagicus",NA,"Candidatus Nitrosopelagicus",33.771955876209
"ASV563","DESeq2",25.4238620175136,0.645005979895501,0.643640152321856,1.00212203599902,0.31628465628889,0.410315229780181,"deseq2",0.410315229780181,0.645005979895501,FALSE,NA,NA,NA,NA,NA,NA,NA,NA,NA,NA,NA,NA,NA,FALSE,FALSE,FALSE,FALSE,TRUE,FALSE,1,TRUE,TRUE,FALSE,"DESeq2 + ALDEx2",0.00067881920501052,0.00164594467286139,"contrast",0.00164594467286139,"Bacteria","Bacteroidota","Bacteroidia","Flavobacteriales","Cryomorphaceae",NA,NA,NA,0.386882362909419
"ASV581","DESeq2",22.399593775183,2.36732260420737,1.15008354029946,2.05839186568217,0.0395525319526778,0.0684151904046319,"deseq2",0.0684151904046319,2.36732260420737,FALSE,NA,NA,NA,NA,NA,NA,NA,NA,NA,NA,NA,NA,NA,FALSE,FALSE,FALSE,FALSE,FALSE,FALSE,0,FALSE,FALSE,FALSE,"DESeq2 only",0.000301089164936287,0.00237829832352435,"contrast",0.00237829832352435,"Bacteria","Marinimicrobia (SAR406 clade)",NA,NA,NA,NA,NA,NA,1.16484746002742
"ASV584","DESeq2",45.8867273028512,-0.30867068700928,0.230818218475665,-1.33728909722879,0.18112828847151,0.253844024719197,"deseq2",0.253844024719197,-0.30867068700928,FALSE,NA,NA,NA,NA,NA,NA,NA,NA,NA,NA,NA,NA,NA,FALSE,FALSE,FALSE,FALSE,FALSE,FALSE,0,FALSE,FALSE,FALSE,"DESeq2 only",0.00154868498311598,0.00193408439124579,"contrast",0.00193408439124579,"Bacteria","Proteobacteria","Alphaproteobacteria","SAR11 clade","Clade I","Clade Ib",NA,"Clade Ib",0.59543305507609
"ASV591","DESeq2",24.7998878657447,-8.01620194641584,1.46590875683117,-5.46841807790569,4.54069844171837e-08,2.12637585563397e-07,"deseq2",2.12637585563397e-07,-8.01620194641584,TRUE,NA,NA,NA,NA,NA,NA,NA,NA,NA,NA,NA,NA,NA,TRUE,FALSE,FALSE,TRUE,FALSE,FALSE,1,TRUE,TRUE,FALSE,"DESeq2 + ALDEx2",0.00118844366493565,0,"control",0.00118844366493565,"Bacteria","Proteobacteria","Alphaproteobacteria","SAR11 clade","Clade I","Clade Ib",NA,"Clade Ib",6.67235996765815
"ASV6","DESeq2",1282.91885628968,-0.472875290826144,0.107072216311216,-4.41641452019342,1.00351558506821e-05,3.63537721383201e-05,"deseq2",3.63537721383201e-05,-0.472875290826144,TRUE,NA,NA,NA,NA,NA,NA,NA,NA,NA,NA,NA,NA,NA,TRUE,FALSE,FALSE,TRUE,FALSE,FALSE,1,TRUE,TRUE,FALSE,"DESeq2 + ALDEx2",0.0454853066637312,0.0500620933259886,"contrast",0.0500620933259886,"Bacteria","Proteobacteria","Alphaproteobacteria","SAR11 clade","Clade I","Clade Ia",NA,"Clade Ia",4.43945051922414
"ASV60","DESeq2",124.214244076426,-0.148468523942686,0.337054046506125,-0.440488774668925,0.659583140684315,0.736278854717375,"deseq2",0.736278854717375,-0.148468523942686,FALSE,NA,NA,NA,NA,NA,NA,NA,NA,NA,NA,NA,NA,NA,FALSE,FALSE,FALSE,FALSE,FALSE,FALSE,0,FALSE,FALSE,FALSE,"DESeq2 only",0.00401695168879556,0.00567191347401366,"contrast",0.00567191347401366,"Bacteria","Marinimicrobia (SAR406 clade)",NA,NA,NA,NA,NA,NA,0.13295767190063
"ASV609","DESeq2",40.277946117938,-2.78606743132882,1.59450804734399,-1.74728966465214,0.0805871049681573,0.122799398046716,"deseq2",0.122799398046716,-2.78606743132882,FALSE,NA,NA,NA,NA,NA,NA,NA,NA,NA,NA,NA,NA,NA,FALSE,FALSE,FALSE,FALSE,FALSE,FALSE,0,FALSE,FALSE,FALSE,"DESeq2 only",0.00199121783089317,0.000400767365703997,"control",0.00199121783089317,"Bacteria","Proteobacteria","Alphaproteobacteria","Puniceispirillales","SAR116 clade",NA,NA,NA,0.910803762068062
"ASV617","DESeq2",30.7133550885952,-8.32603105636863,2.91375753138833,-2.85748933007527,0.00427006990279008,0.00987775206428549,"deseq2",0.00987775206428549,-8.32603105636863,TRUE,NA,NA,NA,NA,NA,NA,NA,NA,NA,NA,NA,NA,NA,TRUE,FALSE,FALSE,TRUE,FALSE,FALSE,1,TRUE,TRUE,FALSE,"DESeq2 + ALDEx2",0.00129317492647148,0,"control",0.00129317492647148,"Bacteria","Proteobacteria","Alphaproteobacteria","SAR11 clade","Clade II",NA,NA,NA,2.00534187901108
"ASV62","DESeq2",34.0384573632981,0.215230540712666,0.526896604126516,0.408487242140179,0.682915995013899,0.757918329726408,"deseq2",0.757918329726408,0.215230540712666,FALSE,NA,NA,NA,NA,NA,NA,NA,NA,NA,NA,NA,NA,NA,FALSE,FALSE,FALSE,FALSE,FALSE,FALSE,0,FALSE,FALSE,FALSE,"DESeq2 only",0.00104080702174001,0.0018443227402718,"contrast",0.0018443227402718,"Bacteria","Verrucomicrobiota","Verrucomicrobiae","Opitutales","Puniceicoccaceae","Lentimonas",NA,"Lentimonas",0.120377589697873
"ASV623","DESeq2",19.6116565758646,0.976311535435027,0.358704708823222,2.72176949847675,0.00649334160128321,0.0144967626447253,"deseq2",0.0144967626447253,0.976311535435027,TRUE,NA,NA,NA,NA,NA,NA,NA,NA,NA,NA,NA,NA,NA,TRUE,FALSE,FALSE,TRUE,TRUE,FALSE,2,TRUE,TRUE,FALSE,"DESeq2 + ALDEx2",0.000481678514204509,0.00143498502663033,"contrast",0.00143498502663033,"Bacteria","Proteobacteria","Alphaproteobacteria","SAR11 clade","Clade III",NA,NA,NA,1.83872897173104
"ASV625","DESeq2",19.9569905100805,5.08600921247348,2.1749391145558,2.338460501462,0.0193633723686373,0.0387267447372746,"deseq2",0.0387267447372746,5.08600921247348,TRUE,NA,NA,NA,NA,NA,NA,NA,NA,NA,NA,NA,NA,NA,TRUE,FALSE,FALSE,TRUE,TRUE,FALSE,2,TRUE,TRUE,FALSE,"DESeq2 + ALDEx2",5.02613590671492e-05,0.00277849433269918,"contrast",0.00277849433269918,"Archaea","Thermoplasmatota","Thermoplasmata","Marine Group III",NA,NA,NA,NA,1.41198900706904
"ASV637","DESeq2",37.6212428617637,0.238385547336371,0.324963317508275,0.733576790033541,0.463206710939475,0.552395580747696,"deseq2",0.552395580747696,0.238385547336371,FALSE,NA,NA,NA,NA,NA,NA,NA,NA,NA,NA,NA,NA,NA,FALSE,FALSE,FALSE,FALSE,FALSE,FALSE,0,FALSE,FALSE,FALSE,"DESeq2 only",0.00111394403978569,0.00205014017774038,"contrast",0.00205014017774038,"Bacteria","Proteobacteria","Alphaproteobacteria","SAR11 clade","Clade IV",NA,NA,NA,0.257749804504281
"ASV64","DESeq2",47.1717369437585,0.659445241577784,0.528834264306195,1.24697903688776,0.212405184193743,0.29056324434214,"deseq2",0.29056324434214,0.659445241577784,FALSE,NA,NA,NA,NA,NA,NA,NA,NA,NA,NA,NA,NA,NA,FALSE,FALSE,FALSE,FALSE,FALSE,FALSE,0,FALSE,FALSE,FALSE,"DESeq2 only",0.00122883313078532,0.0030517787813253,"contrast",0.0030517787813253,"Bacteria","Planctomycetota","Planctomycetes","Pirellulales","Pirellulaceae",NA,NA,NA,0.536759323929856
"ASV65","DESeq2",54.2115877130319,1.47838309986957,0.470752567356118,3.14046741831403,0.00168678469070338,0.00426135079756643,"deseq2",0.00426135079756643,1.47838309986957,TRUE,NA,NA,NA,NA,NA,NA,NA,NA,NA,NA,NA,NA,NA,TRUE,FALSE,FALSE,TRUE,TRUE,FALSE,2,TRUE,TRUE,FALSE,"DESeq2 + ALDEx2",0.0011373896805688,0.0046611331659621,"contrast",0.0046611331659621,"Bacteria","Proteobacteria","Alphaproteobacteria","Rhodobacterales","Rhodobacteraceae","Ascidiaceihabitans",NA,"Ascidiaceihabitans",2.37045271288323
"ASV658","DESeq2",34.5715599060053,0.0218240616130406,0.352334909399428,0.0619412412191593,0.950609624790172,0.965698666453508,"deseq2",0.965698666453508,0.0218240616130406,FALSE,NA,NA,NA,NA,NA,NA,NA,NA,NA,NA,NA,NA,NA,FALSE,FALSE,FALSE,FALSE,FALSE,FALSE,0,FALSE,FALSE,FALSE,"DESeq2 only",0.00112650486036228,0.00171855389278141,"contrast",0.00171855389278141,"Bacteria","Bacteroidota","Bacteroidia","Flavobacteriales","NS7 marine group",NA,NA,NA,0.0151583683174979
"ASV67","DESeq2",76.3750436644441,-9.64104774884972,4.20667822882618,-2.29184340337339,0.0219146811006395,0.0429348854216611,"deseq2",0.0429348854216611,-9.64104774884972,TRUE,NA,NA,NA,NA,NA,NA,NA,NA,NA,NA,NA,NA,NA,TRUE,FALSE,FALSE,TRUE,FALSE,FALSE,1,TRUE,TRUE,FALSE,"DESeq2 + ALDEx2",0.0032637447023726,0,"control",0.0032637447023726,"Bacteria","Proteobacteria","Gammaproteobacteria","Enterobacterales","Alteromonadaceae","Glaciecola",NA,"Glaciecola",1.36718969174527
"ASV69","DESeq2",84.6358788349134,2.31795906804509,0.188847857800208,12.274214253981,1.24595518132153e-34,4.78446789627468e-33,"deseq2",4.78446789627468e-33,2.31795906804509,TRUE,NA,NA,NA,NA,NA,NA,NA,NA,NA,NA,NA,NA,NA,TRUE,FALSE,FALSE,TRUE,TRUE,TRUE,3,TRUE,TRUE,TRUE,"DESeq2 + ALDEx2 + LEfSe",0.00117153492489428,0.00891863044839535,"contrast",0.00891863044839535,"Bacteria","Proteobacteria","Alphaproteobacteria","Rhodospirillales","AEGEAN-169 marine group",NA,NA,NA,32.3201663551832
"ASV71","DESeq2",107.685327940323,1.53327649187166,0.496323098442919,3.08927087351346,0.0020064840872071,0.00493903775312518,"deseq2",0.00493903775312518,1.53327649187166,TRUE,NA,NA,NA,NA,NA,NA,NA,NA,NA,NA,NA,NA,NA,TRUE,FALSE,FALSE,TRUE,TRUE,TRUE,3,TRUE,TRUE,TRUE,"DESeq2 + ALDEx2 + LEfSe",0.00223866269551882,0.00939257839054854,"contrast",0.00939257839054854,"Bacteria","Proteobacteria","Gammaproteobacteria","Pseudomonadales","SAR86 clade",NA,NA,NA,2.30635765415607
"ASV72","DESeq2",175.912601296693,-1.9270993430848,0.182768740186661,-10.5439220137791,5.41907268953503e-26,1.73410326065121e-24,"deseq2",1.73410326065121e-24,-1.9270993430848,TRUE,NA,NA,NA,NA,NA,NA,NA,NA,NA,NA,NA,NA,NA,TRUE,FALSE,FALSE,TRUE,FALSE,FALSE,1,TRUE,TRUE,FALSE,"DESeq2 + ALDEx2",0.00738288071955279,0.00300089284469257,"control",0.00738288071955279,"Bacteria","Proteobacteria","Alphaproteobacteria","Puniceispirillales","SAR116 clade",NA,NA,NA,23.7609250451552
"ASV726","DESeq2",36.2545143176551,-0.67736155415355,0.312040121736925,-2.17075147382689,0.0299499639048537,0.0551041991106173,"deseq2",0.0551041991106173,-0.67736155415355,FALSE,NA,NA,NA,NA,NA,NA,NA,NA,NA,NA,NA,NA,NA,FALSE,FALSE,FALSE,FALSE,FALSE,FALSE,0,FALSE,FALSE,FALSE,"DESeq2 only",0.00128744368585416,0.00126232973821136,"control",0.00128744368585416,"Bacteria","Proteobacteria","Alphaproteobacteria","SAR11 clade","Clade II",NA,NA,NA,1.25881530530276
"ASV73","DESeq2",133.223834245777,0.970982664123965,0.244853657610633,3.96556324132198,7.32228343398721e-05,0.000238284477851787,"deseq2",0.000238284477851787,0.970982664123965,TRUE,NA,NA,NA,NA,NA,NA,NA,NA,NA,NA,NA,NA,NA,TRUE,FALSE,FALSE,TRUE,FALSE,TRUE,2,TRUE,TRUE,TRUE,"DESeq2 + ALDEx2 + LEfSe",0.00326343410074422,0.00973786549702841,"contrast",0.00973786549702841,"Bacteria","Bacteroidota","Bacteroidia","Flavobacteriales","Flavobacteriaceae","NS5 marine group",NA,"NS5 marine group",3.6229042472166
"ASV738","DESeq2",23.5009660385554,8.40306022711945,1.17713841943476,7.13854894920041,9.43212829049653e-13,9.53141385144913e-12,"deseq2",9.53141385144913e-12,8.40306022711945,TRUE,NA,NA,NA,NA,NA,NA,NA,NA,NA,NA,NA,NA,NA,TRUE,FALSE,FALSE,TRUE,TRUE,FALSE,2,TRUE,TRUE,FALSE,"DESeq2 + ALDEx2",0,0.00345883106885011,"contrast",0.00345883106885011,"Bacteria","Bacteroidota","Bacteroidia","Cytophagales","Cyclobacteriaceae","Marinoscillum",NA,"Marinoscillum",11.0208426730931
"ASV74","DESeq2",110.285162911655,-1.54750481013963,0.322933497797147,-4.7920231895909,1.65107813459504e-06,6.60431253838015e-06,"deseq2",6.60431253838015e-06,-1.54750481013963,TRUE,NA,NA,NA,NA,NA,NA,NA,NA,NA,NA,NA,NA,NA,TRUE,FALSE,FALSE,TRUE,FALSE,FALSE,1,TRUE,TRUE,FALSE,"DESeq2 + ALDEx2",0.00443854236391731,0.00236287169723691,"control",0.00443854236391731,"Bacteria","Proteobacteria","Alphaproteobacteria","SAR11 clade","Clade I","Clade Ib",NA,"Clade Ib",5.1801723826409
"ASV742","DESeq2",28.9053288053291,-8.23467105739382,1.47295330601816,-5.59058527093071,2.2630551616003e-08,1.08626647756815e-07,"deseq2",1.08626647756815e-07,-8.23467105739382,TRUE,NA,NA,NA,NA,NA,NA,NA,NA,NA,NA,NA,NA,NA,TRUE,FALSE,FALSE,TRUE,FALSE,FALSE,1,TRUE,TRUE,FALSE,"DESeq2 + ALDEx2",0.0013629490236369,0,"control",0.0013629490236369,"Bacteria","Bacteroidota","Bacteroidia","Flavobacteriales","Flavobacteriaceae","NS4 marine group",NA,"NS4 marine group",6.96406362268353
"ASV76","DESeq2",45.5705152204634,-8.8935197978433,1.93615393083087,-4.59339500657719,4.36092475804562e-06,1.67459510708952e-05,"deseq2",1.67459510708952e-05,-8.8935197978433,TRUE,NA,NA,NA,NA,NA,NA,NA,NA,NA,NA,NA,NA,NA,TRUE,FALSE,FALSE,TRUE,FALSE,FALSE,1,TRUE,TRUE,FALSE,"DESeq2 + ALDEx2",0.0018379217562823,0,"control",0.0018379217562823,"Bacteria","Proteobacteria","Gammaproteobacteria","Enterobacterales","Colwelliaceae","Colwellia",NA,"Colwellia",4.77609018206785
"ASV773","DESeq2",24.0449805699172,8.43600850348996,1.10425519660401,7.63954612070995,2.17988812358972e-14,3.80489563390206e-13,"deseq2",3.80489563390206e-13,8.43600850348996,TRUE,NA,NA,NA,NA,NA,NA,NA,NA,NA,NA,NA,NA,NA,TRUE,FALSE,FALSE,TRUE,TRUE,FALSE,2,TRUE,TRUE,FALSE,"DESeq2 + ALDEx2",0,0.00354229606282426,"contrast",0.00354229606282426,"Archaea","Thermoplasmatota","Thermoplasmata","Marine Group II",NA,NA,NA,NA,12.4196572511778
"ASV778","DESeq2",18.9904410318943,8.0954120018395,1.09683423106244,7.38070692231949,1.57451260090834e-13,2.01537612916267e-12,"deseq2",2.01537612916267e-12,8.0954120018395,TRUE,NA,NA,NA,NA,NA,NA,NA,NA,NA,NA,NA,NA,NA,TRUE,FALSE,FALSE,TRUE,TRUE,FALSE,2,TRUE,TRUE,FALSE,"DESeq2 + ALDEx2",0,0.0027996462594573,"contrast",0.0027996462594573,"Archaea","Thermoplasmatota","Thermoplasmata","Marine Group II",NA,NA,NA,NA,11.6956438896838
"ASV782","DESeq2",60.455749516903,-9.30363588392387,4.20684062291294,-2.21154940675688,0.0269978144917214,0.0503260231301991,"deseq2",0.0503260231301991,-9.30363588392387,FALSE,NA,NA,NA,NA,NA,NA,NA,NA,NA,NA,NA,NA,NA,FALSE,FALSE,FALSE,FALSE,FALSE,FALSE,0,FALSE,FALSE,FALSE,"DESeq2 only",0.00233135548896059,0,"control",0.00233135548896059,"Bacteria","Proteobacteria","Gammaproteobacteria","Pseudomonadales","Saccharospirillaceae",NA,NA,NA,1.2982073871242
"ASV807","DESeq2",22.5228260727265,-3.18404090011109,0.883682597006874,-3.60314994421727,0.000314384047333823,0.000928642109047599,"deseq2",0.000928642109047599,-3.18404090011109,TRUE,NA,NA,NA,NA,NA,NA,NA,NA,NA,NA,NA,NA,NA,TRUE,FALSE,FALSE,TRUE,FALSE,FALSE,1,TRUE,TRUE,FALSE,"DESeq2 + ALDEx2",0.00103743413586945,0.00017494071453563,"control",0.00103743413586945,"Bacteria","Proteobacteria","Alphaproteobacteria","SAR11 clade","Clade II",NA,NA,NA,3.03215162724708
"ASV81","DESeq2",97.7370932620031,-9.99677625534509,4.20654354094988,-2.37648229669524,0.0174786001019897,0.0357009704210854,"deseq2",0.0357009704210854,-9.99677625534509,TRUE,NA,NA,NA,NA,NA,NA,NA,NA,NA,NA,NA,NA,NA,TRUE,FALSE,FALSE,TRUE,FALSE,FALSE,1,TRUE,TRUE,FALSE,"DESeq2 + ALDEx2",0.00389356935715507,0,"control",0.00389356935715507,"Bacteria","Proteobacteria","Alphaproteobacteria","Rhodobacterales","Rhodobacteraceae","Pseudophaeobacter",NA,"Pseudophaeobacter",1.44731997876751
"ASV82","DESeq2",81.1743379519221,1.24872295320335,0.191403446678383,6.52403587748128,6.8440326956996e-11,5.25621711029729e-10,"deseq2",5.25621711029729e-10,1.24872295320335,TRUE,NA,NA,NA,NA,NA,NA,NA,NA,NA,NA,NA,NA,NA,TRUE,FALSE,FALSE,TRUE,TRUE,FALSE,2,TRUE,TRUE,FALSE,"DESeq2 + ALDEx2",0.00178617381580735,0.00649458839700074,"contrast",0.00649458839700074,"Bacteria","Dadabacteria","Dadabacteriia","Dadabacteriales",NA,NA,NA,NA,9.27932670435834
"ASV85","DESeq2",95.775802966041,0.701410400625147,0.81847396083842,0.856973384842497,0.391459593870577,0.481796423225325,"deseq2",0.481796423225325,0.701410400625147,FALSE,NA,NA,NA,NA,NA,NA,NA,NA,NA,NA,NA,NA,NA,FALSE,FALSE,FALSE,FALSE,FALSE,FALSE,0,FALSE,FALSE,FALSE,"DESeq2 only",0.00278961644035593,0.0063316579047566,"contrast",0.0063316579047566,"Bacteria","Proteobacteria","Gammaproteobacteria","Pseudomonadales","SAR86 clade",NA,NA,NA,0.317136428454052
"ASV854","DESeq2",15.6976089629905,7.8210471692342,1.15424433675184,6.77590257123841,1.23631975969503e-11,1.0320582341802e-10,"deseq2",1.0320582341802e-10,7.8210471692342,TRUE,NA,NA,NA,NA,NA,NA,NA,NA,NA,NA,NA,NA,NA,TRUE,FALSE,FALSE,TRUE,TRUE,FALSE,2,TRUE,TRUE,FALSE,"DESeq2 + ALDEx2",0,0.00230855762142919,"contrast",0.00230855762142919,"Archaea","Thermoplasmatota","Thermoplasmata","Marine Group II",NA,NA,NA,NA,9.98629579682743
"ASV9","DESeq2",555.591719263642,-12.5038871120648,4.09050327558363,-3.0568089718204,0.00223706793834551,0.00530267955755974,"deseq2",0.00530267955755974,-12.5038871120648,TRUE,NA,NA,NA,NA,NA,NA,NA,NA,NA,NA,NA,NA,NA,TRUE,FALSE,FALSE,TRUE,FALSE,FALSE,1,TRUE,TRUE,FALSE,"DESeq2 + ALDEx2",0.0231811651015579,0,"control",0.0231811651015579,"Bacteria","Proteobacteria","Gammaproteobacteria","Enterobacterales","Alteromonadaceae","Glaciecola",NA,"Glaciecola",2.27550461662808
"ASV904","DESeq2",23.97187317377,6.38718469417516,1.49152490826504,4.28231849081541,1.84955990407144e-05,6.57621299225402e-05,"deseq2",6.57621299225402e-05,6.38718469417516,TRUE,NA,NA,NA,NA,NA,NA,NA,NA,NA,NA,NA,NA,NA,TRUE,FALSE,FALSE,TRUE,TRUE,FALSE,2,TRUE,TRUE,FALSE,"DESeq2 + ALDEx2",2.51306795335746e-05,0.0034536771249086,"contrast",0.0034536771249086,"Archaea","Thermoplasmatota","Thermoplasmata","Marine Group II",NA,NA,NA,NA,4.1820241291872
"ASV916","DESeq2",45.3215697710519,-8.88784301514148,4.20710072424221,-2.11258146588405,0.0346366064528872,0.0614492926808589,"deseq2",0.0614492926808589,-8.88784301514148,FALSE,NA,NA,NA,NA,NA,NA,NA,NA,NA,NA,NA,NA,NA,FALSE,FALSE,FALSE,FALSE,FALSE,FALSE,0,FALSE,FALSE,FALSE,"DESeq2 only",0.00171859091246325,0,"control",0.00171859091246325,"Bacteria","Proteobacteria","Gammaproteobacteria","Pseudomonadales","Saccharospirillaceae",NA,NA,NA,1.21148311174527
"ASV92","DESeq2",50.7242171252655,-0.129446186750718,0.348539095763636,-0.371396461183518,0.710342260964681,0.779346937744108,"deseq2",0.779346937744108,-0.129446186750718,FALSE,NA,NA,NA,NA,NA,NA,NA,NA,NA,NA,NA,NA,NA,FALSE,FALSE,FALSE,FALSE,FALSE,FALSE,0,FALSE,FALSE,FALSE,"DESeq2 only",0.00170609763092198,0.00234914740535793,"contrast",0.00234914740535793,"Bacteria","Verrucomicrobiota","Verrucomicrobiae","Opitutales","Puniceicoccaceae","Coraliomargarita",NA,"Coraliomargarita",0.108269166710402
"ASV94","DESeq2",20.2682790642913,8.18957034245809,1.08955087254911,7.51646439720411,5.62773971755914e-14,8.31173865977965e-13,"deseq2",8.31173865977965e-13,8.18957034245809,TRUE,NA,NA,NA,NA,NA,NA,NA,NA,NA,NA,NA,NA,NA,TRUE,FALSE,FALSE,TRUE,TRUE,FALSE,2,TRUE,TRUE,FALSE,"DESeq2 + ALDEx2",0,0.00298488312669693,"contrast",0.00298488312669693,"Bacteria","Proteobacteria","Alphaproteobacteria","Puniceispirillales","SAR116 clade",NA,NA,NA,12.0803081204557
"ASV95","DESeq2",56.0307718557844,-1.38876790968233,0.336109221066687,-4.131894701594,3.59785240805712e-05,0.000123354939704816,"deseq2",0.000123354939704816,-1.38876790968233,TRUE,NA,NA,NA,NA,NA,NA,NA,NA,NA,NA,NA,NA,NA,TRUE,FALSE,FALSE,TRUE,FALSE,FALSE,1,TRUE,TRUE,FALSE,"DESeq2 + ALDEx2",0.00221782752537069,0.00131607245748992,"control",0.00221782752537069,"Bacteria","Proteobacteria","Alphaproteobacteria","SAR11 clade","Clade I","Clade Ib",NA,"Clade Ib",3.90884345465751
"ASV954","DESeq2",34.6932300226394,-8.50299731970256,4.20741827245241,-2.02095365116774,0.0432845632462454,0.0715076190032746,"deseq2",0.0715076190032746,-8.50299731970256,FALSE,NA,NA,NA,NA,NA,NA,NA,NA,NA,NA,NA,NA,NA,FALSE,FALSE,FALSE,FALSE,FALSE,FALSE,0,FALSE,FALSE,FALSE,"DESeq2 only",0.00193652598995335,0,"control",0.00193652598995335,"Bacteria","Proteobacteria","Gammaproteobacteria","Pseudomonadales","Halieaceae","OM60(NOR5) clade",NA,"OM60(NOR5) clade",1.14564768246752
"ASV971","DESeq2",29.2814197217661,-0.937763576806364,3.61869749183652,-0.259143954122134,0.795524172322924,0.856123768913846,"deseq2",0.856123768913846,-0.937763576806364,FALSE,NA,NA,NA,NA,NA,NA,NA,NA,NA,NA,NA,NA,NA,FALSE,FALSE,FALSE,FALSE,FALSE,FALSE,0,FALSE,FALSE,FALSE,"DESeq2 only",0.00128731245561897,0.000886725530148668,"control",0.00128731245561897,"Bacteria","Proteobacteria","Alphaproteobacteria","SAR11 clade","Clade I","Clade Ia",NA,"Clade Ia",0.0674634452870047
"ASV998","DESeq2",29.9076820836896,-1.61749348372696,3.59337410487856,-0.450132225734849,0.65261510152747,0.732760815750141,"deseq2",0.732760815750141,-1.61749348372696,FALSE,NA,NA,NA,NA,NA,NA,NA,NA,NA,NA,NA,NA,NA,FALSE,FALSE,FALSE,FALSE,FALSE,FALSE,0,FALSE,FALSE,FALSE,"DESeq2 only",0.001322626741154,0.000622011429460016,"control",0.001322626741154,"Bacteria","Proteobacteria","Alphaproteobacteria","SAR11 clade","Clade II",NA,NA,NA,0.135037762536831
