"TaxaID","source","baseMean","log2FoldChange","lfcSE","stat","pvalue","padj","method","adjusted_p_value","score","significant","rab.all","rab.win.control","rab.win.Dor.out","diff.btw","diff.win","effect","overlap","we.ep","we.eBH","wi.ep","wi.eBH","Names","scores","significant_in_deseq2.x","significant_in_aldex2.x","significant_in_lefse.x","significant_in_deseq2.y","significant_in_aldex2.y","significant_in_lefse.y","n_methods","is_significant","significant_in_aldex2","significant_in_lefse","method_overlap","relab_control","relab_contrast","dominant_group","avg_relab","Kingdom","Phylum","Class","Order","Family","Genus","Species","tax_group","neg_log_p"
"ASV1","DESeq2",1779.80679046553,0.0119140160626172,0.363313634363072,0.0327926478275546,0.973839941244884,0.979280387844017,"deseq2",0.979280387844017,0.0119140160626172,FALSE,NA,NA,NA,NA,NA,NA,NA,NA,NA,NA,NA,NA,NA,FALSE,FALSE,FALSE,FALSE,TRUE,FALSE,1,TRUE,TRUE,FALSE,"DESeq2 + ALDEx2",0.080829856213963,0.0613830453869842,"control",0.080829856213963,"Bacteria","Proteobacteria","Alphaproteobacteria","SAR11 clade","Clade I","Clade Ia",NA,"Clade Ia",0.00909294307015471
"ASV1013","DESeq2",37.1770613875614,-7.62534167075156,2.94663116049299,-2.58781681704466,0.00965863296115159,0.0197562946932646,"deseq2",0.0197562946932646,-7.62534167075156,TRUE,NA,NA,NA,NA,NA,NA,NA,NA,NA,NA,NA,NA,NA,TRUE,FALSE,FALSE,TRUE,FALSE,FALSE,1,TRUE,TRUE,FALSE,"DESeq2 + ALDEx2",0.00251982079076456,0,"control",0.00251982079076456,"Bacteria","Cyanobacteria","Cyanobacteriia","Synechococcales","Cyanobiaceae","Synechococcus CC9902",NA,"Synechococcus CC9902",1.70429450434162
"ASV1026","DESeq2",122.292075158602,11.2719756561226,1.22093944445649,9.23221516619961,2.65091890655614e-20,2.98228376987566e-19,"deseq2",2.98228376987566e-19,11.2719756561226,TRUE,NA,NA,NA,NA,NA,NA,NA,NA,NA,NA,NA,NA,NA,TRUE,FALSE,FALSE,TRUE,TRUE,TRUE,3,TRUE,TRUE,TRUE,"DESeq2 + ALDEx2 + LEfSe",0,0.0132058294078177,"contrast",0.0132058294078177,"Bacteria","Bacteroidota","Bacteroidia","Flavobacteriales","Flavobacteriaceae",NA,NA,NA,18.5254510349851
"ASV104","DESeq2",72.909358659018,0.811338073267785,0.441801329237328,1.83643194253938,0.0662937989833325,0.101990459974358,"deseq2",0.101990459974358,0.811338073267785,FALSE,NA,NA,NA,NA,NA,NA,NA,NA,NA,NA,NA,NA,NA,FALSE,FALSE,FALSE,FALSE,TRUE,FALSE,1,TRUE,TRUE,FALSE,"DESeq2 + ALDEx2",0.0026768482020451,0.00356075775130182,"contrast",0.00356075775130182,"Bacteria","Bacteroidota","Bacteroidia","Flavobacteriales","Flavobacteriaceae","NS2b marine group",NA,"NS2b marine group",0.991440449554364
"ASV108","DESeq2",117.412462435709,0.144882673246852,0.184827488082104,0.783880551265688,0.433110202733196,0.512893661131416,"deseq2",0.512893661131416,0.144882673246852,FALSE,NA,NA,NA,NA,NA,NA,NA,NA,NA,NA,NA,NA,NA,FALSE,FALSE,FALSE,FALSE,TRUE,FALSE,1,TRUE,TRUE,FALSE,"DESeq2 + ALDEx2",0.00502526323510365,0.00437619744637417,"control",0.00502526323510365,"Bacteria","Proteobacteria","Alphaproteobacteria","SAR11 clade","Clade I","Clade Ia",NA,"Clade Ia",0.289972668359981
"ASV1097","DESeq2",69.0955647785658,10.448719388625,1.18391754734936,8.82554651885877,1.08926554917322e-18,9.80338994255899e-18,"deseq2",9.80338994255899e-18,10.448719388625,TRUE,NA,NA,NA,NA,NA,NA,NA,NA,NA,NA,NA,NA,NA,TRUE,FALSE,FALSE,TRUE,TRUE,TRUE,3,TRUE,TRUE,TRUE,"DESeq2 + ALDEx2 + LEfSe",0,0.00740161094046122,"contrast",0.00740161094046122,"Bacteria","Proteobacteria","Alphaproteobacteria","Rhodobacterales","Rhodobacteraceae","Lentibacter","algarum","Lentibacter",17.0086237223918
"ASV111","DESeq2",113.619744114885,-1.169026390339,0.419328570385917,-2.78785294611126,0.0053058622461731,0.0112359435801313,"deseq2",0.0112359435801313,-1.169026390339,TRUE,NA,NA,NA,NA,NA,NA,NA,NA,NA,NA,NA,NA,NA,TRUE,FALSE,FALSE,TRUE,FALSE,FALSE,1,TRUE,TRUE,FALSE,"DESeq2 + ALDEx2",0.00641035148628548,0.00215281678412553,"control",0.00641035148628548,"Bacteria","Proteobacteria","Gammaproteobacteria","Pseudomonadales","SAR86 clade",NA,NA,NA,1.94939045021976
"ASV113","DESeq2",99.848286153972,-0.784798928810554,0.242147389327223,-3.2409968614199,0.00119112495320117,0.00264694434044704,"deseq2",0.00264694434044704,-0.784798928810554,TRUE,NA,NA,NA,NA,NA,NA,NA,NA,NA,NA,NA,NA,NA,TRUE,FALSE,FALSE,TRUE,FALSE,FALSE,1,TRUE,TRUE,FALSE,"DESeq2 + ALDEx2",0.00513222415700293,0.0023513550040181,"control",0.00513222415700293,"Bacteria","Cyanobacteria","Cyanobacteriia","Synechococcales","Cyanobiaceae","Cyanobium PCC-6307",NA,"Cyanobium PCC-6307",2.57725519088258
"ASV115","DESeq2",123.191170968716,2.26254175192494,0.381576423503066,5.92945898269514,3.03934420292179e-09,1.5196721014609e-08,"deseq2",1.5196721014609e-08,2.26254175192494,TRUE,NA,NA,NA,NA,NA,NA,NA,NA,NA,NA,NA,NA,NA,TRUE,FALSE,FALSE,TRUE,TRUE,TRUE,3,TRUE,TRUE,TRUE,"DESeq2 + ALDEx2 + LEfSe",0.00241544796358166,0.00897940001622936,"contrast",0.00897940001622936,"Bacteria","Actinobacteriota","Acidimicrobiia","Actinomarinales","Actinomarinaceae","Candidatus Actinomarina",NA,"Candidatus Actinomarina",7.81825010935017
"ASV116","DESeq2",53.2974949271031,-8.14490621547248,3.24707409393723,-2.5083832335949,0.0121285046240211,0.0239904487068549,"deseq2",0.0239904487068549,-8.14490621547248,TRUE,NA,NA,NA,NA,NA,NA,NA,NA,NA,NA,NA,NA,NA,TRUE,FALSE,FALSE,TRUE,FALSE,FALSE,1,TRUE,TRUE,FALSE,"DESeq2 + ALDEx2",0.00316540418337923,0,"control",0.00316540418337923,"Bacteria","Proteobacteria","Alphaproteobacteria","Rhodobacterales","Rhodobacteraceae","Sedimentitalea",NA,"Sedimentitalea",1.61996162910225
"ASV1165","DESeq2",35.5772161696949,-7.56163107550208,4.20700205487028,-1.7973918188959,0.0722734386146379,0.109304859789859,"deseq2",0.109304859789859,-7.56163107550208,FALSE,NA,NA,NA,NA,NA,NA,NA,NA,NA,NA,NA,NA,NA,FALSE,FALSE,FALSE,FALSE,FALSE,FALSE,0,FALSE,FALSE,FALSE,"DESeq2 only",0.00197160879319425,0,"control",0.00197160879319425,"Bacteria","Proteobacteria","Gammaproteobacteria","Pseudomonadales","Saccharospirillaceae",NA,NA,NA,0.961360528507761
"ASV1169","DESeq2",92.6071406129669,10.8697250937144,1.06562577653191,10.2003211006119,1.97618060356068e-24,2.96427090534103e-23,"deseq2",2.96427090534103e-23,10.8697250937144,TRUE,NA,NA,NA,NA,NA,NA,NA,NA,NA,NA,NA,NA,NA,TRUE,FALSE,FALSE,TRUE,TRUE,TRUE,3,TRUE,TRUE,TRUE,"DESeq2 + ALDEx2 + LEfSe",0,0.00975201263154045,"contrast",0.00975201263154045,"Bacteria","Proteobacteria","Gammaproteobacteria","Pseudomonadales","Halieaceae","OM60(NOR5) clade",NA,"OM60(NOR5) clade",22.528082108615
"ASV120","DESeq2",44.8014033255857,5.55187706733352,0.731523652371463,7.5894703463591,3.2121577205922e-14,2.06495853466641e-13,"deseq2",2.06495853466641e-13,5.55187706733352,TRUE,NA,NA,NA,NA,NA,NA,NA,NA,NA,NA,NA,NA,NA,TRUE,FALSE,FALSE,TRUE,TRUE,FALSE,2,TRUE,TRUE,FALSE,"DESeq2 + ALDEx2",0.000129013059060784,0.00444628466802785,"contrast",0.00444628466802785,"Bacteria","Planctomycetota","Planctomycetes","Pirellulales","Pirellulaceae","Rubripirellula",NA,"Rubripirellula",12.6850886647564
"ASV1245","DESeq2",17.1154090808378,-6.51144336453976,1.58120032634812,-4.11803821188069,3.82111347527722e-05,9.42192363766987e-05,"deseq2",9.42192363766987e-05,-6.51144336453976,TRUE,NA,NA,NA,NA,NA,NA,NA,NA,NA,NA,NA,NA,NA,TRUE,FALSE,FALSE,TRUE,FALSE,FALSE,1,TRUE,TRUE,FALSE,"DESeq2 + ALDEx2",0.00120421428565934,0,"control",0.00120421428565934,"Bacteria","Proteobacteria","Alphaproteobacteria","Parvibaculales","OCS116 clade",NA,NA,NA,4.02586041993147
"ASV125","DESeq2",35.1827614265872,-7.54588519360122,4.20701237155567,-1.79364464070043,0.0728699065265724,0.109304859789859,"deseq2",0.109304859789859,-7.54588519360122,FALSE,NA,NA,NA,NA,NA,NA,NA,NA,NA,NA,NA,NA,NA,FALSE,FALSE,FALSE,FALSE,FALSE,FALSE,0,FALSE,FALSE,FALSE,"DESeq2 only",0.00263231806473847,0,"control",0.00263231806473847,"Bacteria","Proteobacteria","Gammaproteobacteria","Pseudomonadales","SAR86 clade",NA,NA,NA,0.961360528507761
"ASV1287","DESeq2",22.4953363530087,-6.90045807439257,2.90812978213377,-2.37281641169725,0.0176530358600568,0.0338036856894704,"deseq2",0.0338036856894704,-6.90045807439257,TRUE,NA,NA,NA,NA,NA,NA,NA,NA,NA,NA,NA,NA,NA,TRUE,FALSE,FALSE,TRUE,FALSE,FALSE,1,TRUE,TRUE,FALSE,"DESeq2 + ALDEx2",0.00151465401338965,0,"control",0.00151465401338965,"Bacteria","Cyanobacteria","Cyanobacteriia","Synechococcales","Cyanobiaceae","Prochlorococcus MIT9313",NA,"Prochlorococcus MIT9313",1.47103594506751
"ASV1288","DESeq2",43.1257621395251,-7.83924256004222,4.20683749141847,-1.86345267104648,0.0623986054812285,0.0976673824923576,"deseq2",0.0976673824923576,-7.83924256004222,FALSE,NA,NA,NA,NA,NA,NA,NA,NA,NA,NA,NA,NA,NA,FALSE,FALSE,FALSE,FALSE,FALSE,FALSE,0,FALSE,FALSE,FALSE,"DESeq2 only",0.00236243674913325,0,"control",0.00236243674913325,"Bacteria","Proteobacteria","Gammaproteobacteria","Pseudomonadales","Saccharospirillaceae","Oceaniserpentilla",NA,"Oceaniserpentilla",1.01025045131427
"ASV13","DESeq2",500.906213262355,-2.06616670752708,0.347497627362959,-5.94584407153082,2.75035870130994e-09,1.41447018924511e-08,"deseq2",1.41447018924511e-08,-2.06616670752708,TRUE,NA,NA,NA,NA,NA,NA,NA,NA,NA,NA,NA,NA,NA,TRUE,FALSE,FALSE,TRUE,FALSE,TRUE,2,TRUE,TRUE,TRUE,"DESeq2 + ALDEx2 + LEfSe",0.0293267515775499,0.00547605272857388,"control",0.0293267515775499,"Bacteria","Proteobacteria","Alphaproteobacteria","SAR11 clade","Clade I","Clade Ib",NA,"Clade Ib",7.84940620111104
"ASV130","DESeq2",78.7412156404238,0.645411483773138,0.370126753438339,1.74375799041141,0.0812012986502195,0.118071282774756,"deseq2",0.118071282774756,0.645411483773138,FALSE,NA,NA,NA,NA,NA,NA,NA,NA,NA,NA,NA,NA,NA,FALSE,FALSE,FALSE,FALSE,TRUE,FALSE,1,TRUE,TRUE,FALSE,"DESeq2 + ALDEx2",0.00292342387774559,0.00356841449585766,"contrast",0.00356841449585766,"Bacteria","Proteobacteria","Alphaproteobacteria","SAR11 clade","Clade I","Clade Ia",NA,"Clade Ia",0.927855718381571
"ASV131","DESeq2",70.6746732751466,-8.5538843784964,1.48554582218085,-5.75807507972989,8.50785157296434e-09,4.03003495561469e-08,"deseq2",4.03003495561469e-08,-8.5538843784964,TRUE,NA,NA,NA,NA,NA,NA,NA,NA,NA,NA,NA,NA,NA,TRUE,FALSE,FALSE,TRUE,FALSE,FALSE,1,TRUE,TRUE,FALSE,"DESeq2 + ALDEx2",0.00483855624329587,0,"control",0.00483855624329587,"Bacteria","Cyanobacteria","Cyanobacteriia","Synechococcales","Cyanobiaceae","Synechococcus CC9902",NA,"Synechococcus CC9902",7.39469118687012
"ASV1329","DESeq2",51.9920815722321,10.0369025714373,1.11305078212456,9.01747048079797,1.92482239741114e-19,2.03804724431768e-18,"deseq2",2.03804724431768e-18,10.0369025714373,TRUE,NA,NA,NA,NA,NA,NA,NA,NA,NA,NA,NA,NA,NA,TRUE,FALSE,FALSE,TRUE,TRUE,FALSE,2,TRUE,TRUE,FALSE,"DESeq2 + ALDEx2",0,0.00547436931040841,"contrast",0.00547436931040841,"Bacteria","Bacteroidota","Bacteroidia","Flavobacteriales","NS9 marine group",NA,NA,NA,17.6907857527591
"ASV133","DESeq2",99.627424108694,0.229592143941945,0.325035839858252,0.706359471134229,0.479964618184844,0.557378266279173,"deseq2",0.557378266279173,0.229592143941945,FALSE,NA,NA,NA,NA,NA,NA,NA,NA,NA,NA,NA,NA,NA,FALSE,FALSE,FALSE,FALSE,TRUE,FALSE,1,TRUE,TRUE,FALSE,"DESeq2 + ALDEx2",0.00417726952526037,0.00379589627580812,"control",0.00417726952526037,"Bacteria","Proteobacteria","Alphaproteobacteria","SAR11 clade","Clade II",NA,NA,NA,0.253849969636075
"ASV1369","DESeq2",26.7134413503875,-7.14893970297545,2.88439060265746,-2.47849223208152,0.0131938984026365,0.0255365775534901,"deseq2",0.0255365775534901,-7.14893970297545,TRUE,NA,NA,NA,NA,NA,NA,NA,NA,NA,NA,NA,NA,NA,TRUE,FALSE,FALSE,TRUE,FALSE,FALSE,1,TRUE,TRUE,FALSE,"DESeq2 + ALDEx2",0.00193553628748992,0,"control",0.00193553628748992,"Bacteria","Cyanobacteria","Cyanobacteriia","Synechococcales","Cyanobiaceae","Synechococcus CC9902",NA,"Synechococcus CC9902",1.59283730790388
"ASV1391","DESeq2",42.1433070977398,9.73344502593205,1.16223644355608,8.37475462062672,5.53390529188025e-17,4.33088240234106e-16,"deseq2",4.33088240234106e-16,9.73344502593205,TRUE,NA,NA,NA,NA,NA,NA,NA,NA,NA,NA,NA,NA,NA,TRUE,FALSE,FALSE,TRUE,TRUE,FALSE,2,TRUE,TRUE,FALSE,"DESeq2 + ALDEx2",0,0.00442236112142147,"contrast",0.00442236112142147,"Bacteria","Bacteroidota","Bacteroidia","Flavobacteriales","Flavobacteriaceae","Aureimarina","marisflavi","Aureimarina",15.3634236086294
"ASV141","DESeq2",154.088015117584,-2.99915856498049,0.333019527917014,-9.00595404641816,2.1379870241515e-19,2.1379870241515e-18,"deseq2",2.1379870241515e-18,-2.99915856498049,TRUE,NA,NA,NA,NA,NA,NA,NA,NA,NA,NA,NA,NA,NA,TRUE,FALSE,FALSE,TRUE,FALSE,TRUE,2,TRUE,TRUE,TRUE,"DESeq2 + ALDEx2 + LEfSe",0.00984605328042583,0.000956567451318578,"control",0.00984605328042583,"Bacteria","Cyanobacteria","Cyanobacteriia","Synechococcales","Cyanobiaceae","Synechococcus CC9902",NA,"Synechococcus CC9902",17.6699949349348
"ASV1453","DESeq2",67.9304040312682,10.4241234985497,1.12218264317529,9.28915053351202,1.5552456935176e-20,1.86629483222112e-19,"deseq2",1.86629483222112e-19,10.4241234985497,TRUE,NA,NA,NA,NA,NA,NA,NA,NA,NA,NA,NA,NA,NA,TRUE,FALSE,FALSE,TRUE,TRUE,TRUE,3,TRUE,TRUE,TRUE,"DESeq2 + ALDEx2 + LEfSe",0,0.00722699626717502,"contrast",0.00722699626717502,"Bacteria","Proteobacteria","Alphaproteobacteria","Rhodobacterales","Rhodobacteraceae","Nereida","ignava","Nereida",18.7290197464994
"ASV147","DESeq2",59.6834991728207,-2.60159631070581,0.437229549014824,-5.95018410024617,2.67841048465264e-09,1.41447018924511e-08,"deseq2",1.41447018924511e-08,-2.60159631070581,TRUE,NA,NA,NA,NA,NA,NA,NA,NA,NA,NA,NA,NA,NA,TRUE,FALSE,FALSE,TRUE,FALSE,FALSE,1,TRUE,TRUE,FALSE,"DESeq2 + ALDEx2",0.00375429296077315,0.000480317075915607,"control",0.00375429296077315,"Bacteria","Proteobacteria","Alphaproteobacteria","Thalassobaculales","Nisaeaceae","OM75 clade",NA,"OM75 clade",7.84940620111104
"ASV154","DESeq2",724.71249589495,13.8381148515559,1.02601172862642,13.4872871970789,1.85812553205592e-41,1.67231297885033e-39,"deseq2",1.67231297885033e-39,13.8381148515559,TRUE,NA,NA,NA,NA,NA,NA,NA,NA,NA,NA,NA,NA,NA,TRUE,FALSE,FALSE,TRUE,TRUE,TRUE,3,TRUE,TRUE,TRUE,"DESeq2 + ALDEx2 + LEfSe",0,0.0763770882611536,"contrast",0.0763770882611536,"Bacteria","Proteobacteria","Alphaproteobacteria","Rhodobacterales","Rhodobacteraceae","HIMB11",NA,"HIMB11",38.7766824396557
"ASV155","DESeq2",43.4935649194628,-7.85196198167259,1.49951465757941,-5.23633559831128,1.63796007263302e-07,6.55184029053208e-07,"deseq2",6.55184029053208e-07,-7.85196198167259,TRUE,NA,NA,NA,NA,NA,NA,NA,NA,NA,NA,NA,NA,NA,TRUE,FALSE,FALSE,TRUE,FALSE,FALSE,1,TRUE,TRUE,FALSE,"DESeq2 + ALDEx2",0.0029523646623555,0,"control",0.0029523646623555,"Bacteria","Proteobacteria","Alphaproteobacteria","SAR11 clade","Clade I","Clade Ia",NA,"Clade Ia",6.18363669760081
"ASV157","DESeq2",56.4719407053848,-0.590059773417554,0.26290155394538,-2.24441341088514,0.0248058144390884,0.0429331403753453,"deseq2",0.0429331403753453,-0.590059773417554,TRUE,NA,NA,NA,NA,NA,NA,NA,NA,NA,NA,NA,NA,NA,TRUE,FALSE,FALSE,TRUE,FALSE,FALSE,1,TRUE,TRUE,FALSE,"DESeq2 + ALDEx2",0.00282203707446493,0.00148209488934262,"control",0.00282203707446493,"Bacteria","Proteobacteria","Alphaproteobacteria","Rhodospirillales","AEGEAN-169 marine group",NA,NA,NA,1.36720734357734
"ASV165","DESeq2",45.3746283479172,3.74227052795155,3.49850693984874,1.06967646264362,0.284764964512787,0.355956205640983,"deseq2",0.355956205640983,3.74227052795155,FALSE,NA,NA,NA,NA,NA,NA,NA,NA,NA,NA,NA,NA,NA,FALSE,FALSE,FALSE,FALSE,TRUE,FALSE,1,TRUE,TRUE,FALSE,"DESeq2 + ALDEx2",0.000385337086181477,0.00407360843131852,"contrast",0.00407360843131852,"Bacteria","Proteobacteria","Alphaproteobacteria","SAR11 clade","Clade III",NA,NA,NA,0.448603431292388
"ASV170","DESeq2",17.4297279528857,-6.53303713976473,2.85566087928332,-2.28774963692618,0.0221521052675986,0.0402765550319974,"deseq2",0.0402765550319974,-6.53303713976473,TRUE,NA,NA,NA,NA,NA,NA,NA,NA,NA,NA,NA,NA,NA,TRUE,FALSE,FALSE,TRUE,FALSE,FALSE,1,TRUE,TRUE,FALSE,"DESeq2 + ALDEx2",0.00125110492475836,0,"control",0.00125110492475836,"Bacteria","Bacteroidota","Bacteroidia","Flavobacteriales","Flavobacteriaceae","NS5 marine group",NA,"NS5 marine group",1.39494768296887
"ASV171","DESeq2",294.679330434978,12.5404353410089,1.03558210004951,12.1095520484656,9.40061393556859e-34,5.64036836134115e-32,"deseq2",5.64036836134115e-32,12.5404353410089,TRUE,NA,NA,NA,NA,NA,NA,NA,NA,NA,NA,NA,NA,NA,TRUE,FALSE,FALSE,TRUE,TRUE,TRUE,3,TRUE,TRUE,TRUE,"DESeq2 + ALDEx2 + LEfSe",0,0.0311416592066089,"contrast",0.0311416592066089,"Bacteria","Bacteroidota","Bacteroidia","Flavobacteriales","Flavobacteriaceae","NS5 marine group",NA,"NS5 marine group",31.2486925321738
"ASV173","DESeq2",38.9404351995398,-0.621074902443472,0.731504490577097,-0.849037716711069,0.395860305442767,0.47503236653132,"deseq2",0.47503236653132,-0.621074902443472,FALSE,NA,NA,NA,NA,NA,NA,NA,NA,NA,NA,NA,NA,NA,FALSE,FALSE,FALSE,FALSE,FALSE,FALSE,0,FALSE,FALSE,FALSE,"DESeq2 only",0.0018465560588208,0.000993644412401737,"control",0.0018465560588208,"Bacteria","Proteobacteria","Gammaproteobacteria","Pseudomonadales","SAR86 clade",NA,NA,NA,0.323276798528684
"ASV174","DESeq2",49.4435680638803,1.48677359014308,0.316379053226393,4.69934268713796,2.6100017916942e-06,7.57742455653155e-06,"deseq2",7.57742455653155e-06,1.48677359014308,TRUE,NA,NA,NA,NA,NA,NA,NA,NA,NA,NA,NA,NA,NA,TRUE,FALSE,FALSE,TRUE,TRUE,FALSE,2,TRUE,TRUE,FALSE,"DESeq2 + ALDEx2",0.00134887928967923,0.00304384037077249,"contrast",0.00304384037077249,"Bacteria","Bacteroidota","Bacteroidia","Flavobacteriales","Flavobacteriaceae","NS4 marine group",NA,"NS4 marine group",5.12047837892539
"ASV1759","DESeq2",61.2582756730756,10.2732142731573,1.1031511791427,9.31260779790946,1.24731532720961e-20,1.60369113498379e-19,"deseq2",1.60369113498379e-19,10.2732142731573,TRUE,NA,NA,NA,NA,NA,NA,NA,NA,NA,NA,NA,NA,NA,TRUE,FALSE,FALSE,TRUE,TRUE,TRUE,3,TRUE,TRUE,TRUE,"DESeq2 + ALDEx2 + LEfSe",0,0.00643907016275226,"contrast",0.00643907016275226,"Bacteria","Bacteroidota","Bacteroidia","Flavobacteriales","Flavobacteriaceae","NS5 marine group",NA,"NS5 marine group",18.7948792715186
"ASV178","DESeq2",51.6552522840885,-0.0669195151046671,0.288007520984653,-0.232353359647969,0.816263571235822,0.853519479917475,"deseq2",0.853519479917475,-0.0669195151046671,FALSE,NA,NA,NA,NA,NA,NA,NA,NA,NA,NA,NA,NA,NA,FALSE,FALSE,FALSE,FALSE,FALSE,FALSE,0,FALSE,FALSE,FALSE,"DESeq2 only",0.00237688755868904,0.00175980704485301,"control",0.00237688755868904,"Bacteria","Bacteroidota","Bacteroidia","Flavobacteriales","NS9 marine group",NA,NA,NA,0.0687865625116086
"ASV179","DESeq2",42.320581203788,-7.81397074842092,1.65182009341942,-4.73052167094375,2.23943618210952e-06,6.94997435827093e-06,"deseq2",6.94997435827093e-06,-7.81397074842092,TRUE,NA,NA,NA,NA,NA,NA,NA,NA,NA,NA,NA,NA,NA,TRUE,FALSE,FALSE,TRUE,FALSE,FALSE,1,TRUE,TRUE,FALSE,"DESeq2 + ALDEx2",0.00301300208839495,0,"control",0.00301300208839495,"Bacteria","Proteobacteria","Gammaproteobacteria","Pseudomonadales","SAR86 clade",NA,NA,NA,5.15801679772384
"ASV182","DESeq2",81.8175238064085,-0.207396787937199,1.7254630329488,-0.120197757921687,0.904326493819626,0.926423171263934,"deseq2",0.926423171263934,-0.207396787937199,FALSE,NA,NA,NA,NA,NA,NA,NA,NA,NA,NA,NA,NA,NA,FALSE,FALSE,FALSE,FALSE,FALSE,FALSE,0,FALSE,FALSE,FALSE,"DESeq2 only",0.00387652058840947,0.00234442836468886,"control",0.00387652058840947,"Bacteria","Proteobacteria","Alphaproteobacteria","SAR11 clade","Clade I","Clade Ia",NA,"Clade Ia",0.0331905911099283
"ASV184","DESeq2",42.178297961101,-7.80912439328073,1.54804273258578,-5.04451474684856,4.54673767707973e-07,1.6368255637487e-06,"deseq2",1.6368255637487e-06,-7.80912439328073,TRUE,NA,NA,NA,NA,NA,NA,NA,NA,NA,NA,NA,NA,NA,TRUE,FALSE,FALSE,TRUE,FALSE,FALSE,1,TRUE,TRUE,FALSE,"DESeq2 + ALDEx2",0.00292538833858889,0,"control",0.00292538833858889,"Bacteria","Proteobacteria","Gammaproteobacteria","Pseudomonadales","SAR86 clade",NA,NA,NA,5.78599760081893
"ASV188","DESeq2",96.7367569990568,1.20023896197052,0.784340885550159,1.53025168530981,0.125954442369944,0.165487588515254,"deseq2",0.165487588515254,1.20023896197052,FALSE,NA,NA,NA,NA,NA,NA,NA,NA,NA,NA,NA,NA,NA,FALSE,FALSE,FALSE,FALSE,TRUE,FALSE,1,TRUE,TRUE,FALSE,"DESeq2 + ALDEx2",0.00322122050422353,0.0055544965589651,"contrast",0.0055544965589651,"Bacteria","Proteobacteria","Gammaproteobacteria","Pseudomonadales","Halieaceae","OM60(NOR5) clade",NA,"OM60(NOR5) clade",0.781234572531555
"ASV190","DESeq2",27.8575204013235,-7.20880871643792,4.20726250816746,-1.71342023523458,0.0866352562188337,0.124754768955121,"deseq2",0.124754768955121,-7.20880871643792,FALSE,NA,NA,NA,NA,NA,NA,NA,NA,NA,NA,NA,NA,NA,FALSE,FALSE,FALSE,FALSE,FALSE,FALSE,0,FALSE,FALSE,FALSE,"DESeq2 only",0.00161980494054538,0,"control",0.00161980494054538,"Bacteria","Proteobacteria","Gammaproteobacteria","Enterobacterales","Alteromonadaceae","Alteromonas",NA,"Alteromonas",0.903942843770249
"ASV191","DESeq2",51.4733055977558,-1.73411031593698,0.443855406564123,-3.90692619779198,9.3477689795796e-05,0.00022434645550991,"deseq2",0.00022434645550991,-1.73411031593698,TRUE,NA,NA,NA,NA,NA,NA,NA,NA,NA,NA,NA,NA,NA,TRUE,FALSE,FALSE,TRUE,FALSE,FALSE,1,TRUE,TRUE,FALSE,"DESeq2 + ALDEx2",0.00290286899204687,0.000703732155353432,"control",0.00290286899204687,"Bacteria","Proteobacteria","Alphaproteobacteria","SAR11 clade","Clade IV",NA,NA,NA,3.64908078757351
"ASV192","DESeq2",44.1848074441154,-0.178470594379403,0.31976825801256,-0.558124797904091,0.576759168316918,0.64482391488848,"deseq2",0.64482391488848,-0.178470594379403,FALSE,NA,NA,NA,NA,NA,NA,NA,NA,NA,NA,NA,NA,NA,FALSE,FALSE,FALSE,FALSE,FALSE,FALSE,0,FALSE,FALSE,FALSE,"DESeq2 only",0.00209253169728856,0.00143281782672155,"control",0.00209253169728856,"Bacteria","Bacteroidota","Bacteroidia","Flavobacteriales","Flavobacteriaceae","NS2b marine group",NA,"NS2b marine group",0.190558864020114
"ASV198","DESeq2",27.8918449266923,-7.2111936685269,2.8864451534356,-2.49829575314942,0.012479203180815,0.0244158323102902,"deseq2",0.0244158323102902,-7.2111936685269,TRUE,NA,NA,NA,NA,NA,NA,NA,NA,NA,NA,NA,NA,NA,TRUE,FALSE,FALSE,TRUE,FALSE,FALSE,1,TRUE,TRUE,FALSE,"DESeq2 + ALDEx2",0.00201723491375612,0,"control",0.00201723491375612,"Bacteria","Proteobacteria","Alphaproteobacteria","SAR11 clade","Clade I","Clade Ia",NA,"Clade Ia",1.61232846648102
"ASV2","DESeq2",719.434069791817,-5.96330000275218,1.26033471113417,-4.73152088097757,2.22843889451924e-06,6.94997435827093e-06,"deseq2",6.94997435827093e-06,-5.96330000275218,TRUE,NA,NA,NA,NA,NA,NA,NA,NA,NA,NA,NA,NA,NA,TRUE,FALSE,FALSE,TRUE,FALSE,TRUE,2,TRUE,TRUE,TRUE,"DESeq2 + ALDEx2 + LEfSe",0.0479335589553285,0.000549927641099855,"control",0.0479335589553285,"Bacteria","Cyanobacteria","Cyanobacteriia","Synechococcales","Cyanobiaceae","Prochlorococcus MIT9313","marinus","Prochlorococcus MIT9313",5.15801679772384
"ASV20","DESeq2",691.164740646056,2.00274243717954,0.275623625911947,7.26622193780786,3.69681030157118e-13,2.29457191132004e-12,"deseq2",2.29457191132004e-12,2.00274243717954,TRUE,NA,NA,NA,NA,NA,NA,NA,NA,NA,NA,NA,NA,NA,TRUE,FALSE,FALSE,TRUE,TRUE,TRUE,3,TRUE,TRUE,TRUE,"DESeq2 + ALDEx2 + LEfSe",0.0154883328965181,0.0473607927301104,"contrast",0.0473607927301104,"Bacteria","Proteobacteria","Alphaproteobacteria","SAR11 clade","Clade I","Clade Ia",NA,"Clade Ia",11.6392983270737
"ASV202","DESeq2",54.4337601470423,0.366895849519907,0.509558740871458,0.720026603591245,0.471508615817183,0.554120053928445,"deseq2",0.554120053928445,0.366895849519907,FALSE,NA,NA,NA,NA,NA,NA,NA,NA,NA,NA,NA,NA,NA,FALSE,FALSE,FALSE,FALSE,FALSE,FALSE,0,FALSE,FALSE,FALSE,"DESeq2 only",0.00225852597849952,0.00216860692970664,"control",0.00225852597849952,"Bacteria","Proteobacteria","Gammaproteobacteria","Ectothiorhodospirales","Ectothiorhodospiraceae",NA,NA,NA,0.256396132184682
"ASV204","DESeq2",54.2516664257137,0.139987023194735,0.606908624035446,0.230655847768212,0.817582176977112,0.853519479917475,"deseq2",0.853519479917475,0.139987023194735,FALSE,NA,NA,NA,NA,NA,NA,NA,NA,NA,NA,NA,NA,NA,FALSE,FALSE,FALSE,FALSE,FALSE,FALSE,0,FALSE,FALSE,FALSE,"DESeq2 only",0.00225201340479666,0.0019365817927741,"control",0.00225201340479666,"Bacteria","Proteobacteria","Gammaproteobacteria","Thiotrichales","Thiotrichaceae",NA,NA,NA,0.0687865625116086
"ASV206","DESeq2",58.934278231023,4.362599560844,0.397046817541946,10.9876200188486,4.38332263993885e-28,8.76664527987769e-27,"deseq2",8.76664527987769e-27,4.362599560844,TRUE,NA,NA,NA,NA,NA,NA,NA,NA,NA,NA,NA,NA,NA,TRUE,FALSE,FALSE,TRUE,TRUE,FALSE,2,TRUE,TRUE,FALSE,"DESeq2 + ALDEx2",0.000352927411336698,0.00556838007866848,"contrast",0.00556838007866848,"Bacteria","Proteobacteria","Gammaproteobacteria","Pseudomonadales","SAR86 clade",NA,NA,NA,26.0571665657176
"ASV207","DESeq2",59.4617742343613,1.05987460333436,1.65587769507875,0.640068168370344,0.522128282422884,0.598618412968911,"deseq2",0.598618412968911,1.05987460333436,FALSE,NA,NA,NA,NA,NA,NA,NA,NA,NA,NA,NA,NA,NA,FALSE,FALSE,FALSE,FALSE,FALSE,FALSE,0,FALSE,FALSE,FALSE,"DESeq2 only",0.00208925750839475,0.00310029752147996,"contrast",0.00310029752147996,"Bacteria","Proteobacteria","Alphaproteobacteria","SAR11 clade","Clade II",NA,NA,NA,0.222849928779143
"ASV21","DESeq2",216.700766357068,-0.372704586157896,0.192371084891657,-1.9374251923973,0.052693389605402,0.0844217545199356,"deseq2",0.0844217545199356,-0.372704586157896,FALSE,NA,NA,NA,NA,NA,NA,NA,NA,NA,NA,NA,NA,NA,FALSE,FALSE,FALSE,FALSE,FALSE,FALSE,0,FALSE,FALSE,FALSE,"DESeq2 only",0.0104906976972327,0.00632234260958185,"control",0.0104906976972327,"Bacteria","Proteobacteria","Alphaproteobacteria","Rhodospirillales","AEGEAN-169 marine group",NA,NA,NA,1.07354562623505
"ASV211","DESeq2",24.0229833411983,-6.99933346599922,1.57344857799706,-4.44840305801993,8.65110780669051e-06,2.35939303818832e-05,"deseq2",2.35939303818832e-05,-6.99933346599922,TRUE,NA,NA,NA,NA,NA,NA,NA,NA,NA,NA,NA,NA,NA,TRUE,FALSE,FALSE,TRUE,FALSE,FALSE,1,TRUE,TRUE,FALSE,"DESeq2 + ALDEx2",0.00165986289483375,0,"control",0.00165986289483375,"Bacteria","Bacteroidota","Bacteroidia","Flavobacteriales","Flavobacteriaceae","NS4 marine group",NA,"NS4 marine group",4.62719970638102
"ASV2196","DESeq2",39.6981102065317,9.64813375298384,1.16257172169534,8.29895788185378,1.05028592895991e-16,7.87714446719929e-16,"deseq2",7.87714446719929e-16,9.64813375298384,TRUE,NA,NA,NA,NA,NA,NA,NA,NA,NA,NA,NA,NA,NA,TRUE,FALSE,FALSE,TRUE,TRUE,FALSE,2,TRUE,TRUE,FALSE,"DESeq2 + ALDEx2",0,0.00419081264095837,"contrast",0.00419081264095837,"Bacteria","Proteobacteria","Alphaproteobacteria","Rhodobacterales","Rhodobacteraceae","Planktomarina","temperata","Planktomarina",15.1036311894765
"ASV223","DESeq2",30.3647691010568,-7.33298049560825,4.20716350360496,-1.74297492581995,0.0813379948003875,0.118071282774756,"deseq2",0.118071282774756,-7.33298049560825,FALSE,NA,NA,NA,NA,NA,NA,NA,NA,NA,NA,NA,NA,NA,FALSE,FALSE,FALSE,FALSE,FALSE,FALSE,0,FALSE,FALSE,FALSE,"DESeq2 only",0.00163722263240226,0,"control",0.00163722263240226,"Bacteria","Proteobacteria","Gammaproteobacteria","Pseudomonadales","Cellvibrionaceae","Aestuariicella",NA,"Aestuariicella",0.927855718381571
"ASV224","DESeq2",39.6638937899644,-7.7158530409872,1.46610567256659,-5.26282189978822,1.41860985933992e-07,5.80340397002696e-07,"deseq2",5.80340397002696e-07,-7.7158530409872,TRUE,NA,NA,NA,NA,NA,NA,NA,NA,NA,NA,NA,NA,NA,TRUE,FALSE,FALSE,TRUE,FALSE,FALSE,1,TRUE,TRUE,FALSE,"DESeq2 + ALDEx2",0.00260711119635011,0,"control",0.00260711119635011,"Bacteria","Proteobacteria","Alphaproteobacteria","SAR11 clade","Clade I","Clade Ib",NA,"Clade Ib",6.2363171975128
"ASV227","DESeq2",49.6426657679236,0.560504978458762,0.289676177544916,1.93493639418054,0.0529981014486262,0.0844217545199356,"deseq2",0.0844217545199356,0.560504978458762,FALSE,NA,NA,NA,NA,NA,NA,NA,NA,NA,NA,NA,NA,NA,FALSE,FALSE,FALSE,FALSE,FALSE,FALSE,0,FALSE,FALSE,FALSE,"DESeq2 only",0.00188601550196761,0.00222385731871808,"contrast",0.00222385731871808,"Bacteria","Proteobacteria","Alphaproteobacteria","Rickettsiales","S25-593",NA,NA,NA,1.07354562623505
"ASV234","DESeq2",39.993149068532,-7.73284439317575,1.45710960433085,-5.30697510344591,1.11459394608202e-07,4.77683119749436e-07,"deseq2",4.77683119749436e-07,-7.73284439317575,TRUE,NA,NA,NA,NA,NA,NA,NA,NA,NA,NA,NA,NA,NA,TRUE,FALSE,FALSE,TRUE,FALSE,FALSE,1,TRUE,TRUE,FALSE,"DESeq2 + ALDEx2",0.00268527524008888,0,"control",0.00268527524008888,"Bacteria","Cyanobacteria","Cyanobacteriia","Synechococcales","Cyanobiaceae","Cyanobium PCC-6307",NA,"Cyanobium PCC-6307",6.32086010543886
"ASV236","DESeq2",136.748981168173,3.76752574683385,2.50302652042711,1.50518810571411,0.13227572226567,0.172533550781309,"deseq2",0.172533550781309,3.76752574683385,FALSE,NA,NA,NA,NA,NA,NA,NA,NA,NA,NA,NA,NA,NA,FALSE,FALSE,FALSE,FALSE,TRUE,TRUE,2,TRUE,TRUE,TRUE,"DESeq2 + ALDEx2 + LEfSe",0.00132695645676186,0.0125638278653804,"contrast",0.0125638278653804,"Bacteria","Bacteroidota","Bacteroidia","Flavobacteriales","Flavobacteriaceae","Aurantivirga",NA,"Aurantivirga",0.763126439707416
"ASV24","DESeq2",304.224140997065,-23.9493692262292,4.20617179589291,-5.6938637764664,1.24196187774113e-08,5.7321317434206e-08,"deseq2",5.7321317434206e-08,-23.9493692262292,TRUE,NA,NA,NA,NA,NA,NA,NA,NA,NA,NA,NA,NA,NA,TRUE,FALSE,FALSE,TRUE,FALSE,FALSE,1,TRUE,TRUE,FALSE,"DESeq2 + ALDEx2",0.0179015468412892,0,"control",0.0179015468412892,"Bacteria","Proteobacteria","Alphaproteobacteria","Rhodobacterales","Rhodobacteraceae","Pseudophaeobacter",NA,"Pseudophaeobacter",7.24168383663075
"ASV241","DESeq2",34.9350969649198,0.443769674524901,0.321421657796537,1.38064646162024,0.167387690284666,0.215212744651713,"deseq2",0.215212744651713,0.443769674524901,FALSE,NA,NA,NA,NA,NA,NA,NA,NA,NA,NA,NA,NA,NA,FALSE,FALSE,FALSE,FALSE,TRUE,FALSE,1,TRUE,TRUE,FALSE,"DESeq2 + ALDEx2",0.00137541863439675,0.00147802818882998,"contrast",0.00147802818882998,"Bacteria","Marinimicrobia (SAR406 clade)",NA,NA,NA,NA,NA,NA,0.667132013823384
"ASV242","DESeq2",50.6530539831052,-8.07219399023964,1.87441673875442,-4.30650976559448,1.65850610865909e-05,4.32653767476285e-05,"deseq2",4.32653767476285e-05,-8.07219399023964,TRUE,NA,NA,NA,NA,NA,NA,NA,NA,NA,NA,NA,NA,NA,TRUE,FALSE,FALSE,TRUE,FALSE,FALSE,1,TRUE,TRUE,FALSE,"DESeq2 + ALDEx2",0.00365109885511606,0,"control",0.00365109885511606,"Bacteria","Proteobacteria","Gammaproteobacteria","Pseudomonadales","SAR86 clade",NA,NA,NA,4.36385951016913
"ASV243","DESeq2",40.7540225390684,-7.75907963350945,1.53604833092124,-5.05132519421181,4.38755357515291e-07,1.61175437454597e-06,"deseq2",1.61175437454597e-06,-7.75907963350945,TRUE,NA,NA,NA,NA,NA,NA,NA,NA,NA,NA,NA,NA,NA,TRUE,FALSE,FALSE,TRUE,FALSE,FALSE,1,TRUE,TRUE,FALSE,"DESeq2 + ALDEx2",0.0027396426291877,0,"control",0.0027396426291877,"Bacteria","Bacteroidota","Bacteroidia","Flavobacteriales","Flavobacteriaceae","NS4 marine group",NA,"NS4 marine group",5.79270114237413
"ASV248","DESeq2",23.5140811165053,-6.96406398058338,4.20748445121007,-1.65516095456527,0.0978918531240763,0.136593283428944,"deseq2",0.136593283428944,-6.96406398058338,FALSE,NA,NA,NA,NA,NA,NA,NA,NA,NA,NA,NA,NA,NA,FALSE,FALSE,FALSE,FALSE,FALSE,FALSE,0,FALSE,FALSE,FALSE,"DESeq2 only",0.00128781943147099,0,"control",0.00128781943147099,"Bacteria","Proteobacteria","Gammaproteobacteria","Enterobacterales","Alteromonadaceae","Alteromonas","australica","Alteromonas",0.864570655277198
"ASV249","DESeq2",69.4372741796356,-0.115561325948589,0.41835916792857,-0.276225154861002,0.782375137769453,0.828397204697068,"deseq2",0.828397204697068,-0.115561325948589,FALSE,NA,NA,NA,NA,NA,NA,NA,NA,NA,NA,NA,NA,NA,FALSE,FALSE,FALSE,FALSE,FALSE,FALSE,0,FALSE,FALSE,FALSE,"DESeq2 only",0.0031964847633711,0.00224323750834239,"control",0.0031964847633711,"Bacteria","Proteobacteria","Alphaproteobacteria","SAR11 clade","Clade I","Clade Ia",NA,"Clade Ia",0.0817613752381297
"ASV252","DESeq2",25.8067931698693,0.706483622608905,0.501143887009641,1.40974207392719,0.158615856395423,0.205401828425727,"deseq2",0.205401828425727,0.706483622608905,FALSE,NA,NA,NA,NA,NA,NA,NA,NA,NA,NA,NA,NA,NA,FALSE,FALSE,FALSE,FALSE,FALSE,FALSE,0,FALSE,FALSE,FALSE,"DESeq2 only",0.000927475712981356,0.00124695636483632,"contrast",0.00124695636483632,"Bacteria","Proteobacteria","Alphaproteobacteria","Defluviicoccales",NA,NA,NA,NA,0.687395694761771
"ASV256","DESeq2",18.144307617245,-6.59026284535508,4.207905106178,-1.56616242026925,0.117310597977859,0.156414130637145,"deseq2",0.156414130637145,-6.59026284535508,FALSE,NA,NA,NA,NA,NA,NA,NA,NA,NA,NA,NA,NA,NA,FALSE,FALSE,FALSE,FALSE,FALSE,FALSE,0,FALSE,FALSE,FALSE,"DESeq2 only",0.00107704363020104,0,"control",0.00107704363020104,"Bacteria","Proteobacteria","Alphaproteobacteria","Rhodobacterales","Rhodobacteraceae","Amylibacter",NA,"Amylibacter",0.805724014827808
"ASV258","DESeq2",26.4233619028021,-7.1371694025228,1.4837987775588,-4.81006556311167,1.50880797463607e-06,4.93791700789986e-06,"deseq2",4.93791700789986e-06,-7.1371694025228,TRUE,NA,NA,NA,NA,NA,NA,NA,NA,NA,NA,NA,NA,NA,TRUE,FALSE,FALSE,TRUE,FALSE,FALSE,1,TRUE,TRUE,FALSE,"DESeq2 + ALDEx2",0.00181145081295668,0,"control",0.00181145081295668,"Bacteria","Proteobacteria","Alphaproteobacteria","Parvibaculales","OCS116 clade",NA,NA,NA,5.30645621357663
"ASV259","DESeq2",35.3731818028883,0.65050211207415,0.285961434590588,2.27478965128804,0.022918551337265,0.0408449429773039,"deseq2",0.0408449429773039,0.65050211207415,TRUE,NA,NA,NA,NA,NA,NA,NA,NA,NA,NA,NA,NA,NA,TRUE,FALSE,FALSE,TRUE,TRUE,FALSE,2,TRUE,TRUE,FALSE,"DESeq2 + ALDEx2",0.0013186076077457,0.00163135604661412,"contrast",0.00163135604661412,"Bacteria","Proteobacteria","Alphaproteobacteria","SAR11 clade","Clade I","Clade Ib",NA,"Clade Ib",1.38886170591258
"ASV263","DESeq2",46.4295646414415,-7.94334306112251,1.4744601415721,-5.38728910817022,7.1528327781841e-08,3.14026804895888e-07,"deseq2",3.14026804895888e-07,-7.94334306112251,TRUE,NA,NA,NA,NA,NA,NA,NA,NA,NA,NA,NA,NA,NA,TRUE,FALSE,FALSE,TRUE,FALSE,FALSE,1,TRUE,TRUE,FALSE,"DESeq2 + ALDEx2",0.00307772000181268,0,"control",0.00307772000181268,"Bacteria","Proteobacteria","Alphaproteobacteria","SAR11 clade","Clade I","Clade Ib",NA,"Clade Ib",6.50303327956526
"ASV267","DESeq2",23.9020322635394,-0.770300758980178,1.30734104349073,-0.58921179199224,0.55571920780006,0.628827963901878,"deseq2",0.628827963901878,-0.770300758980178,FALSE,NA,NA,NA,NA,NA,NA,NA,NA,NA,NA,NA,NA,NA,FALSE,FALSE,FALSE,FALSE,FALSE,FALSE,0,FALSE,FALSE,FALSE,"DESeq2 only",0.0012366586432188,0.000621921488631275,"control",0.0012366586432188,"Bacteria","Proteobacteria","Alphaproteobacteria","Rhodospirillales","AEGEAN-169 marine group",NA,NA,NA,0.201468153517248
"ASV27","DESeq2",1432.12702723076,-26.094368524192,3.83361040277003,-6.80673458767149,9.98388739787081e-12,5.61593666130233e-11,"deseq2",5.61593666130233e-11,-26.094368524192,TRUE,NA,NA,NA,NA,NA,NA,NA,NA,NA,NA,NA,NA,NA,TRUE,FALSE,FALSE,TRUE,FALSE,TRUE,2,TRUE,TRUE,TRUE,"DESeq2 + ALDEx2 + LEfSe",0.078421094095993,0,"control",0.078421094095993,"Bacteria","Proteobacteria","Gammaproteobacteria","Pseudomonadales","Saccharospirillaceae","Oceaniserpentilla",NA,"Oceaniserpentilla",10.2505777989911
"ASV270","DESeq2",34.023451878038,-1.26795896820157,0.561081707976066,-2.25984727389412,0.023830731245427,0.0416459380988045,"deseq2",0.0416459380988045,-1.26795896820157,TRUE,NA,NA,NA,NA,NA,NA,NA,NA,NA,NA,NA,NA,NA,TRUE,FALSE,FALSE,TRUE,FALSE,FALSE,1,TRUE,TRUE,FALSE,"DESeq2 + ALDEx2",0.00187520518120571,0.000604224717172428,"control",0.00187520518120571,"Bacteria","Proteobacteria","Alphaproteobacteria","SAR11 clade","Clade I","Clade Ib",NA,"Clade Ib",1.380427350735
"ASV271","DESeq2",23.572824384727,-0.444535231850034,0.476347358585634,-0.933216535869839,0.35070817866124,0.43237994629468,"deseq2",0.43237994629468,-0.444535231850034,FALSE,NA,NA,NA,NA,NA,NA,NA,NA,NA,NA,NA,NA,NA,FALSE,FALSE,FALSE,FALSE,FALSE,FALSE,0,FALSE,FALSE,FALSE,"DESeq2 only",0.00115561587597738,0.000658045136775566,"control",0.00115561587597738,"Bacteria","Dadabacteria","Dadabacteriia","Dadabacteriales",NA,NA,NA,NA,0.364134456752781
"ASV272","DESeq2",31.2439794475018,-7.37713393457389,1.51640070289459,-4.8648974644314,1.14516159017458e-06,3.81720530058192e-06,"deseq2",3.81720530058192e-06,-7.37713393457389,TRUE,NA,NA,NA,NA,NA,NA,NA,NA,NA,NA,NA,NA,NA,TRUE,FALSE,FALSE,TRUE,FALSE,FALSE,1,TRUE,TRUE,FALSE,"DESeq2 + ALDEx2",0.00215717922317714,0,"control",0.00215717922317714,"Bacteria","Proteobacteria","Gammaproteobacteria","Pseudomonadales","SAR86 clade",NA,NA,NA,5.41825448178207
"ASV275","DESeq2",18.5188386007711,-2.01387470295069,1.11609381337939,-1.80439554346505,0.0711693212005772,0.108563371322914,"deseq2",0.108563371322914,-2.01387470295069,FALSE,NA,NA,NA,NA,NA,NA,NA,NA,NA,NA,NA,NA,NA,FALSE,FALSE,FALSE,FALSE,FALSE,FALSE,0,FALSE,FALSE,FALSE,"DESeq2 only",0.00112173327670869,0.00020260492040521,"control",0.00112173327670869,"Bacteria","Proteobacteria","Gammaproteobacteria","UBA10353 marine group",NA,NA,NA,NA,0.964316678574146
"ASV277","DESeq2",19.8123711744774,-6.71793270230527,2.84811873771188,-2.35872634569383,0.018337772881013,0.0347452538798141,"deseq2",0.0347452538798141,-6.71793270230527,TRUE,NA,NA,NA,NA,NA,NA,NA,NA,NA,NA,NA,NA,NA,TRUE,FALSE,FALSE,TRUE,FALSE,FALSE,1,TRUE,TRUE,FALSE,"DESeq2 + ALDEx2",0.00141514608784394,0,"control",0.00141514608784394,"Bacteria","Proteobacteria","Alphaproteobacteria","Rhodospirillales","AEGEAN-169 marine group",NA,NA,NA,1.4591045106301
"ASV280","DESeq2",30.4561714650877,-7.33744700630605,1.48831207596716,-4.93004600633767,8.22102540429176e-07,2.79204636372173e-06,"deseq2",2.79204636372173e-06,-7.33744700630605,TRUE,NA,NA,NA,NA,NA,NA,NA,NA,NA,NA,NA,NA,NA,TRUE,FALSE,FALSE,TRUE,FALSE,FALSE,1,TRUE,TRUE,FALSE,"DESeq2 + ALDEx2",0.00202340201229779,0,"control",0.00202340201229779,"Bacteria","Proteobacteria","Alphaproteobacteria","SAR11 clade","Clade I","Clade Ib",NA,"Clade Ib",5.55407737425041
"ASV289","DESeq2",30.8644124715506,3.92642207015327,3.33522081436846,1.17726000426654,0.239091745357549,0.300954644506006,"deseq2",0.300954644506006,3.92642207015327,FALSE,NA,NA,NA,NA,NA,NA,NA,NA,NA,NA,NA,NA,NA,FALSE,FALSE,FALSE,FALSE,TRUE,FALSE,1,TRUE,TRUE,FALSE,"DESeq2 + ALDEx2",0.000283886596767478,0.00293260948752301,"contrast",0.00293260948752301,"Bacteria","Proteobacteria","Alphaproteobacteria","Puniceispirillales","SAR116 clade","Candidatus Puniceispirillum",NA,"Candidatus Puniceispirillum",0.521498950004036
"ASV290","DESeq2",30.3049294231684,-7.3279598349617,1.46755176988647,-4.99332288327287,5.93492129840304e-07,2.09467810531872e-06,"deseq2",2.09467810531872e-06,-7.3279598349617,TRUE,NA,NA,NA,NA,NA,NA,NA,NA,NA,NA,NA,NA,NA,TRUE,FALSE,FALSE,TRUE,FALSE,FALSE,1,TRUE,TRUE,FALSE,"DESeq2 + ALDEx2",0.00202179863202323,0,"control",0.00202179863202323,"Bacteria","Proteobacteria","Alphaproteobacteria","SAR11 clade","Clade I","Clade Ib",NA,"Clade Ib",5.67888270674293
"ASV295","DESeq2",23.3411979392405,-0.150689797120788,0.489384901894053,-0.30791672676778,0.758145697653454,0.812298961771557,"deseq2",0.812298961771557,-0.150689797120788,FALSE,NA,NA,NA,NA,NA,NA,NA,NA,NA,NA,NA,NA,NA,FALSE,FALSE,FALSE,FALSE,FALSE,FALSE,0,FALSE,FALSE,FALSE,"DESeq2 only",0.00105618933610382,0.000766162632451276,"control",0.00105618933610382,"Bacteria","Proteobacteria","Alphaproteobacteria","Puniceispirillales","SAR116 clade",NA,NA,NA,0.0902841018526576
"ASV2965","DESeq2",17.2924940414257,-6.52182077178696,2.83429282093527,-2.30103986561094,0.0213893778233979,0.03928661232869,"deseq2",0.03928661232869,-6.52182077178696,TRUE,NA,NA,NA,NA,NA,NA,NA,NA,NA,NA,NA,NA,NA,TRUE,FALSE,FALSE,TRUE,FALSE,FALSE,1,TRUE,TRUE,FALSE,"DESeq2 + ALDEx2",0.00124532477370574,0,"control",0.00124532477370574,"Bacteria","Proteobacteria","Alphaproteobacteria","Puniceispirillales","SAR116 clade","Candidatus Puniceispirillum",NA,"Candidatus Puniceispirillum",1.40575541864015
"ASV3","DESeq2",1072.81283414227,0.79849441795993,0.340895902126451,2.34234091104955,0.0191632018263882,0.0355605807087617,"deseq2",0.0355605807087617,0.79849441795993,TRUE,NA,NA,NA,NA,NA,NA,NA,NA,NA,NA,NA,NA,NA,TRUE,FALSE,FALSE,TRUE,TRUE,FALSE,2,TRUE,TRUE,FALSE,"DESeq2 + ALDEx2",0.0390601882365349,0.0513652672527141,"contrast",0.0513652672527141,"Bacteria","Proteobacteria","Alphaproteobacteria","SAR11 clade","Clade I","Clade Ia",NA,"Clade Ia",1.44903115556033
"ASV30","DESeq2",278.728927967138,-0.142937869140292,0.298130154351101,-0.47944787554753,0.631620041445262,0.693241508903336,"deseq2",0.693241508903336,-0.142937869140292,FALSE,NA,NA,NA,NA,NA,NA,NA,NA,NA,NA,NA,NA,NA,FALSE,FALSE,FALSE,FALSE,FALSE,FALSE,0,FALSE,FALSE,FALSE,"DESeq2 only",0.0128208738395256,0.00894136974220733,"control",0.0128208738395256,"Bacteria","Proteobacteria","Alphaproteobacteria","SAR11 clade","Clade II",NA,NA,NA,0.159115441128406
"ASV305","DESeq2",22.6666045882827,-6.91729803821883,1.50455264332323,-4.59757793714683,4.274307592709e-06,1.18365441028865e-05,"deseq2",1.18365441028865e-05,-6.91729803821883,TRUE,NA,NA,NA,NA,NA,NA,NA,NA,NA,NA,NA,NA,NA,TRUE,FALSE,FALSE,TRUE,FALSE,FALSE,1,TRUE,TRUE,FALSE,"DESeq2 + ALDEx2",0.00156647080155302,0,"control",0.00156647080155302,"Bacteria","Bacteroidota","Bacteroidia","Flavobacteriales","NS7 marine group",NA,NA,NA,4.92677507938079
"ASV306","DESeq2",31.3576357951147,0.170791802996833,2.59021327446177,0.0659373514454413,0.947427703121959,0.963485799785043,"deseq2",0.963485799785043,0.170791802996833,FALSE,NA,NA,NA,NA,NA,NA,NA,NA,NA,NA,NA,NA,NA,FALSE,FALSE,FALSE,FALSE,FALSE,FALSE,0,FALSE,FALSE,FALSE,"DESeq2 only",0.00144841871267475,0.00107091172214182,"control",0.00144841871267475,"Bacteria","Proteobacteria","Alphaproteobacteria","SAR11 clade","Clade I","Clade Ib",NA,"Clade Ib",0.0161546817562644
"ASV319","DESeq2",43.8087616994088,-7.86199584270573,4.2068253554309,-1.86886670552085,0.0616413614815473,0.09732846549718,"deseq2",0.09732846549718,-7.86199584270573,FALSE,NA,NA,NA,NA,NA,NA,NA,NA,NA,NA,NA,NA,NA,FALSE,FALSE,FALSE,FALSE,FALSE,FALSE,0,FALSE,FALSE,FALSE,"DESeq2 only",0.00252632258645912,0,"control",0.00252632258645912,"Bacteria","Proteobacteria","Gammaproteobacteria","Pseudomonadales","Saccharospirillaceae","Oleispira",NA,"Oleispira",1.01176012375665
"ASV322","DESeq2",39.5272366451477,-7.71821259353278,1.46113012328594,-5.28235813534204,1.2753158287752e-07,5.33853137626827e-07,"deseq2",5.33853137626827e-07,-7.71821259353278,TRUE,NA,NA,NA,NA,NA,NA,NA,NA,NA,NA,NA,NA,NA,TRUE,FALSE,FALSE,TRUE,FALSE,FALSE,1,TRUE,TRUE,FALSE,"DESeq2 + ALDEx2",0.00266997365276987,0,"control",0.00266997365276987,"Bacteria","Proteobacteria","Alphaproteobacteria","Puniceispirillales","SAR116 clade",NA,NA,NA,6.27257820044443
"ASV324","DESeq2",35.7896065576195,-7.57240685580781,1.47807593782677,-5.12315143086735,3.00470842992072e-07,1.15073939869304e-06,"deseq2",1.15073939869304e-06,-7.57240685580781,TRUE,NA,NA,NA,NA,NA,NA,NA,NA,NA,NA,NA,NA,NA,TRUE,FALSE,FALSE,TRUE,FALSE,FALSE,1,TRUE,TRUE,FALSE,"DESeq2 + ALDEx2",0.00243753752275293,0,"control",0.00243753752275293,"Bacteria","Proteobacteria","Gammaproteobacteria","Pseudomonadales","SAR86 clade",NA,NA,NA,5.93902301739886
"ASV337","DESeq2",54.8865223206071,10.1144972150752,1.63834995085882,6.17358776723689,6.67574635288718e-10,3.64131619248392e-09,"deseq2",3.64131619248392e-09,10.1144972150752,TRUE,NA,NA,NA,NA,NA,NA,NA,NA,NA,NA,NA,NA,NA,TRUE,FALSE,FALSE,TRUE,TRUE,TRUE,3,TRUE,TRUE,TRUE,"DESeq2 + ALDEx2 + LEfSe",0,0.00558776026829279,"contrast",0.00558776026829279,"Bacteria","Proteobacteria","Gammaproteobacteria","Pseudomonadales","SAR86 clade",NA,NA,NA,8.43874160761131
"ASV34","DESeq2",212.839544229696,-0.980543395367047,0.237369694914308,-4.13087018425428,3.61392629431856e-05,9.03481573579641e-05,"deseq2",9.03481573579641e-05,-0.980543395367047,TRUE,NA,NA,NA,NA,NA,NA,NA,NA,NA,NA,NA,NA,NA,TRUE,FALSE,FALSE,TRUE,FALSE,TRUE,2,TRUE,TRUE,TRUE,"DESeq2 + ALDEx2 + LEfSe",0.0113343188764296,0.00447929492859837,"control",0.0113343188764296,"Bacteria","Proteobacteria","Alphaproteobacteria","SAR11 clade","Clade IV",NA,NA,NA,4.04408070040719
"ASV345","DESeq2",27.0836244510042,-2.19335281190607,1.25049121819501,-1.75399297491429,0.079431710899015,0.118071282774756,"deseq2",0.118071282774756,-2.19335281190607,FALSE,NA,NA,NA,NA,NA,NA,NA,NA,NA,NA,NA,NA,NA,FALSE,FALSE,FALSE,FALSE,FALSE,FALSE,0,FALSE,FALSE,FALSE,"DESeq2 only",0.00168193803904208,0.000260492040520984,"control",0.00168193803904208,"Bacteria","Proteobacteria","Alphaproteobacteria","Puniceispirillales","SAR116 clade",NA,NA,NA,0.927855718381571
"ASV346","DESeq2",28.2002856380348,-7.22470197233366,1.4612662391084,-4.94413802151608,7.64815056525742e-07,2.64743673412757e-06,"deseq2",2.64743673412757e-06,-7.22470197233366,TRUE,NA,NA,NA,NA,NA,NA,NA,NA,NA,NA,NA,NA,NA,TRUE,FALSE,FALSE,TRUE,FALSE,FALSE,1,TRUE,TRUE,FALSE,"DESeq2 + ALDEx2",0.00188483812527705,0,"control",0.00188483812527705,"Archaea","Crenarchaeota","Nitrososphaeria","Nitrosopumilales","Nitrosopumilaceae","Candidatus Nitrosopumilus",NA,"Candidatus Nitrosopumilus",5.57717440944431
"ASV347","DESeq2",22.8019292826368,-6.91970126365876,4.20752886753472,-1.64459983080595,0.100052361784073,0.137476527642238,"deseq2",0.137476527642238,-6.91970126365876,FALSE,NA,NA,NA,NA,NA,NA,NA,NA,NA,NA,NA,NA,NA,FALSE,FALSE,FALSE,FALSE,FALSE,FALSE,0,FALSE,FALSE,FALSE,"DESeq2 only",0.00125592084684501,0,"control",0.00125592084684501,"Bacteria","Proteobacteria","Gammaproteobacteria","Enterobacterales","Alteromonadaceae","Alteromonas","genovensis","Alteromonas",0.861771445729312
"ASV35","DESeq2",139.12974902187,6.5835701783837,0.918798252133041,7.16541434759979,7.75516322136232e-13,4.5029979995007e-12,"deseq2",4.5029979995007e-12,6.5835701783837,TRUE,NA,NA,NA,NA,NA,NA,NA,NA,NA,NA,NA,NA,NA,TRUE,FALSE,FALSE,TRUE,TRUE,TRUE,3,TRUE,TRUE,TRUE,"DESeq2 + ALDEx2 + LEfSe",0.000205592772292304,0.0141679237701021,"contrast",0.0141679237701021,"Bacteria","Bacteroidota","Bacteroidia","Flavobacteriales","Crocinitomicaceae","Fluviicola",NA,"Fluviicola",11.3464982459764
"ASV353","DESeq2",25.0324440107978,1.790444821161,1.41653921046553,1.26395712023572,0.206245418026113,0.263292023012059,"deseq2",0.263292023012059,1.790444821161,FALSE,NA,NA,NA,NA,NA,NA,NA,NA,NA,NA,NA,NA,NA,FALSE,FALSE,FALSE,FALSE,FALSE,FALSE,0,FALSE,FALSE,FALSE,"DESeq2 only",0.00065302344324005,0.00167297636467935,"contrast",0.00167297636467935,"Bacteria","Proteobacteria","Alphaproteobacteria","Rickettsiales","S25-593",NA,NA,NA,0.579562298563224
"ASV358","DESeq2",25.1016811228565,-1.08652810680395,1.25616003898469,-0.864959935902873,0.38706077892484,0.467590202727995,"deseq2",0.467590202727995,-1.08652810680395,FALSE,NA,NA,NA,NA,NA,NA,NA,NA,NA,NA,NA,NA,NA,FALSE,FALSE,FALSE,FALSE,FALSE,FALSE,0,FALSE,FALSE,FALSE,"DESeq2 only",0.00135619719778839,0.000547290909995522,"control",0.00135619719778839,"Bacteria","Proteobacteria","Alphaproteobacteria","SAR11 clade","Clade I","Clade Ia",NA,"Clade Ia",0.330134597051996
"ASV361","DESeq2",17.4021918388496,-6.52578674468133,1.47256354683562,-4.43158243235378,9.35440381469805e-06,2.47616571565537e-05,"deseq2",2.47616571565537e-05,-6.52578674468133,TRUE,NA,NA,NA,NA,NA,NA,NA,NA,NA,NA,NA,NA,NA,TRUE,FALSE,FALSE,TRUE,FALSE,FALSE,1,TRUE,TRUE,FALSE,"DESeq2 + ALDEx2",0.00114937326099855,0,"control",0.00114937326099855,"Bacteria","Proteobacteria","Alphaproteobacteria","SAR11 clade","Clade I","Clade Ib",NA,"Clade Ib",4.60622029382543
"ASV367","DESeq2",23.0324064386877,-0.0377400031166947,1.48186341847895,-0.0254679362794668,0.979681723329982,0.979681723329982,"deseq2",0.979681723329982,-0.0377400031166947,FALSE,NA,NA,NA,NA,NA,NA,NA,NA,NA,NA,NA,NA,NA,FALSE,FALSE,FALSE,FALSE,FALSE,FALSE,0,FALSE,FALSE,FALSE,"DESeq2 only",0.00101290902719773,0.000870690084083785,"control",0.00101290902719773,"Bacteria","Proteobacteria","Alphaproteobacteria","SAR11 clade","Clade II",NA,NA,NA,0.00891499395272062
"ASV368","DESeq2",43.6141174564384,9.78453172954241,1.16204488403896,8.42009793591961,3.76169718317059e-17,3.07775224077594e-16,"deseq2",3.07775224077594e-16,9.78453172954241,TRUE,NA,NA,NA,NA,NA,NA,NA,NA,NA,NA,NA,NA,NA,TRUE,FALSE,FALSE,TRUE,TRUE,FALSE,2,TRUE,TRUE,FALSE,"DESeq2 + ALDEx2",0,0.00462591935476555,"contrast",0.00462591935476555,"Bacteria","Proteobacteria","Gammaproteobacteria","Pseudomonadales","Halieaceae","OM60(NOR5) clade",NA,"OM60(NOR5) clade",15.511766343827
"ASV37","DESeq2",155.853406873147,-1.242992322142,0.322577773585139,-3.85331050037126,0.000116531459404729,0.000275995561748042,"deseq2",0.000275995561748042,-1.242992322142,TRUE,NA,NA,NA,NA,NA,NA,NA,NA,NA,NA,NA,NA,NA,TRUE,FALSE,FALSE,TRUE,FALSE,FALSE,1,TRUE,TRUE,FALSE,"DESeq2 + ALDEx2",0.00850012609739034,0.00285295889543576,"control",0.00850012609739034,"Bacteria","Cyanobacteria","Cyanobacteriia","Synechococcales","Cyanobiaceae","Synechococcus CC9902",NA,"Synechococcus CC9902",3.55909790171678
"ASV375","DESeq2",16.7441771371414,-6.4765625071656,1.72910611812827,-3.74561308832588,0.000179953759082418,0.000415277905574812,"deseq2",0.000415277905574812,-6.4765625071656,TRUE,NA,NA,NA,NA,NA,NA,NA,NA,NA,NA,NA,NA,NA,TRUE,FALSE,FALSE,TRUE,FALSE,FALSE,1,TRUE,TRUE,FALSE,"DESeq2 + ALDEx2",0.00118747497200214,0,"control",0.00118747497200214,"Bacteria","Proteobacteria","Gammaproteobacteria","Pseudomonadales","Porticoccaceae","SAR92 clade",NA,"SAR92 clade",3.38166117445765
"ASV376","DESeq2",26.3923039005827,-7.13412150821328,1.52128176835603,-4.68954644472125,2.73811282290299e-06,7.82317949400853e-06,"deseq2",7.82317949400853e-06,-7.13412150821328,TRUE,NA,NA,NA,NA,NA,NA,NA,NA,NA,NA,NA,NA,NA,TRUE,FALSE,FALSE,TRUE,FALSE,FALSE,1,TRUE,TRUE,FALSE,"DESeq2 + ALDEx2",0.00180919510353783,0,"control",0.00180919510353783,"Bacteria","Proteobacteria","Alphaproteobacteria","Rhodospirillales","AEGEAN-169 marine group",NA,NA,NA,5.10661670524379
"ASV378","DESeq2",45.3777515215192,0.182816860632913,0.31283384531688,0.584389647634615,0.558958190135002,0.628827963901878,"deseq2",0.628827963901878,0.182816860632913,FALSE,NA,NA,NA,NA,NA,NA,NA,NA,NA,NA,NA,NA,NA,FALSE,FALSE,FALSE,FALSE,FALSE,FALSE,0,FALSE,FALSE,FALSE,"DESeq2 only",0.001962971718795,0.00173086348479513,"control",0.001962971718795,"Bacteria","Proteobacteria","Alphaproteobacteria","SAR11 clade","Clade II",NA,NA,NA,0.201468153517248
"ASV379","DESeq2",33.826204888528,0.0203155510879517,0.393772844644152,0.0515920571067075,0.958853748423423,0.969627386046158,"deseq2",0.969627386046158,0.0203155510879517,FALSE,NA,NA,NA,NA,NA,NA,NA,NA,NA,NA,NA,NA,NA,FALSE,FALSE,FALSE,FALSE,FALSE,FALSE,0,FALSE,FALSE,FALSE,"DESeq2 only",0.0015154689431228,0.00118811593178167,"control",0.0015154689431228,"Bacteria","Proteobacteria","Alphaproteobacteria","Parvibaculales","OCS116 clade",NA,NA,NA,0.0133951268403663
"ASV383","DESeq2",57.579480320446,-8.2562742346838,3.29091053428728,-2.50881151239558,0.0121138104265665,0.0239904487068549,"deseq2",0.0239904487068549,-8.2562742346838,TRUE,NA,NA,NA,NA,NA,NA,NA,NA,NA,NA,NA,NA,NA,TRUE,FALSE,FALSE,TRUE,FALSE,FALSE,1,TRUE,TRUE,FALSE,"DESeq2 + ALDEx2",0.00322634344244708,0,"control",0.00322634344244708,"Bacteria","Proteobacteria","Gammaproteobacteria","Pseudomonadales","Saccharospirillaceae","Oleispira",NA,"Oleispira",1.61996162910225
"ASV384","DESeq2",23.9833316204809,-6.99289691359531,4.20745630690584,-1.66202484435017,0.0965077931550155,0.135714084124241,"deseq2",0.135714084124241,-6.99289691359531,FALSE,NA,NA,NA,NA,NA,NA,NA,NA,NA,NA,NA,NA,NA,FALSE,FALSE,FALSE,FALSE,FALSE,FALSE,0,FALSE,FALSE,FALSE,"DESeq2 only",0.00146284042726407,0,"control",0.00146284042726407,"Bacteria","Proteobacteria","Gammaproteobacteria","Enterobacterales","Alteromonadaceae",NA,NA,NA,0.867375079827055
"ASV386","DESeq2",38.3715719047177,-7.66971216711793,1.48151264202974,-5.17694682416619,2.25546467418748e-07,8.8257313337771e-07,"deseq2",8.8257313337771e-07,-7.66971216711793,TRUE,NA,NA,NA,NA,NA,NA,NA,NA,NA,NA,NA,NA,NA,TRUE,FALSE,FALSE,TRUE,FALSE,FALSE,1,TRUE,TRUE,FALSE,"DESeq2 + ALDEx2",0.002573611397352,0,"control",0.002573611397352,"Bacteria","Cyanobacteria","Cyanobacteriia","Synechococcales","Cyanobiaceae","Synechococcus CC9902",NA,"Synechococcus CC9902",6.05424929715101
"ASV39","DESeq2",147.880841091009,-0.0788874437636123,0.188136816537212,-0.419308911544216,0.674990384565418,0.730450915395502,"deseq2",0.730450915395502,-0.0788874437636123,FALSE,NA,NA,NA,NA,NA,NA,NA,NA,NA,NA,NA,NA,NA,FALSE,FALSE,FALSE,FALSE,FALSE,FALSE,0,FALSE,FALSE,FALSE,"DESeq2 only",0.00674282796349386,0.00500625233603071,"control",0.00674282796349386,"Bacteria","Actinobacteriota","Acidimicrobiia","Actinomarinales","Actinomarinaceae","Candidatus Actinomarina",NA,"Candidatus Actinomarina",0.136408962329405
"ASV393","DESeq2",28.8951502116953,-7.26485748425006,1.53354638181982,-4.73729231171282,2.16592642636409e-06,6.94997435827093e-06,"deseq2",6.94997435827093e-06,-7.26485748425006,TRUE,NA,NA,NA,NA,NA,NA,NA,NA,NA,NA,NA,NA,NA,TRUE,FALSE,FALSE,TRUE,FALSE,FALSE,1,TRUE,TRUE,FALSE,"DESeq2 + ALDEx2",0.00200712916383233,0,"control",0.00200712916383233,"Bacteria","Proteobacteria","Gammaproteobacteria","Pseudomonadales","SAR86 clade",NA,NA,NA,5.15801679772384
"ASV399","DESeq2",44.1389335329198,-0.821476644208173,1.53920699528397,-0.533701215447387,0.593548268114338,0.659498075682598,"deseq2",0.659498075682598,-0.821476644208173,FALSE,NA,NA,NA,NA,NA,NA,NA,NA,NA,NA,NA,NA,NA,FALSE,FALSE,FALSE,FALSE,FALSE,FALSE,0,FALSE,FALSE,FALSE,"DESeq2 only",0.00230770111536788,0.000926193921852388,"control",0.00230770111536788,"Bacteria","Proteobacteria","Alphaproteobacteria","SAR11 clade","Clade II",NA,NA,NA,0.180786467322541
"ASV4","DESeq2",1486.9430443462,-2.08054252589301,0.257853964219502,-8.06868543669904,7.10590808002896e-16,4.73727205335264e-15,"deseq2",4.73727205335264e-15,-2.08054252589301,TRUE,NA,NA,NA,NA,NA,NA,NA,NA,NA,NA,NA,NA,NA,TRUE,FALSE,FALSE,TRUE,FALSE,TRUE,2,TRUE,TRUE,TRUE,"DESeq2 + ALDEx2 + LEfSe",0.0900239424724802,0.0163370073562782,"control",0.0900239424724802,"Bacteria","Cyanobacteria","Cyanobacteriia","Synechococcales","Cyanobiaceae","Synechococcus CC9902",NA,"Synechococcus CC9902",14.3244716737738
"ASV40","DESeq2",225.586866522376,-0.714913171406096,0.241310078166599,-2.96263287815324,0.00305020124613342,0.00661489426872307,"deseq2",0.00661489426872307,-0.714913171406096,TRUE,NA,NA,NA,NA,NA,NA,NA,NA,NA,NA,NA,NA,NA,TRUE,FALSE,FALSE,TRUE,FALSE,TRUE,2,TRUE,TRUE,TRUE,"DESeq2 + ALDEx2 + LEfSe",0.0114131737649073,0.00547293934100011,"control",0.0114131737649073,"Bacteria","Proteobacteria","Alphaproteobacteria","SAR11 clade","Clade I","Clade Ib",NA,"Clade Ib",2.17947709310567
"ASV402","DESeq2",30.7818790053383,-7.35338368627372,2.89095752481405,-2.54358067289373,0.0109722716632763,0.022191111229098,"deseq2",0.022191111229098,-7.35338368627372,TRUE,NA,NA,NA,NA,NA,NA,NA,NA,NA,NA,NA,NA,NA,TRUE,FALSE,FALSE,TRUE,FALSE,FALSE,1,TRUE,TRUE,FALSE,"DESeq2 + ALDEx2",0.00219522975857271,0,"control",0.00219522975857271,"Bacteria","Proteobacteria","Alphaproteobacteria","SAR11 clade","Clade I","Clade Ia",NA,"Clade Ia",1.65382094974717
"ASV406","DESeq2",19.1413300440832,-1.57974064925851,3.80102592276072,-0.415609017502078,0.677696127061383,0.730450915395502,"deseq2",0.730450915395502,-1.57974064925851,FALSE,NA,NA,NA,NA,NA,NA,NA,NA,NA,NA,NA,NA,NA,FALSE,FALSE,FALSE,FALSE,FALSE,FALSE,0,FALSE,FALSE,FALSE,"DESeq2 only",0.00106124466472676,0.000260492040520984,"control",0.00106124466472676,"Bacteria","Proteobacteria","Alphaproteobacteria","SAR11 clade","Clade II",NA,NA,NA,0.136408962329405
"ASV412","DESeq2",22.8493180623772,-6.9173073926183,1.46622996093081,-4.71775067822714,2.38466479994189e-06,7.261511109979e-06,"deseq2",7.261511109979e-06,-6.9173073926183,TRUE,NA,NA,NA,NA,NA,NA,NA,NA,NA,NA,NA,NA,NA,TRUE,FALSE,FALSE,TRUE,FALSE,FALSE,1,TRUE,TRUE,FALSE,"DESeq2 + ALDEx2",0.00150777412910728,0,"control",0.00150777412910728,"Bacteria","Proteobacteria","Alphaproteobacteria","SAR11 clade","Clade I","Clade Ib",NA,"Clade Ib",5.13897299384032
"ASV413","DESeq2",48.5124441940239,2.35093852418905,1.46669427820846,1.60288245418172,0.108960608114477,0.14746548466621,"deseq2",0.14746548466621,2.35093852418905,FALSE,NA,NA,NA,NA,NA,NA,NA,NA,NA,NA,NA,NA,NA,FALSE,FALSE,FALSE,FALSE,FALSE,FALSE,0,FALSE,FALSE,FALSE,"DESeq2 only",0.000986533498642898,0.00366887524697753,"contrast",0.00366887524697753,"Bacteria","Proteobacteria","Alphaproteobacteria","Rhodobacterales","Rhodobacteraceae",NA,NA,NA,0.831309617469584
"ASV416","DESeq2",30.4676229995349,-7.33745697918029,1.5562888481173,-4.71471410211329,2.42050370332633e-06,7.261511109979e-06,"deseq2",7.261511109979e-06,-7.33745697918029,TRUE,NA,NA,NA,NA,NA,NA,NA,NA,NA,NA,NA,NA,NA,TRUE,FALSE,FALSE,TRUE,FALSE,FALSE,1,TRUE,TRUE,FALSE,"DESeq2 + ALDEx2",0.0019767668038993,0,"control",0.0019767668038993,"Bacteria","Proteobacteria","Alphaproteobacteria","SAR11 clade","Clade IV",NA,NA,NA,5.13897299384032
"ASV42","DESeq2",19.7686398292155,-6.71370513974635,3.14332921695974,-2.1358580906902,0.0326909824868478,0.0549941761460991,"deseq2",0.0549941761460991,-6.71370513974635,FALSE,NA,NA,NA,NA,NA,NA,NA,NA,NA,NA,NA,NA,NA,FALSE,FALSE,FALSE,FALSE,FALSE,FALSE,0,FALSE,FALSE,FALSE,"DESeq2 only",0.00115675636247541,0,"control",0.00115675636247541,"Bacteria","Proteobacteria","Gammaproteobacteria","Pseudomonadales","Marinomonadaceae","Marinomonas",NA,"Marinomonas",1.25968329962452
"ASV420","DESeq2",22.3355172365454,-6.89042280264396,4.2075589381921,-1.63762953861429,0.101498997285132,0.138407723570635,"deseq2",0.138407723570635,-6.89042280264396,FALSE,NA,NA,NA,NA,NA,NA,NA,NA,NA,NA,NA,NA,NA,FALSE,FALSE,FALSE,FALSE,FALSE,FALSE,0,FALSE,FALSE,FALSE,"DESeq2 only",0.00166648538354575,0,"control",0.00166648538354575,"Bacteria","Proteobacteria","Alphaproteobacteria","SAR11 clade","Clade I","Clade Ia",NA,"Clade Ia",0.858839674254149
"ASV437","DESeq2",19.8498762500366,-6.72413788056389,1.60457160015894,-4.19061254723554,2.78202375062366e-05,7.0530179593276e-05,"deseq2",7.0530179593276e-05,-6.72413788056389,TRUE,NA,NA,NA,NA,NA,NA,NA,NA,NA,NA,NA,NA,NA,TRUE,FALSE,FALSE,TRUE,FALSE,FALSE,1,TRUE,TRUE,FALSE,"DESeq2 + ALDEx2",0.00138844012752246,0,"control",0.00138844012752246,"Bacteria","Proteobacteria","Alphaproteobacteria","Rhodobacterales","Rhodobacteraceae",NA,NA,NA,4.15162501029591
"ASV448","DESeq2",128.556903850749,5.08064094109,2.22760865804966,2.28076009793312,0.0225626467446035,0.0406127641402864,"deseq2",0.0406127641402864,5.08064094109,TRUE,NA,NA,NA,NA,NA,NA,NA,NA,NA,NA,NA,NA,NA,TRUE,FALSE,FALSE,TRUE,TRUE,TRUE,3,TRUE,TRUE,TRUE,"DESeq2 + ALDEx2 + LEfSe",0.000536057992620639,0.0128587601358802,"contrast",0.0128587601358802,"Bacteria","Bacteroidota","Bacteroidia","Flavobacteriales","Flavobacteriaceae","NS3a marine group",NA,"NS3a marine group",1.39133745104134
"ASV45","DESeq2",193.218379822005,-0.972897089611569,0.289024025768645,-3.36614607392655,0.000762263310678328,0.00171509244902624,"deseq2",0.00171509244902624,-0.972897089611569,TRUE,NA,NA,NA,NA,NA,NA,NA,NA,NA,NA,NA,NA,NA,TRUE,FALSE,FALSE,TRUE,FALSE,TRUE,2,TRUE,TRUE,TRUE,"DESeq2 + ALDEx2 + LEfSe",0.0102214889872472,0.00406093167331118,"control",0.0102214889872472,"Bacteria","Proteobacteria","Alphaproteobacteria","SAR11 clade","Clade I","Clade Ib",NA,"Clade Ib",2.76571246511402
"ASV464","DESeq2",38.8363775059793,-2.06246615752885,1.20947862332402,-1.70525226139224,0.0881473868392377,0.125924838341768,"deseq2",0.125924838341768,-2.06246615752885,FALSE,NA,NA,NA,NA,NA,NA,NA,NA,NA,NA,NA,NA,NA,FALSE,FALSE,FALSE,FALSE,FALSE,FALSE,0,FALSE,FALSE,FALSE,"DESeq2 only",0.00237355050203246,0.000472660331359769,"control",0.00237355050203246,"Bacteria","Actinobacteriota","Acidimicrobiia","Actinomarinales","Actinomarinaceae","Candidatus Actinomarina",NA,"Candidatus Actinomarina",0.899888598003094
"ASV466","DESeq2",42.9299466296405,1.32968447905387,0.493887684528422,2.69228110096224,0.00709651039135017,0.0146824352924486,"deseq2",0.0146824352924486,1.32968447905387,TRUE,NA,NA,NA,NA,NA,NA,NA,NA,NA,NA,NA,NA,NA,TRUE,FALSE,FALSE,TRUE,TRUE,FALSE,2,TRUE,TRUE,FALSE,"DESeq2 + ALDEx2",0.00133320594421866,0.00253864643531163,"contrast",0.00253864643531163,"Bacteria","Proteobacteria","Alphaproteobacteria","Rhodobacterales","Rhodobacteraceae",NA,NA,NA,1.83320190447747
"ASV47","DESeq2",147.448240615148,-0.591232105547343,0.297464487618696,-1.98757206374568,0.0468590385259854,0.0759876300421386,"deseq2",0.0759876300421386,-0.591232105547343,FALSE,NA,NA,NA,NA,NA,NA,NA,NA,NA,NA,NA,NA,NA,FALSE,FALSE,FALSE,FALSE,FALSE,FALSE,0,FALSE,FALSE,FALSE,"DESeq2 only",0.00729158611358955,0.00380857303381546,"control",0.00729158611358955,"Bacteria","Proteobacteria","Alphaproteobacteria","SAR11 clade","Clade I","Clade Ib",NA,"Clade Ib",1.11925710037296
"ASV481","DESeq2",222.694599513714,12.1367315874744,1.06926592410714,11.3505268557108,7.37171644356254e-30,3.31727239960314e-28,"deseq2",3.31727239960314e-28,12.1367315874744,TRUE,NA,NA,NA,NA,NA,NA,NA,NA,NA,NA,NA,NA,NA,TRUE,FALSE,FALSE,TRUE,TRUE,TRUE,3,TRUE,TRUE,TRUE,"DESeq2 + ALDEx2 + LEfSe",0,0.0237189846583579,"contrast",0.0237189846583579,"Bacteria","Proteobacteria","Alphaproteobacteria","Rhodobacterales","Rhodobacteraceae","Litorimicrobium",NA,"Litorimicrobium",27.4792188646918
"ASV483","DESeq2",32.3040832551063,1.70075844161508,2.52550852552487,0.673432072957115,0.500672449802445,0.577698980541283,"deseq2",0.577698980541283,1.70075844161508,FALSE,NA,NA,NA,NA,NA,NA,NA,NA,NA,NA,NA,NA,NA,FALSE,FALSE,FALSE,FALSE,FALSE,FALSE,0,FALSE,FALSE,FALSE,"DESeq2 only",0.000927104514196865,0.00213295993803178,"contrast",0.00213295993803178,"Bacteria","Proteobacteria","Gammaproteobacteria","Pseudomonadales","Halieaceae","OM60(NOR5) clade",NA,"OM60(NOR5) clade",0.238298398852366
"ASV488","DESeq2",62.6367275494768,-8.37781847041368,4.20659585300142,-1.99159100687937,0.0464159509050011,0.0759533742081836,"deseq2",0.0759533742081836,-8.37781847041368,FALSE,NA,NA,NA,NA,NA,NA,NA,NA,NA,NA,NA,NA,NA,FALSE,FALSE,FALSE,FALSE,FALSE,FALSE,0,FALSE,FALSE,FALSE,"DESeq2 only",0.00363549465672692,0,"control",0.00363549465672692,"Bacteria","Proteobacteria","Gammaproteobacteria","Enterobacterales","Colwelliaceae","Litorilituus",NA,"Litorilituus",1.11945292795729
"ASV49","DESeq2",116.597320204415,-9.27425192975574,2.25574066481789,-4.11139989379253,3.93267380886347e-05,9.56596331885708e-05,"deseq2",9.56596331885708e-05,-9.27425192975574,TRUE,NA,NA,NA,NA,NA,NA,NA,NA,NA,NA,NA,NA,NA,TRUE,FALSE,FALSE,TRUE,FALSE,TRUE,2,TRUE,TRUE,TRUE,"DESeq2 + ALDEx2 + LEfSe",0.00681469336315675,0,"control",0.00681469336315675,"Bacteria","Proteobacteria","Gammaproteobacteria","Enterobacterales","Colwelliaceae","Colwellia",NA,"Colwellia",4.01927128878378
"ASV494","DESeq2",19.9161201495591,-6.72547345090585,2.8575419196827,-2.35358697787805,0.0185932574230182,0.0348623576681592,"deseq2",0.0348623576681592,-6.72547345090585,TRUE,NA,NA,NA,NA,NA,NA,NA,NA,NA,NA,NA,NA,NA,TRUE,FALSE,FALSE,TRUE,FALSE,FALSE,1,TRUE,TRUE,FALSE,"DESeq2 + ALDEx2",0.00141482525140415,0,"control",0.00141482525140415,"Bacteria","Proteobacteria","Alphaproteobacteria","Rhodospirillales","AEGEAN-169 marine group",NA,NA,NA,1.45764324580755
"ASV5","DESeq2",908.983693657047,0.551586864830669,0.324922977110934,1.69759267176217,0.0895846669042072,0.126970394037459,"deseq2",0.126970394037459,0.551586864830669,FALSE,NA,NA,NA,NA,NA,NA,NA,NA,NA,NA,NA,NA,NA,FALSE,FALSE,FALSE,FALSE,TRUE,FALSE,1,TRUE,TRUE,FALSE,"DESeq2 + ALDEx2",0.0351984319441902,0.0392269827307073,"contrast",0.0392269827307073,"Bacteria","Proteobacteria","Alphaproteobacteria","SAR11 clade","Clade II",NA,NA,NA,0.89629753262732
"ASV50","DESeq2",232.700420997694,-23.6790318261359,4.2062055947601,-5.62954693789437,1.80683598766742e-08,8.13076194450338e-08,"deseq2",8.13076194450338e-08,-23.6790318261359,TRUE,NA,NA,NA,NA,NA,NA,NA,NA,NA,NA,NA,NA,NA,TRUE,FALSE,FALSE,TRUE,FALSE,FALSE,1,TRUE,TRUE,FALSE,"DESeq2 + ALDEx2",0.013735447551758,0,"control",0.013735447551758,"Bacteria","Proteobacteria","Alphaproteobacteria","Rhodobacterales","Rhodobacteraceae","Pseudophaeobacter",NA,"Pseudophaeobacter",7.08986875418602
"ASV500","DESeq2",16.633264410117,-6.46568317520465,2.85268808454594,-2.26652300692516,0.0234193801460638,0.0413283179048184,"deseq2",0.0413283179048184,-6.46568317520465,TRUE,NA,NA,NA,NA,NA,NA,NA,NA,NA,NA,NA,NA,NA,TRUE,FALSE,FALSE,TRUE,FALSE,FALSE,1,TRUE,TRUE,FALSE,"DESeq2 + ALDEx2",0.0012096392041108,0,"control",0.0012096392041108,"Bacteria","Proteobacteria","Gammaproteobacteria","Pseudomonadales","SAR86 clade",NA,NA,NA,1.38375227048702
"ASV502","DESeq2",167.136411487091,11.7210003056372,1.04889001200818,11.1746705292736,5.42513171197616e-29,1.62753951359285e-27,"deseq2",1.62753951359285e-27,11.7210003056372,TRUE,NA,NA,NA,NA,NA,NA,NA,NA,NA,NA,NA,NA,NA,TRUE,FALSE,FALSE,TRUE,TRUE,TRUE,3,TRUE,TRUE,TRUE,"DESeq2 + ALDEx2 + LEfSe",0,0.0175487933859091,"contrast",0.0175487933859091,"Bacteria","Bacteroidota","Bacteroidia","Flavobacteriales","Flavobacteriaceae","NS5 marine group",NA,"NS5 marine group",26.78846845878
"ASV507","DESeq2",23.0344706506993,-6.93478264770273,4.20751361450326,-1.64819018619419,0.0993136500459456,0.137476527642238,"deseq2",0.137476527642238,-6.93478264770273,FALSE,NA,NA,NA,NA,NA,NA,NA,NA,NA,NA,NA,NA,NA,FALSE,FALSE,FALSE,FALSE,FALSE,FALSE,0,FALSE,FALSE,FALSE,"DESeq2 only",0.00157112733863353,0,"control",0.00157112733863353,"Bacteria","Proteobacteria","Alphaproteobacteria","SAR11 clade","Clade I","Clade Ia",NA,"Clade Ia",0.861771445729312
"ASV51","DESeq2",189.832494533722,0.246423665425821,0.294537216241267,0.836646956097954,0.402791043266764,0.480148263496805,"deseq2",0.480148263496805,0.246423665425821,FALSE,NA,NA,NA,NA,NA,NA,NA,NA,NA,NA,NA,NA,NA,FALSE,FALSE,FALSE,FALSE,TRUE,FALSE,1,TRUE,TRUE,FALSE,"DESeq2 + ALDEx2",0.00807482757158932,0.00732771046705206,"control",0.00807482757158932,"Bacteria","Proteobacteria","Alphaproteobacteria","SAR11 clade","Clade I","Clade Ib",NA,"Clade Ib",0.318624637465852
"ASV514","DESeq2",55.8427392153171,10.1389462139902,1.14691289818493,8.84020593894773,9.55423313288607e-19,9.05137875747101e-18,"deseq2",9.05137875747101e-18,10.1389462139902,TRUE,NA,NA,NA,NA,NA,NA,NA,NA,NA,NA,NA,NA,NA,TRUE,FALSE,FALSE,TRUE,TRUE,TRUE,3,TRUE,TRUE,TRUE,"DESeq2 + ALDEx2 + LEfSe",0,0.00582982543212833,"contrast",0.00582982543212833,"Bacteria","Bacteroidota","Bacteroidia","Flavobacteriales","Flavobacteriaceae","Formosa",NA,"Formosa",17.0432852615513
"ASV53","DESeq2",126.424989058862,-9.39106398707838,3.4463576852085,-2.7249243534367,0.00643162210468284,0.0134615346377083,"deseq2",0.0134615346377083,-9.39106398707838,TRUE,NA,NA,NA,NA,NA,NA,NA,NA,NA,NA,NA,NA,NA,TRUE,FALSE,FALSE,TRUE,FALSE,TRUE,2,TRUE,TRUE,TRUE,"DESeq2 + ALDEx2 + LEfSe",0.00720597183696095,0,"control",0.00720597183696095,"Bacteria","Proteobacteria","Gammaproteobacteria","Enterobacterales","Colwelliaceae","Colwellia",NA,"Colwellia",1.87090542698449
"ASV542","DESeq2",153.925491287187,11.6023658286543,1.04902167687115,11.0601773866675,1.95710086118273e-28,4.40347693766115e-27,"deseq2",4.40347693766115e-27,11.6023658286543,TRUE,NA,NA,NA,NA,NA,NA,NA,NA,NA,NA,NA,NA,NA,TRUE,FALSE,FALSE,TRUE,TRUE,TRUE,3,TRUE,TRUE,TRUE,"DESeq2 + ALDEx2 + LEfSe",0,0.0161784060362854,"contrast",0.0161784060362854,"Bacteria","Bacteroidota","Bacteroidia","Flavobacteriales","Cryomorphaceae",NA,NA,NA,26.3562042738462
"ASV549","DESeq2",18.5096512879551,-6.61947695389654,4.2078681646481,-1.57311890365513,0.115691288547181,0.155406208496213,"deseq2",0.155406208496213,-6.61947695389654,FALSE,NA,NA,NA,NA,NA,NA,NA,NA,NA,NA,NA,NA,NA,FALSE,FALSE,FALSE,FALSE,FALSE,FALSE,0,FALSE,FALSE,FALSE,"DESeq2 only",0.00140331701480334,0,"control",0.00140331701480334,"Bacteria","Proteobacteria","Gammaproteobacteria","Pseudomonadales","SAR86 clade",NA,NA,NA,0.808531635073158
"ASV552","DESeq2",85.7592967074439,5.99808743413867,0.739727254693117,8.10851215239735,5.1243340387625e-16,3.54761587298942e-15,"deseq2",3.54761587298942e-15,5.99808743413867,TRUE,NA,NA,NA,NA,NA,NA,NA,NA,NA,NA,NA,NA,NA,TRUE,FALSE,FALSE,TRUE,TRUE,TRUE,3,TRUE,TRUE,TRUE,"DESeq2 + ALDEx2 + LEfSe",0.000181665560080097,0.00872033794511668,"contrast",0.00872033794511668,"Bacteria","Proteobacteria","Gammaproteobacteria","Burkholderiales","Methylophilaceae","OM43 clade",NA,"OM43 clade",14.4500634106194
"ASV56","DESeq2",74.849481268741,-4.84525412948339,0.675478823024695,-7.17306592645948,7.33365143572132e-13,4.40019086143279e-12,"deseq2",4.40019086143279e-12,-4.84525412948339,TRUE,NA,NA,NA,NA,NA,NA,NA,NA,NA,NA,NA,NA,NA,TRUE,FALSE,FALSE,TRUE,FALSE,FALSE,1,TRUE,TRUE,FALSE,"DESeq2 + ALDEx2",0.00492701514664878,0.000144717800289436,"control",0.00492701514664878,"Archaea","Crenarchaeota","Nitrososphaeria","Nitrosopumilales","Nitrosopumilaceae","Candidatus Nitrosopelagicus",NA,"Candidatus Nitrosopelagicus",11.3565284852708
"ASV584","DESeq2",29.9730603390493,-0.796208753776912,1.35032531158023,-0.58964217507346,0.555430570103506,0.628827963901878,"deseq2",0.628827963901878,-0.796208753776912,FALSE,NA,NA,NA,NA,NA,NA,NA,NA,NA,NA,NA,NA,NA,FALSE,FALSE,FALSE,FALSE,FALSE,FALSE,0,FALSE,FALSE,FALSE,"DESeq2 only",0.00154868498311598,0.000771182645902781,"control",0.00154868498311598,"Bacteria","Proteobacteria","Alphaproteobacteria","SAR11 clade","Clade I","Clade Ib",NA,"Clade Ib",0.201468153517248
"ASV591","DESeq2",17.7533303182047,-6.55680886038006,1.47755216203101,-4.43761582763156,9.0960777222988e-06,2.4437223731549e-05,"deseq2",2.4437223731549e-05,-6.55680886038006,TRUE,NA,NA,NA,NA,NA,NA,NA,NA,NA,NA,NA,NA,NA,TRUE,FALSE,FALSE,TRUE,FALSE,FALSE,1,TRUE,TRUE,FALSE,"DESeq2 + ALDEx2",0.00118844366493565,0,"control",0.00118844366493565,"Bacteria","Proteobacteria","Alphaproteobacteria","SAR11 clade","Clade I","Clade Ib",NA,"Clade Ib",4.6119481350316
"ASV6","DESeq2",1070.87839316446,0.22464977174789,0.313819935875059,0.715855642253811,0.474080490583225,0.554120053928445,"deseq2",0.554120053928445,0.22464977174789,FALSE,NA,NA,NA,NA,NA,NA,NA,NA,NA,NA,NA,NA,NA,FALSE,FALSE,FALSE,FALSE,TRUE,FALSE,1,TRUE,TRUE,FALSE,"DESeq2 + ALDEx2",0.0454853066637312,0.0404165286318973,"control",0.0454853066637312,"Bacteria","Proteobacteria","Alphaproteobacteria","SAR11 clade","Clade I","Clade Ia",NA,"Clade Ia",0.256396132184682
"ASV60","DESeq2",77.5766481819717,-0.852643937653362,0.406170850663614,-2.09922483669196,0.0357970855888848,0.059661809314808,"deseq2",0.059661809314808,-0.852643937653362,FALSE,NA,NA,NA,NA,NA,NA,NA,NA,NA,NA,NA,NA,NA,FALSE,FALSE,FALSE,FALSE,FALSE,FALSE,0,FALSE,FALSE,FALSE,"DESeq2 only",0.00401695168879556,0.00173852022935096,"control",0.00401695168879556,"Bacteria","Marinimicrobia (SAR406 clade)",NA,NA,NA,NA,NA,NA,1.22430358028133
"ASV609","DESeq2",35.6978338523234,-0.707127057094201,2.53484242761505,-0.278962924634141,0.780273277550412,0.828397204697068,"deseq2",0.828397204697068,-0.707127057094201,FALSE,NA,NA,NA,NA,NA,NA,NA,NA,NA,NA,NA,NA,NA,FALSE,FALSE,FALSE,FALSE,FALSE,FALSE,0,FALSE,FALSE,FALSE,"DESeq2 only",0.00199121783089317,0.000970197522264789,"control",0.00199121783089317,"Bacteria","Proteobacteria","Alphaproteobacteria","Puniceispirillales","SAR116 clade",NA,NA,NA,0.0817613752381297
"ASV617","DESeq2",21.7121277115939,-6.84881597604187,3.1016930928134,-2.20808950824648,0.0272380342352049,0.046693772974637,"deseq2",0.046693772974637,-6.84881597604187,TRUE,NA,NA,NA,NA,NA,NA,NA,NA,NA,NA,NA,NA,NA,TRUE,FALSE,FALSE,TRUE,FALSE,FALSE,1,TRUE,TRUE,FALSE,"DESeq2 + ALDEx2",0.00129317492647148,0,"control",0.00129317492647148,"Bacteria","Proteobacteria","Alphaproteobacteria","SAR11 clade","Clade II",NA,NA,NA,1.33074103256175
"ASV637","DESeq2",16.9279577944067,-6.48696700258027,1.50757579393925,-4.30291268184269,1.68567296332812e-05,4.3345876199866e-05,"deseq2",4.3345876199866e-05,-6.48696700258027,TRUE,NA,NA,NA,NA,NA,NA,NA,NA,NA,NA,NA,NA,NA,TRUE,FALSE,FALSE,TRUE,FALSE,FALSE,1,TRUE,TRUE,FALSE,"DESeq2 + ALDEx2",0.00111394403978569,0,"control",0.00111394403978569,"Bacteria","Proteobacteria","Alphaproteobacteria","SAR11 clade","Clade IV",NA,NA,NA,4.36305221373177
"ASV64","DESeq2",44.6312439251048,1.46869781162271,0.511750148341081,2.86995092504365,0.00410535509406582,0.0087971894872839,"deseq2",0.0087971894872839,1.46869781162271,TRUE,NA,NA,NA,NA,NA,NA,NA,NA,NA,NA,NA,NA,NA,TRUE,FALSE,FALSE,TRUE,TRUE,FALSE,2,TRUE,TRUE,FALSE,"DESeq2 + ALDEx2",0.00122883313078532,0.00274579471269891,"contrast",0.00274579471269891,"Bacteria","Planctomycetota","Planctomycetes","Pirellulales","Pirellulaceae",NA,NA,NA,2.05565605343157
"ASV647","DESeq2",143.570035257222,11.5035749868342,1.08941181761695,10.5594365700915,4.59410999093051e-26,7.51763453061357e-25,"deseq2",7.51763453061357e-25,11.5035749868342,TRUE,NA,NA,NA,NA,NA,NA,NA,NA,NA,NA,NA,NA,NA,TRUE,FALSE,FALSE,TRUE,TRUE,TRUE,3,TRUE,TRUE,TRUE,"DESeq2 + ALDEx2 + LEfSe",0,0.0153033958029318,"contrast",0.0153033958029318,"Bacteria","Proteobacteria","Alphaproteobacteria","Rhodobacterales","Rhodobacteraceae","HIMB11",NA,"HIMB11",24.1239187913112
"ASV65","DESeq2",155.020794766863,4.09161443179298,0.495111946565576,8.26401879448703,1.40848423329118e-16,1.01410864796965e-15,"deseq2",1.01410864796965e-15,4.09161443179298,TRUE,NA,NA,NA,NA,NA,NA,NA,NA,NA,NA,NA,NA,NA,TRUE,FALSE,FALSE,TRUE,TRUE,TRUE,3,TRUE,TRUE,TRUE,"DESeq2 + ALDEx2 + LEfSe",0.0011373896805688,0.0148316887845109,"contrast",0.0148316887845109,"Bacteria","Proteobacteria","Alphaproteobacteria","Rhodobacterales","Rhodobacteraceae","Ascidiaceihabitans",NA,"Ascidiaceihabitans",14.9939155137542
"ASV658","DESeq2",18.3521714957647,-1.9917530355103,0.918180385395362,-2.16923936428098,0.03006451602835,0.0510529517462548,"deseq2",0.0510529517462548,-1.9917530355103,FALSE,NA,NA,NA,NA,NA,NA,NA,NA,NA,NA,NA,NA,NA,FALSE,FALSE,FALSE,FALSE,FALSE,FALSE,0,FALSE,FALSE,FALSE,"DESeq2 only",0.00112650486036228,0.000223891735907259,"control",0.00112650486036228,"Bacteria","Bacteroidota","Bacteroidia","Flavobacteriales","NS7 marine group",NA,NA,NA,1.29197914309615
"ASV67","DESeq2",69.5131343792897,-0.650894383893339,2.89398198953409,-0.224913073490871,0.822046898669282,0.853519479917475,"deseq2",0.853519479917475,-0.650894383893339,FALSE,NA,NA,NA,NA,NA,NA,NA,NA,NA,NA,NA,NA,NA,FALSE,FALSE,FALSE,FALSE,FALSE,FALSE,0,FALSE,FALSE,FALSE,"DESeq2 only",0.0032637447023726,0.00175980704485301,"control",0.0032637447023726,"Bacteria","Proteobacteria","Gammaproteobacteria","Enterobacterales","Alteromonadaceae","Glaciecola",NA,"Glaciecola",0.0687865625116086
"ASV69","DESeq2",105.865100673949,3.35113300737095,0.216437422948354,15.4831496407652,4.50848507495074e-54,8.11527313491134e-52,"deseq2",8.11527313491134e-52,3.35113300737095,TRUE,NA,NA,NA,NA,NA,NA,NA,NA,NA,NA,NA,NA,NA,TRUE,FALSE,FALSE,TRUE,TRUE,TRUE,3,TRUE,TRUE,TRUE,"DESeq2 + ALDEx2 + LEfSe",0.00117153492489428,0.00930016245921329,"contrast",0.00930016245921329,"Bacteria","Proteobacteria","Alphaproteobacteria","Rhodospirillales","AEGEAN-169 marine group",NA,NA,NA,51.0906968585872
"ASV71","DESeq2",58.0250722023628,0.726789570689949,0.608579125943051,1.19424005804294,0.232384077660614,0.294571366048665,"deseq2",0.294571366048665,0.726789570689949,FALSE,NA,NA,NA,NA,NA,NA,NA,NA,NA,NA,NA,NA,NA,FALSE,FALSE,FALSE,FALSE,TRUE,FALSE,1,TRUE,TRUE,FALSE,"DESeq2 + ALDEx2",0.00223866269551882,0.00273670799873477,"contrast",0.00273670799873477,"Bacteria","Proteobacteria","Gammaproteobacteria","Pseudomonadales","SAR86 clade",NA,NA,NA,0.53080947124574
"ASV717","DESeq2",49.508357085917,7.5554788884465,1.98320879317075,3.8097243792303,0.000139121797928592,0.000325219787365539,"deseq2",0.000325219787365539,7.5554788884465,TRUE,NA,NA,NA,NA,NA,NA,NA,NA,NA,NA,NA,NA,NA,TRUE,FALSE,FALSE,TRUE,TRUE,FALSE,2,TRUE,TRUE,FALSE,"DESeq2 + ALDEx2",3.35075727114328e-05,0.0051722569518222,"contrast",0.0051722569518222,"Bacteria","Bacteroidota","Bacteroidia","Flavobacteriales","Flavobacteriaceae","NS4 marine group",NA,"NS4 marine group",3.48782303847086
"ASV72","DESeq2",130.883753764639,-1.48617285626956,1.63070094347024,-0.911370574856535,0.362100152173036,0.44338794143637,"deseq2",0.44338794143637,-1.48617285626956,FALSE,NA,NA,NA,NA,NA,NA,NA,NA,NA,NA,NA,NA,NA,FALSE,FALSE,FALSE,FALSE,FALSE,FALSE,0,FALSE,FALSE,FALSE,"DESeq2 only",0.00738288071955279,0.00188133140376266,"control",0.00738288071955279,"Bacteria","Proteobacteria","Alphaproteobacteria","Puniceispirillales","SAR116 clade",NA,NA,NA,0.353216122315028
"ASV726","DESeq2",23.695693167772,-1.23629283608909,1.20090422527796,-1.02946830402144,0.30325966665049,0.376460275841988,"deseq2",0.376460275841988,-1.23629283608909,FALSE,NA,NA,NA,NA,NA,NA,NA,NA,NA,NA,NA,NA,NA,FALSE,FALSE,FALSE,FALSE,FALSE,FALSE,0,FALSE,FALSE,FALSE,"DESeq2 only",0.00128744368585416,0.000472660331359769,"control",0.00128744368585416,"Bacteria","Proteobacteria","Alphaproteobacteria","SAR11 clade","Clade II",NA,NA,NA,0.424280843879767
"ASV73","DESeq2",91.328806702489,0.827958083120346,0.277504714896896,2.9835820390582,0.00284895648511674,0.00625380691854895,"deseq2",0.00625380691854895,0.827958083120346,TRUE,NA,NA,NA,NA,NA,NA,NA,NA,NA,NA,NA,NA,NA,TRUE,FALSE,FALSE,TRUE,TRUE,FALSE,2,TRUE,TRUE,FALSE,"DESeq2 + ALDEx2",0.00326343410074422,0.00447977158506781,"contrast",0.00447977158506781,"Bacteria","Bacteroidota","Bacteroidia","Flavobacteriales","Flavobacteriaceae","NS5 marine group",NA,"NS5 marine group",2.20385553139229
"ASV74","DESeq2",66.9548871798653,-8.47059301431836,1.45138445627094,-5.83621588182223,5.33996986035096e-09,2.59782317530587e-08,"deseq2",2.59782317530587e-08,-8.47059301431836,TRUE,NA,NA,NA,NA,NA,NA,NA,NA,NA,NA,NA,NA,NA,TRUE,FALSE,FALSE,TRUE,FALSE,FALSE,1,TRUE,TRUE,FALSE,"DESeq2 + ALDEx2",0.00443854236391731,0,"control",0.00443854236391731,"Bacteria","Proteobacteria","Alphaproteobacteria","SAR11 clade","Clade I","Clade Ib",NA,"Clade Ib",7.58539041315615
"ASV742","DESeq2",20.4716076359338,-6.76467209571723,1.4682276624961,-4.607372731431,4.07788639325746e-06,1.14690554810366e-05,"deseq2",1.14690554810366e-05,-6.76467209571723,TRUE,NA,NA,NA,NA,NA,NA,NA,NA,NA,NA,NA,NA,NA,TRUE,FALSE,FALSE,TRUE,FALSE,FALSE,1,TRUE,TRUE,FALSE,"DESeq2 + ALDEx2",0.0013629490236369,0,"control",0.0013629490236369,"Bacteria","Bacteroidota","Bacteroidia","Flavobacteriales","Flavobacteriaceae","NS4 marine group",NA,"NS4 marine group",4.94047234637634
"ASV76","DESeq2",31.259840161113,-7.37374054308267,1.98695096614263,-3.71108329733859,0.000206374174772801,0.000470219638722837,"deseq2",0.000470219638722837,-7.37374054308267,TRUE,NA,NA,NA,NA,NA,NA,NA,NA,NA,NA,NA,NA,NA,TRUE,FALSE,FALSE,TRUE,FALSE,FALSE,1,TRUE,TRUE,FALSE,"DESeq2 + ALDEx2",0.0018379217562823,0,"control",0.0018379217562823,"Bacteria","Proteobacteria","Gammaproteobacteria","Enterobacterales","Colwelliaceae","Colwellia",NA,"Colwellia",3.3276992365236
"ASV782","DESeq2",41.1456921072001,-7.77148179007444,4.20687478772198,-1.8473289988939,0.0646994725564035,0.100395733277178,"deseq2",0.100395733277178,-7.77148179007444,FALSE,NA,NA,NA,NA,NA,NA,NA,NA,NA,NA,NA,NA,NA,FALSE,FALSE,FALSE,FALSE,FALSE,FALSE,0,FALSE,FALSE,FALSE,"DESeq2 only",0.00233135548896059,0,"control",0.00233135548896059,"Bacteria","Proteobacteria","Gammaproteobacteria","Pseudomonadales","Saccharospirillaceae",NA,NA,NA,0.99828474389969
"ASV81","DESeq2",66.8095816125589,-8.47087124605564,4.20656249883284,-2.0137276572988,0.04403813461611,0.0727235250541266,"deseq2",0.0727235250541266,-8.47087124605564,FALSE,NA,NA,NA,NA,NA,NA,NA,NA,NA,NA,NA,NA,NA,FALSE,FALSE,FALSE,FALSE,FALSE,FALSE,0,FALSE,FALSE,FALSE,"DESeq2 only",0.00389356935715507,0,"control",0.00389356935715507,"Bacteria","Proteobacteria","Alphaproteobacteria","Rhodobacterales","Rhodobacteraceae","Pseudophaeobacter",NA,"Pseudophaeobacter",1.13832507815721
"ASV810","DESeq2",170.059862566688,11.7477798257965,1.09708581684683,10.7081685364971,9.3187076834036e-27,1.67736738301265e-25,"deseq2",1.67736738301265e-25,11.7477798257965,TRUE,NA,NA,NA,NA,NA,NA,NA,NA,NA,NA,NA,NA,NA,TRUE,FALSE,FALSE,TRUE,TRUE,TRUE,3,TRUE,TRUE,TRUE,"DESeq2 + ALDEx2 + LEfSe",0,0.0181699847693138,"contrast",0.0181699847693138,"Bacteria","Proteobacteria","Alphaproteobacteria","Rhodobacterales","Rhodobacteraceae","HIMB11",NA,"HIMB11",24.7753718062425
"ASV82","DESeq2",39.2553016774878,-0.0759212320519138,0.343487873501363,-0.221030312593008,0.825068830586893,0.853519479917475,"deseq2",0.853519479917475,-0.0759212320519138,FALSE,NA,NA,NA,NA,NA,NA,NA,NA,NA,NA,NA,NA,NA,FALSE,FALSE,FALSE,FALSE,FALSE,FALSE,0,FALSE,FALSE,FALSE,"DESeq2 only",0.00178617381580735,0.00132924368802791,"control",0.00178617381580735,"Bacteria","Dadabacteria","Dadabacteriia","Dadabacteriales",NA,NA,NA,NA,0.0687865625116086
"ASV85","DESeq2",49.3321357636959,-0.901948758063218,1.0009555683312,-0.9010877071866,0.367541688364589,0.4470101615245,"deseq2",0.4470101615245,-0.901948758063218,FALSE,NA,NA,NA,NA,NA,NA,NA,NA,NA,NA,NA,NA,NA,FALSE,FALSE,FALSE,FALSE,FALSE,FALSE,0,FALSE,FALSE,FALSE,"DESeq2 only",0.00278961644035593,0.00106373163405542,"control",0.00278961644035593,"Bacteria","Proteobacteria","Gammaproteobacteria","Pseudomonadales","SAR86 clade",NA,NA,NA,0.349682604286726
"ASV857","DESeq2",51.1091261928591,10.0136597479882,1.18507716501152,8.44979554381244,2.91813397645442e-17,2.50125769410379e-16,"deseq2",2.50125769410379e-16,10.0136597479882,TRUE,NA,NA,NA,NA,NA,NA,NA,NA,NA,NA,NA,NA,NA,TRUE,FALSE,FALSE,TRUE,TRUE,TRUE,3,TRUE,TRUE,TRUE,"DESeq2 + ALDEx2 + LEfSe",0,0.00545044576380203,"contrast",0.00545044576380203,"Bacteria","Proteobacteria","Gammaproteobacteria","Burkholderiales","Methylophilaceae","OM43 clade",NA,"OM43 clade",15.601841562423
"ASV867","DESeq2",210.342898967638,12.0525574507879,1.06726484534939,11.2929396141052,1.42199793471238e-29,5.11919256496457e-28,"deseq2",5.11919256496457e-28,12.0525574507879,TRUE,NA,NA,NA,NA,NA,NA,NA,NA,NA,NA,NA,NA,NA,TRUE,FALSE,FALSE,TRUE,TRUE,TRUE,3,TRUE,TRUE,TRUE,"DESeq2 + ALDEx2 + LEfSe",0,0.0219570477799149,"contrast",0.0219570477799149,"Bacteria","Bacteroidota","Bacteroidia","Flavobacteriales","Flavobacteriaceae","NS5 marine group",NA,"NS5 marine group",27.290798533601
"ASV9","DESeq2",615.629159365552,0.288581741160686,2.43956309887281,0.118292386572835,0.905835989680291,0.926423171263934,"deseq2",0.926423171263934,0.288581741160686,FALSE,NA,NA,NA,NA,NA,NA,NA,NA,NA,NA,NA,NA,NA,FALSE,FALSE,FALSE,FALSE,FALSE,FALSE,0,FALSE,FALSE,FALSE,"DESeq2 only",0.0231811651015579,0.0246564253688093,"contrast",0.0246564253688093,"Bacteria","Proteobacteria","Gammaproteobacteria","Enterobacterales","Alteromonadaceae","Glaciecola",NA,"Glaciecola",0.0331905911099283
"ASV916","DESeq2",30.7775028836124,-7.35253899978907,4.20714867125049,-1.74762994472541,0.0805281266553862,0.118071282774756,"deseq2",0.118071282774756,-7.35253899978907,FALSE,NA,NA,NA,NA,NA,NA,NA,NA,NA,NA,NA,NA,NA,FALSE,FALSE,FALSE,FALSE,FALSE,FALSE,0,FALSE,FALSE,FALSE,"DESeq2 only",0.00171859091246325,0,"control",0.00171859091246325,"Bacteria","Proteobacteria","Gammaproteobacteria","Pseudomonadales","Saccharospirillaceae",NA,NA,NA,0.927855718381571
"ASV917","DESeq2",176.967016323783,11.805218389543,1.06733038504413,11.0605099929343,1.94985670810454e-28,4.40347693766115e-27,"deseq2",4.40347693766115e-27,11.805218389543,TRUE,NA,NA,NA,NA,NA,NA,NA,NA,NA,NA,NA,NA,NA,TRUE,FALSE,FALSE,TRUE,TRUE,TRUE,3,TRUE,TRUE,TRUE,"DESeq2 + ALDEx2 + LEfSe",0,0.0188148764916125,"contrast",0.0188148764916125,"Bacteria","Proteobacteria","Alphaproteobacteria","Rhodobacterales","Rhodobacteraceae","HIMB11",NA,"HIMB11",26.3562042738462
"ASV92","DESeq2",24.7784052854418,-7.04565217837145,1.49871040275292,-4.70114317311041,2.58709033984349e-06,7.57742455653155e-06,"deseq2",7.57742455653155e-06,-7.04565217837145,TRUE,NA,NA,NA,NA,NA,NA,NA,NA,NA,NA,NA,NA,NA,TRUE,FALSE,FALSE,TRUE,FALSE,FALSE,1,TRUE,TRUE,FALSE,"DESeq2 + ALDEx2",0.00170609763092198,0,"control",0.00170609763092198,"Bacteria","Verrucomicrobiota","Verrucomicrobiae","Opitutales","Puniceicoccaceae","Coraliomargarita",NA,"Coraliomargarita",5.12047837892539
"ASV95","DESeq2",33.6060187438508,-7.4759167363779,1.47583838993339,-5.06553887429051,4.07246656358309e-07,1.52717496134366e-06,"deseq2",1.52717496134366e-06,-7.4759167363779,TRUE,NA,NA,NA,NA,NA,NA,NA,NA,NA,NA,NA,NA,NA,TRUE,FALSE,FALSE,TRUE,FALSE,FALSE,1,TRUE,TRUE,FALSE,"DESeq2 + ALDEx2",0.00221782752537069,0,"control",0.00221782752537069,"Bacteria","Proteobacteria","Alphaproteobacteria","SAR11 clade","Clade I","Clade Ib",NA,"Clade Ib",5.81611120499117
"ASV953","DESeq2",70.5558259259107,10.4771416157036,1.0869336489644,9.63917312311194,5.46262108091762e-22,7.56362918896286e-21,"deseq2",7.56362918896286e-21,10.4771416157036,TRUE,NA,NA,NA,NA,NA,NA,NA,NA,NA,NA,NA,NA,NA,TRUE,FALSE,FALSE,TRUE,TRUE,TRUE,3,TRUE,TRUE,TRUE,"DESeq2 + ALDEx2 + LEfSe",0,0.00742051447361609,"contrast",0.00742051447361609,"Bacteria","Proteobacteria","Gammaproteobacteria","Pseudomonadales","Pseudohongiellaceae","Pseudohongiella",NA,"Pseudohongiella",20.1212697708284
"ASV954","DESeq2",53.3731146348463,1.13305960357487,2.68944796165504,0.421298206817731,0.67353733948077,0.730450915395502,"deseq2",0.730450915395502,1.13305960357487,FALSE,NA,NA,NA,NA,NA,NA,NA,NA,NA,NA,NA,NA,NA,FALSE,FALSE,FALSE,FALSE,FALSE,FALSE,0,FALSE,FALSE,FALSE,"DESeq2 only",0.00193652598995335,0.00291491271606417,"contrast",0.00291491271606417,"Bacteria","Proteobacteria","Gammaproteobacteria","Pseudomonadales","Halieaceae","OM60(NOR5) clade",NA,"OM60(NOR5) clade",0.136408962329405
"ASV971","DESeq2",17.5098918010104,-6.5392319299187,4.2079714564896,-1.5540105244378,0.120181906227904,0.159064287654578,"deseq2",0.159064287654578,-6.5392319299187,FALSE,NA,NA,NA,NA,NA,NA,NA,NA,NA,NA,NA,NA,NA,FALSE,FALSE,FALSE,FALSE,FALSE,FALSE,0,FALSE,FALSE,FALSE,"DESeq2 only",0.00128731245561897,0,"control",0.00128731245561897,"Bacteria","Proteobacteria","Alphaproteobacteria","SAR11 clade","Clade I","Clade Ia",NA,"Clade Ia",0.798427315108295
"ASV998","DESeq2",20.5453549317978,-1.89436402554895,3.74385571010531,-0.505992797862304,0.612861705639046,0.67677979763821,"deseq2",0.67677979763821,-1.89436402554895,FALSE,NA,NA,NA,NA,NA,NA,NA,NA,NA,NA,NA,NA,NA,FALSE,FALSE,FALSE,FALSE,FALSE,FALSE,0,FALSE,FALSE,FALSE,"DESeq2 only",0.001322626741154,0.000231548480463097,"control",0.001322626741154,"Bacteria","Proteobacteria","Alphaproteobacteria","SAR11 clade","Clade II",NA,NA,NA,0.169552613776948
