"TaxaID","source","baseMean","log2FoldChange","lfcSE","stat","pvalue","padj","method","adjusted_p_value","score","significant","rab.all","rab.win.control","rab.win.Dor.in","diff.btw","diff.win","effect","overlap","we.ep","we.eBH","wi.ep","wi.eBH","Names","scores","significant_in_deseq2.x","significant_in_aldex2.x","significant_in_lefse.x","significant_in_deseq2.y","significant_in_aldex2.y","significant_in_lefse.y","n_methods","is_significant","significant_in_aldex2","significant_in_lefse","method_overlap","relab_control","relab_contrast","dominant_group","avg_relab","Kingdom","Phylum","Class","Order","Family","Genus","Species","tax_group","neg_log_p"
"ASV1","DESeq2",290.209324969744,-5.02409479842631,1.75687643346649,-2.85967453528491,0.00424075987327059,0.00647893869527451,"deseq2",0.00647893869527451,-5.02409479842631,TRUE,NA,NA,NA,NA,NA,NA,NA,NA,NA,NA,NA,NA,NA,TRUE,FALSE,FALSE,TRUE,FALSE,TRUE,2,TRUE,TRUE,TRUE,"DESeq2 + ALDEx2 + LEfSe",0.0329588503765482,0.00109633094576816,"control",0.0329588503765482,"Bacteria","Proteobacteria","Alphaproteobacteria","SAR11 clade","Clade I","Clade Ia",NA,"Clade Ia",2.18849612939716
"ASV1014","DESeq2",35.0367933277826,8.87637932550399,1.88515435646441,4.70856898007627,2.49461946054683e-06,7.62244835167087e-06,"deseq2",7.62244835167087e-06,8.87637932550399,TRUE,NA,NA,NA,NA,NA,NA,NA,NA,NA,NA,NA,NA,NA,TRUE,FALSE,FALSE,TRUE,TRUE,TRUE,3,TRUE,TRUE,TRUE,"DESeq2 + ALDEx2 + LEfSe",0,0.00690023667173076,"contrast",0.00690023667173076,"Bacteria","Proteobacteria","Gammaproteobacteria","Enterobacterales","Psychromonadaceae","Agarivorans",NA,"Agarivorans",5.11790550965334
"ASV1030","DESeq2",28.0406845232222,-8.03002295433613,1.65992105578806,-4.83759328573841,1.31420710374066e-06,4.38069034580221e-06,"deseq2",4.38069034580221e-06,-8.03002295433613,TRUE,NA,NA,NA,NA,NA,NA,NA,NA,NA,NA,NA,NA,NA,TRUE,FALSE,FALSE,TRUE,FALSE,FALSE,1,TRUE,TRUE,FALSE,"DESeq2 + ALDEx2",0.00325825138696003,0,"control",0.00325825138696003,"Bacteria","Proteobacteria","Gammaproteobacteria","Enterobacterales","Alteromonadaceae","Aliiglaciecola",NA,"Aliiglaciecola",5.35845744434802
"ASV1053","DESeq2",98.1022384369446,10.3617569656778,1.69308642674851,6.1200401834046,9.35517628211186e-10,1.28633673879038e-08,"deseq2",1.28633673879038e-08,10.3617569656778,TRUE,NA,NA,NA,NA,NA,NA,NA,NA,NA,NA,NA,NA,NA,TRUE,FALSE,FALSE,TRUE,TRUE,TRUE,3,TRUE,TRUE,TRUE,"DESeq2 + ALDEx2 + LEfSe",0,0.019783864626582,"contrast",0.019783864626582,"Bacteria","Proteobacteria","Gammaproteobacteria","Enterobacterales","Vibrionaceae",NA,NA,NA,7.89064532639244
"ASV1075","DESeq2",27.2239689260401,8.51237831238861,1.96470608173107,4.33264720435358,1.47327092463468e-05,3.27195957145084e-05,"deseq2",3.27195957145084e-05,8.51237831238861,TRUE,NA,NA,NA,NA,NA,NA,NA,NA,NA,NA,NA,NA,NA,TRUE,FALSE,FALSE,TRUE,TRUE,TRUE,3,TRUE,TRUE,TRUE,"DESeq2 + ALDEx2 + LEfSe",0,0.00537948201786953,"contrast",0.00537948201786953,"Bacteria","Proteobacteria","Alphaproteobacteria","Rhodobacterales","Rhodobacteraceae","Ruegeria","conchae","Ruegeria",4.48519207113894
"ASV1077","DESeq2",28.0584522467216,8.55591059453897,1.93672535595668,4.41772013167692,9.97474612338881e-06,2.38526537733211e-05,"deseq2",2.38526537733211e-05,8.55591059453897,TRUE,NA,NA,NA,NA,NA,NA,NA,NA,NA,NA,NA,NA,NA,TRUE,FALSE,FALSE,TRUE,TRUE,TRUE,3,TRUE,TRUE,TRUE,"DESeq2 + ALDEx2 + LEfSe",0,0.00559938455168488,"contrast",0.00559938455168488,"Bacteria","Verrucomicrobiota","Lentisphaeria","Lentisphaerales","Lentisphaeraceae","Lentisphaera",NA,"Lentisphaera",4.62246329565974
"ASV111","DESeq2",50.8436394444345,-8.87510960731235,3.92028107285031,-2.2638962468218,0.0235804968504093,0.0324231831693128,"deseq2",0.0324231831693128,-8.87510960731235,TRUE,NA,NA,NA,NA,NA,NA,NA,NA,NA,NA,NA,NA,NA,TRUE,FALSE,FALSE,TRUE,FALSE,FALSE,1,TRUE,TRUE,FALSE,"DESeq2 + ALDEx2",0.00598490996131337,0,"control",0.00598490996131337,"Bacteria","Proteobacteria","Gammaproteobacteria","Pseudomonadales","SAR86 clade",NA,NA,NA,1.48914435022148
"ASV1133","DESeq2",67.5897460415711,-1.56879050766187,1.0507545554074,-1.49301328230132,0.13543371012093,0.15675708084393,"deseq2",0.15675708084393,-1.56879050766187,FALSE,NA,NA,NA,NA,NA,NA,NA,NA,NA,NA,NA,NA,NA,FALSE,FALSE,FALSE,FALSE,FALSE,FALSE,0,FALSE,FALSE,FALSE,"DESeq2 only",0.00645860311179179,0.00246449014974826,"control",0.00645860311179179,"Bacteria","Bacteroidota","Bacteroidia","Flavobacteriales","Flavobacteriaceae","Aurantivirga",NA,"Aurantivirga",0.804772832621705
"ASV1179","DESeq2",31.6806364958462,-0.0527536291731831,0.77466695461661,-0.0680984632929016,0.945707253633592,0.95438346696968,"deseq2",0.95438346696968,-0.0527536291731831,FALSE,NA,NA,NA,NA,NA,NA,NA,NA,NA,NA,NA,NA,NA,FALSE,FALSE,FALSE,FALSE,TRUE,FALSE,1,TRUE,TRUE,FALSE,"DESeq2 + ALDEx2",0.002243845340858,0.00246449014974826,"contrast",0.00246449014974826,"Bacteria","Bacteroidota","Bacteroidia","Flavobacteriales","Flavobacteriaceae","Aquimarina",NA,"Aquimarina",0.0202770926675857
"ASV1191","DESeq2",29.755812097696,8.64067821878197,1.94667286518118,4.43869043090492,9.05078845629025e-06,2.21241495598206e-05,"deseq2",2.21241495598206e-05,8.64067821878197,TRUE,NA,NA,NA,NA,NA,NA,NA,NA,NA,NA,NA,NA,NA,TRUE,FALSE,FALSE,TRUE,TRUE,TRUE,3,TRUE,TRUE,TRUE,"DESeq2 + ALDEx2 + LEfSe",0,0.00586438877095301,"contrast",0.00586438877095301,"Bacteria","Bacteroidota","Bacteroidia","Flavobacteriales","Flavobacteriaceae","Lutimonas",NA,"Lutimonas",4.65513341435107
"ASV1194","DESeq2",43.8845573806798,-8.66082629829967,2.23324332222923,-3.87813822707613,0.000105258908633725,0.000196245422876436,"deseq2",0.000196245422876436,-8.66082629829967,TRUE,NA,NA,NA,NA,NA,NA,NA,NA,NA,NA,NA,NA,NA,TRUE,FALSE,FALSE,TRUE,FALSE,TRUE,2,TRUE,TRUE,TRUE,"DESeq2 + ALDEx2 + LEfSe",0.00512642473358222,0,"control",0.00512642473358222,"Bacteria","Bacteroidota","Bacteroidia","Flavobacteriales","Flavobacteriaceae",NA,NA,NA,3.70720046371743
"ASV1218","DESeq2",41.4244950248696,-3.46661290337237,1.34793679905114,-2.57179187170543,0.0101173693832732,0.0150393328670277,"deseq2",0.0150393328670277,-3.46661290337237,TRUE,NA,NA,NA,NA,NA,NA,NA,NA,NA,NA,NA,NA,NA,TRUE,FALSE,FALSE,TRUE,FALSE,FALSE,1,TRUE,TRUE,FALSE,"DESeq2 + ALDEx2",0.00451800899342625,0.000468022408059105,"control",0.00451800899342625,"Bacteria","Bacteroidota","Bacteroidia","Flavobacteriales","Flavobacteriaceae","Aureicoccus","marinus","Aureicoccus",1.82277142827859
"ASV1232","DESeq2",36.8756705312249,-8.41116424136789,3.94455957703236,-2.13234559577775,0.0329784463046318,0.0429639759563694,"deseq2",0.0429639759563694,-8.41116424136789,TRUE,NA,NA,NA,NA,NA,NA,NA,NA,NA,NA,NA,NA,NA,TRUE,FALSE,FALSE,TRUE,FALSE,FALSE,1,TRUE,TRUE,FALSE,"DESeq2 + ALDEx2",0.00436006961258227,0,"control",0.00436006961258227,"Bacteria","Bacteroidota","Bacteroidia","Flavobacteriales","Flavobacteriaceae",NA,NA,NA,1.36689553512946
"ASV1233","DESeq2",46.1215376122192,-8.7252487263328,1.62709605394067,-5.36246689628501,8.20930165807312e-08,4.75275359151602e-07,"deseq2",4.75275359151602e-07,-8.7252487263328,TRUE,NA,NA,NA,NA,NA,NA,NA,NA,NA,NA,NA,NA,NA,TRUE,FALSE,FALSE,TRUE,FALSE,TRUE,2,TRUE,TRUE,TRUE,"DESeq2 + ALDEx2 + LEfSe",0.0054230284346084,0,"control",0.0054230284346084,"Bacteria","Proteobacteria","Gammaproteobacteria","Enterobacterales","Alteromonadaceae",NA,NA,NA,6.32305470129938
"ASV1244","DESeq2",31.2898489696566,8.7132085003008,2.00192017072608,4.35242555008605,1.34639600051688e-05,3.08549083451784e-05,"deseq2",3.08549083451784e-05,8.7132085003008,TRUE,NA,NA,NA,NA,NA,NA,NA,NA,NA,NA,NA,NA,NA,TRUE,FALSE,FALSE,TRUE,TRUE,TRUE,3,TRUE,TRUE,TRUE,"DESeq2 + ALDEx2 + LEfSe",0,0.00613216866503132,"contrast",0.00613216866503132,"Bacteria","Proteobacteria","Alphaproteobacteria","Rhodobacterales","Rhodobacteraceae",NA,NA,NA,4.51067573932389
"ASV1253","DESeq2",46.5446082288626,-8.7389851131102,1.5919407541568,-5.48951654783094,4.03035359159474e-08,2.60787585338483e-07,"deseq2",2.60787585338483e-07,-8.7389851131102,TRUE,NA,NA,NA,NA,NA,NA,NA,NA,NA,NA,NA,NA,NA,TRUE,FALSE,FALSE,TRUE,FALSE,TRUE,2,TRUE,TRUE,TRUE,"DESeq2 + ALDEx2 + LEfSe",0.00545809837927336,0,"control",0.00545809837927336,"Bacteria","Proteobacteria","Gammaproteobacteria","Arenicellales","Arenicellaceae","Arenicella",NA,"Arenicella",6.58371308681789
"ASV1282","DESeq2",24.8039247061748,8.37799947351647,2.22379639087446,3.76743100577746,0.00016493610345535,0.000279122636616746,"deseq2",0.000279122636616746,8.37799947351647,TRUE,NA,NA,NA,NA,NA,NA,NA,NA,NA,NA,NA,NA,NA,TRUE,FALSE,FALSE,TRUE,TRUE,TRUE,3,TRUE,TRUE,TRUE,"DESeq2 + ALDEx2 + LEfSe",0,0.0050371104085866,"contrast",0.0050371104085866,"Bacteria","Bacteroidota","Bacteroidia","Flavobacteriales","Flavobacteriaceae","Aurantivirga",NA,"Aurantivirga",3.55420494115705
"ASV13","DESeq2",78.0420267657056,-9.4919732295134,1.57262486915666,-6.03575170129643,1.58224388906831e-09,1.9338536421946e-08,"deseq2",1.9338536421946e-08,-9.4919732295134,TRUE,NA,NA,NA,NA,NA,NA,NA,NA,NA,NA,NA,NA,NA,TRUE,FALSE,FALSE,TRUE,FALSE,TRUE,2,TRUE,TRUE,TRUE,"DESeq2 + ALDEx2 + LEfSe",0.00915929924084153,0,"control",0.00915929924084153,"Bacteria","Proteobacteria","Alphaproteobacteria","SAR11 clade","Clade I","Clade Ib",NA,"Clade Ib",7.7135763972605
"ASV1328","DESeq2",40.6196340286191,-8.54448130807526,2.10658279434175,-4.05608615575215,4.99018586874455e-05,9.63018325547194e-05,"deseq2",9.63018325547194e-05,-8.54448130807526,TRUE,NA,NA,NA,NA,NA,NA,NA,NA,NA,NA,NA,NA,NA,TRUE,FALSE,FALSE,TRUE,FALSE,TRUE,2,TRUE,TRUE,TRUE,"DESeq2 + ALDEx2 + LEfSe",0.00482684466345141,0,"control",0.00482684466345141,"Bacteria","Proteobacteria","Alphaproteobacteria","Rhodobacterales","Rhodobacteraceae",NA,NA,NA,4.01636544848471
"ASV1334","DESeq2",26.0781628317523,-7.92548329858034,1.65255216022344,-4.79590507903165,1.61941956253263e-06,5.2392985846644e-06,"deseq2",5.2392985846644e-06,-7.92548329858034,TRUE,NA,NA,NA,NA,NA,NA,NA,NA,NA,NA,NA,NA,NA,TRUE,FALSE,FALSE,TRUE,FALSE,FALSE,1,TRUE,TRUE,FALSE,"DESeq2 + ALDEx2",0.00303419663710719,0,"control",0.00303419663710719,"Bacteria","Proteobacteria","Gammaproteobacteria","Pseudomonadales","Spongiibacteraceae","Dasania",NA,"Dasania",5.28072685064977
"ASV141","DESeq2",22.2046327518357,-7.67482746407562,1.65582841899855,-4.63503789161764,3.56872103350699e-06,1.01704646203474e-05,"deseq2",1.01704646203474e-05,-7.67482746407562,TRUE,NA,NA,NA,NA,NA,NA,NA,NA,NA,NA,NA,NA,NA,TRUE,FALSE,FALSE,TRUE,FALSE,FALSE,1,TRUE,TRUE,FALSE,"DESeq2 + ALDEx2",0.00260779967750312,0,"control",0.00260779967750312,"Bacteria","Cyanobacteria","Cyanobacteriia","Synechococcales","Cyanobiaceae","Synechococcus CC9902",NA,"Synechococcus CC9902",4.99265920662062
"ASV1415","DESeq2",41.7707399333743,-3.11943161445545,0.8868033424606,-3.51761373136012,0.000435445707140501,0.000714910862469479,"deseq2",0.000714910862469479,-3.11943161445545,TRUE,NA,NA,NA,NA,NA,NA,NA,NA,NA,NA,NA,NA,NA,TRUE,FALSE,FALSE,TRUE,FALSE,FALSE,1,TRUE,TRUE,FALSE,"DESeq2 + ALDEx2",0.00459277392996912,0.000582570507594561,"control",0.00459277392996912,"Bacteria","Proteobacteria","Alphaproteobacteria","Rhodobacterales","Rhodobacteraceae","Yoonia-Loktanella",NA,"Yoonia-Loktanella",3.14574810414424
"ASV1456","DESeq2",38.8145787760578,9.02409119850116,1.78102028583043,5.06680988998029,4.04537937527077e-07,1.77996692511914e-06,"deseq2",1.77996692511914e-06,9.02409119850116,TRUE,NA,NA,NA,NA,NA,NA,NA,NA,NA,NA,NA,NA,NA,TRUE,FALSE,FALSE,TRUE,TRUE,TRUE,3,TRUE,TRUE,TRUE,"DESeq2 + ALDEx2 + LEfSe",0,0.00770762471809931,"contrast",0.00770762471809931,"Bacteria","Proteobacteria","Gammaproteobacteria","Enterobacterales","Vibrionaceae","Vibrio",NA,"Vibrio",5.74958806756285
"ASV1498","DESeq2",25.0277603733597,-7.84077595892828,1.79562407375692,-4.36660215995173,1.26194278055033e-05,2.95348310341568e-05,"deseq2",2.95348310341568e-05,-7.84077595892828,TRUE,NA,NA,NA,NA,NA,NA,NA,NA,NA,NA,NA,NA,NA,TRUE,FALSE,FALSE,TRUE,FALSE,FALSE,1,TRUE,TRUE,FALSE,"DESeq2 + ALDEx2",0.00295822325786239,0,"control",0.00295822325786239,"Bacteria","Proteobacteria","Gammaproteobacteria","Pseudomonadales","Marinobacteraceae","Marinobacter","guineae","Marinobacter",4.52966550935481
"ASV1510","DESeq2",34.4667848479008,-8.30328995555309,1.70413869708877,-4.87242615271741,1.10236066366645e-06,3.92500267111363e-06,"deseq2",3.92500267111363e-06,-8.30328995555309,TRUE,NA,NA,NA,NA,NA,NA,NA,NA,NA,NA,NA,NA,NA,TRUE,FALSE,FALSE,TRUE,FALSE,FALSE,1,TRUE,TRUE,FALSE,"DESeq2 + ALDEx2",0.00405578148810098,0,"control",0.00405578148810098,"Bacteria","Proteobacteria","Alphaproteobacteria","Rhodobacterales","Rhodobacteraceae","Yoonia-Loktanella",NA,"Yoonia-Loktanella",5.40616004336471
"ASV1526","DESeq2",32.6836936802151,8.77608032705647,1.92373053375553,4.56201124485128,5.06659330356413e-06,1.29610526370245e-05,"deseq2",1.29610526370245e-05,8.77608032705647,TRUE,NA,NA,NA,NA,NA,NA,NA,NA,NA,NA,NA,NA,NA,TRUE,FALSE,FALSE,TRUE,TRUE,TRUE,3,TRUE,TRUE,TRUE,"DESeq2 + ALDEx2 + LEfSe",0,0.00643221426367165,"contrast",0.00643221426367165,"Bacteria","Planctomycetota","Planctomycetes","Pirellulales","Pirellulaceae","Rhodopirellula",NA,"Rhodopirellula",4.88735972563466
"ASV1575","DESeq2",43.168850369753,2.95070777471801,1.91594180068775,1.5400821536744,0.123540329315376,0.14456847047544,"deseq2",0.14456847047544,2.95070777471801,FALSE,NA,NA,NA,NA,NA,NA,NA,NA,NA,NA,NA,NA,NA,FALSE,FALSE,FALSE,FALSE,FALSE,TRUE,1,TRUE,TRUE,TRUE,"DESeq2 + ALDEx2 + LEfSe",0.000840898780793625,0.00713210854561185,"contrast",0.00713210854561185,"Bacteria","Bacteroidota","Bacteroidia","Flavobacteriales","Flavobacteriaceae","Croceitalea",NA,"Croceitalea",0.839926413760828
"ASV160","DESeq2",146.855888803443,0.199680869772735,0.471492107785577,0.42350840337617,0.671924368745237,0.70261808263592,"deseq2",0.70261808263592,0.199680869772735,FALSE,NA,NA,NA,NA,NA,NA,NA,NA,NA,NA,NA,NA,NA,FALSE,FALSE,FALSE,FALSE,TRUE,TRUE,2,TRUE,TRUE,TRUE,"DESeq2 + ALDEx2 + LEfSe",0.00975858915422139,0.0125235599035471,"contrast",0.0125235599035471,"Bacteria","Bacteroidota","Bacteroidia","Flavobacteriales","Flavobacteriaceae","Polaribacter","dokdonensis","Polaribacter",0.15328067736218
"ASV1641","DESeq2",23.8263213819082,4.27298134851422,2.46296558680337,1.73489283464168,0.0827597885580149,0.100039304850348,"deseq2",0.100039304850348,4.27298134851422,FALSE,NA,NA,NA,NA,NA,NA,NA,NA,NA,NA,NA,NA,NA,FALSE,FALSE,FALSE,FALSE,TRUE,TRUE,2,TRUE,TRUE,TRUE,"DESeq2 + ALDEx2 + LEfSe",0.000190645653279105,0.00438509348690936,"contrast",0.00438509348690936,"Bacteria","Proteobacteria","Alphaproteobacteria","Caulobacterales","Hyphomonadaceae","Litorimonas",NA,"Litorimonas",0.999829334741484
"ASV168","DESeq2",24.0440962303284,8.33319893010504,2.15320828912494,3.87013136267074,0.000108776724720615,0.0001989028839938,"deseq2",0.0001989028839938,8.33319893010504,TRUE,NA,NA,NA,NA,NA,NA,NA,NA,NA,NA,NA,NA,NA,TRUE,FALSE,FALSE,TRUE,TRUE,TRUE,3,TRUE,TRUE,TRUE,"DESeq2 + ALDEx2 + LEfSe",0,0.00470138708591235,"contrast",0.00470138708591235,"Bacteria","Proteobacteria","Gammaproteobacteria","Pseudomonadales","Saccharospirillaceae","Oleibacter",NA,"Oleibacter",3.70135891977394
"ASV169","DESeq2",85.2057180987722,0.372043637197418,2.25258088214115,0.165163275666168,0.868815470009438,0.887565993948466,"deseq2",0.887565993948466,0.372043637197418,FALSE,NA,NA,NA,NA,NA,NA,NA,NA,NA,NA,NA,NA,NA,FALSE,FALSE,FALSE,FALSE,FALSE,FALSE,0,FALSE,FALSE,FALSE,"DESeq2 only",0.00530217482913785,0.00776533208827955,"contrast",0.00776533208827955,"Bacteria","Proteobacteria","Gammaproteobacteria","Enterobacterales","Colwelliaceae","Thalassotalea","eurytherma","Thalassotalea",0.0517993456057013
"ASV1698","DESeq2",35.0907652355436,8.87858269147433,1.82246246010807,4.87175065924147,1.10613711640475e-06,3.92500267111363e-06,"deseq2",3.92500267111363e-06,8.87858269147433,TRUE,NA,NA,NA,NA,NA,NA,NA,NA,NA,NA,NA,NA,NA,TRUE,FALSE,FALSE,TRUE,TRUE,TRUE,3,TRUE,TRUE,TRUE,"DESeq2 + ALDEx2 + LEfSe",0,0.00696904674115172,"contrast",0.00696904674115172,"Bacteria","Bacteroidota","Bacteroidia","Flavobacteriales","Flavobacteriaceae","Croceitalea","litorea","Croceitalea",5.40616004336471
"ASV1733","DESeq2",33.7543608069045,-8.27268502322592,1.68028347080265,-4.92338653981649,8.5059202255127e-07,3.34161151716571e-06,"deseq2",3.34161151716571e-06,-8.27268502322592,TRUE,NA,NA,NA,NA,NA,NA,NA,NA,NA,NA,NA,NA,NA,TRUE,FALSE,FALSE,TRUE,FALSE,FALSE,1,TRUE,TRUE,FALSE,"DESeq2 + ALDEx2",0.00397575379457161,0,"control",0.00397575379457161,"Bacteria","Proteobacteria","Alphaproteobacteria","Rhodobacterales","Rhodobacteraceae","Tateyamaria",NA,"Tateyamaria",5.47604404090522
"ASV175","DESeq2",174.081382996156,-10.6516182698024,1.72127045422643,-6.18823046874957,6.08433300555507e-10,9.56109472301512e-09,"deseq2",9.56109472301512e-09,-10.6516182698024,TRUE,NA,NA,NA,NA,NA,NA,NA,NA,NA,NA,NA,NA,NA,TRUE,FALSE,FALSE,TRUE,FALSE,TRUE,2,TRUE,TRUE,TRUE,"DESeq2 + ALDEx2 + LEfSe",0.0201835129798666,0,"control",0.0201835129798666,"Bacteria","Proteobacteria","Gammaproteobacteria","Enterobacterales","Colwelliaceae","Colwellia",NA,"Colwellia",8.01949237917309
"ASV1794","DESeq2",33.4035635376442,8.80741191117045,2.72843677131816,3.22800660207912,0.0012465609709347,0.00193129164511009,"deseq2",0.00193129164511009,8.80741191117045,TRUE,NA,NA,NA,NA,NA,NA,NA,NA,NA,NA,NA,NA,NA,TRUE,FALSE,FALSE,TRUE,TRUE,TRUE,3,TRUE,TRUE,TRUE,"DESeq2 + ALDEx2 + LEfSe",0,0.00692799341983257,"contrast",0.00692799341983257,"Bacteria","Proteobacteria","Gammaproteobacteria","Enterobacterales","Vibrionaceae","Vibrio",NA,"Vibrio",2.71415213828791
"ASV180","DESeq2",87.3696223010222,-0.194444757510182,1.20143064917128,-0.161844345859085,0.87142843042213,0.887565993948466,"deseq2",0.887565993948466,-0.194444757510182,FALSE,NA,NA,NA,NA,NA,NA,NA,NA,NA,NA,NA,NA,NA,FALSE,FALSE,FALSE,FALSE,FALSE,FALSE,0,FALSE,FALSE,FALSE,"DESeq2 only",0.00651120882563335,0.00648755200754014,"control",0.00651120882563335,"Bacteria","Proteobacteria","Gammaproteobacteria","Enterobacterales","Pseudoalteromonadaceae","Pseudoalteromonas",NA,"Pseudoalteromonas",0.0517993456057013
"ASV1836","DESeq2",41.815468439433,-8.59500913838379,3.72065538740334,-2.31007933910866,0.020883762064665,0.0290786560394069,"deseq2",0.0290786560394069,-8.59500913838379,TRUE,NA,NA,NA,NA,NA,NA,NA,NA,NA,NA,NA,NA,NA,TRUE,FALSE,FALSE,TRUE,FALSE,FALSE,1,TRUE,TRUE,FALSE,"DESeq2 + ALDEx2",0.00475929225851361,0,"control",0.00475929225851361,"Bacteria","Proteobacteria","Gammaproteobacteria","Pseudomonadales","Alcanivoracaceae1","Alcanivorax",NA,"Alcanivorax",1.53642566962034
"ASV1892","DESeq2",29.4003016928035,-1.53006378549031,1.12402208664763,-1.36123996464668,0.173437868366806,0.196682118766481,"deseq2",0.196682118766481,-1.53006378549031,FALSE,NA,NA,NA,NA,NA,NA,NA,NA,NA,NA,NA,NA,NA,FALSE,FALSE,FALSE,FALSE,FALSE,FALSE,0,FALSE,FALSE,FALSE,"DESeq2 only",0.00278778270624356,0.00108222227555397,"control",0.00278778270624356,"Bacteria","Proteobacteria","Alphaproteobacteria","Caulobacterales","Hyphomonadaceae",NA,NA,NA,0.706235121900918
"ASV1955","DESeq2",32.4432679758285,8.76543465156468,2.04579750652208,4.28460520829659,1.83063965820311e-05,3.87250696927582e-05,"deseq2",3.87250696927582e-05,8.76543465156468,TRUE,NA,NA,NA,NA,NA,NA,NA,NA,NA,NA,NA,NA,NA,TRUE,FALSE,FALSE,TRUE,TRUE,TRUE,3,TRUE,TRUE,TRUE,"DESeq2 + ALDEx2 + LEfSe",0,0.00633668983930903,"contrast",0.00633668983930903,"Bacteria","Proteobacteria","Alphaproteobacteria","Rhodobacterales","Rhodobacteraceae",NA,NA,NA,4.41200779197668
"ASV2","DESeq2",38.2374828645522,-8.47018345213389,1.53456354618819,-5.51960423742213,3.39764001615108e-08,2.4890686632755e-07,"deseq2",2.4890686632755e-07,-8.47018345213389,TRUE,NA,NA,NA,NA,NA,NA,NA,NA,NA,NA,NA,NA,NA,TRUE,FALSE,FALSE,TRUE,FALSE,TRUE,2,TRUE,TRUE,TRUE,"DESeq2 + ALDEx2 + LEfSe",0.00446230148378429,0,"control",0.00446230148378429,"Bacteria","Cyanobacteria","Cyanobacteriia","Synechococcales","Cyanobiaceae","Prochlorococcus MIT9313","marinus","Prochlorococcus MIT9313",6.6039631228087
"ASV20","DESeq2",58.2175448464412,-9.07416242386642,1.56641365007813,-5.79295413022851,6.91590009940946e-09,6.33957509112534e-08,"deseq2",6.33957509112534e-08,-9.07416242386642,TRUE,NA,NA,NA,NA,NA,NA,NA,NA,NA,NA,NA,NA,NA,TRUE,FALSE,FALSE,TRUE,FALSE,TRUE,2,TRUE,TRUE,TRUE,"DESeq2 + ALDEx2 + LEfSe",0.00676687792174908,0,"control",0.00676687792174908,"Bacteria","Proteobacteria","Alphaproteobacteria","SAR11 clade","Clade I","Clade Ia",NA,"Clade Ia",7.19793984965197
"ASV2122","DESeq2",32.2992206781579,8.75900691948394,1.91344918655513,4.57760100504848,4.703387060246e-06,1.23183946815967e-05,"deseq2",1.23183946815967e-05,8.75900691948394,TRUE,NA,NA,NA,NA,NA,NA,NA,NA,NA,NA,NA,NA,NA,TRUE,FALSE,FALSE,TRUE,TRUE,TRUE,3,TRUE,TRUE,TRUE,"DESeq2 + ALDEx2 + LEfSe",0,0.00636404053891242,"contrast",0.00636404053891242,"Bacteria","Proteobacteria","Alphaproteobacteria","Rhodobacterales","Rhodobacteraceae","Yoonia-Loktanella",NA,"Yoonia-Loktanella",4.9094458852195
"ASV223","DESeq2",102.218507817842,-9.88795796546823,1.6736571087022,-5.90799508098502,3.46296357184439e-09,3.80925992902882e-08,"deseq2",3.80925992902882e-08,-9.88795796546823,TRUE,NA,NA,NA,NA,NA,NA,NA,NA,NA,NA,NA,NA,NA,TRUE,FALSE,FALSE,TRUE,FALSE,TRUE,2,TRUE,TRUE,TRUE,"DESeq2 + ALDEx2 + LEfSe",0.0118902614101523,0,"control",0.0118902614101523,"Bacteria","Proteobacteria","Gammaproteobacteria","Pseudomonadales","Cellvibrionaceae","Aestuariicella",NA,"Aestuariicella",7.41915939176768
"ASV2303","DESeq2",36.1960472153258,-8.38522072686518,3.93734607785943,-2.12966311851964,0.0331994359662854,0.0429639759563694,"deseq2",0.0429639759563694,-8.38522072686518,TRUE,NA,NA,NA,NA,NA,NA,NA,NA,NA,NA,NA,NA,NA,TRUE,FALSE,FALSE,TRUE,FALSE,FALSE,1,TRUE,TRUE,FALSE,"DESeq2 + ALDEx2",0.00420326117277115,0,"control",0.00420326117277115,"Bacteria","Bacteroidota","Bacteroidia","Flavobacteriales","Flavobacteriaceae","Winogradskyella",NA,"Winogradskyella",1.36689553512946
"ASV2305","DESeq2",38.0726187258237,8.99623030230351,1.80620458354036,4.98073716802884,6.33425206365022e-07,2.58062121111675e-06,"deseq2",2.58062121111675e-06,8.99623030230351,TRUE,NA,NA,NA,NA,NA,NA,NA,NA,NA,NA,NA,NA,NA,TRUE,FALSE,FALSE,TRUE,TRUE,TRUE,3,TRUE,TRUE,TRUE,"DESeq2 + ALDEx2 + LEfSe",0,0.00760568230329132,"contrast",0.00760568230329132,"Bacteria","Bacteroidota","Bacteroidia","Flavobacteriales","Flavobacteriaceae","Tenacibaculum","dicentrarchi","Tenacibaculum",5.58827573741447
"ASV236","DESeq2",116.917656376995,-10.0772724346121,3.96955775048424,-2.53863857589243,0.0111284721188138,0.0163217591075935,"deseq2",0.0163217591075935,-10.0772724346121,TRUE,NA,NA,NA,NA,NA,NA,NA,NA,NA,NA,NA,NA,NA,TRUE,FALSE,FALSE,TRUE,FALSE,FALSE,1,TRUE,TRUE,FALSE,"DESeq2 + ALDEx2",0.0134912869552687,0,"control",0.0134912869552687,"Bacteria","Bacteroidota","Bacteroidia","Flavobacteriales","Flavobacteriaceae","Aurantivirga",NA,"Aurantivirga",1.78723303617344
"ASV24","DESeq2",303.650437616338,-11.4553269963958,2.06563831421251,-5.54565962374829,2.92848029344084e-08,2.30094880198923e-07,"deseq2",2.30094880198923e-07,-11.4553269963958,TRUE,NA,NA,NA,NA,NA,NA,NA,NA,NA,NA,NA,NA,NA,TRUE,FALSE,FALSE,TRUE,FALSE,TRUE,2,TRUE,TRUE,TRUE,"DESeq2 + ALDEx2 + LEfSe",0.0353401887892061,0,"control",0.0353401887892061,"Bacteria","Proteobacteria","Alphaproteobacteria","Rhodobacterales","Rhodobacteraceae","Pseudophaeobacter",NA,"Pseudophaeobacter",6.63809304463467
"ASV248","DESeq2",19.771177591787,-7.5156296068172,3.72437988633788,-2.01795462229477,0.0435959874873695,0.0532839847067849,"deseq2",0.0532839847067849,-7.5156296068172,FALSE,NA,NA,NA,NA,NA,NA,NA,NA,NA,NA,NA,NA,NA,FALSE,FALSE,FALSE,FALSE,FALSE,FALSE,0,FALSE,FALSE,FALSE,"DESeq2 only",0.00225398240476077,0,"control",0.00225398240476077,"Bacteria","Proteobacteria","Gammaproteobacteria","Enterobacterales","Alteromonadaceae","Alteromonas","australica","Alteromonas",1.27340330501906
"ASV2656","DESeq2",32.6097604209086,-8.22835989818389,2.15357809216304,-3.82078547702878,0.000133027325517276,0.000228640715732818,"deseq2",0.000228640715732818,-8.22835989818389,TRUE,NA,NA,NA,NA,NA,NA,NA,NA,NA,NA,NA,NA,NA,TRUE,FALSE,FALSE,TRUE,FALSE,TRUE,2,TRUE,TRUE,TRUE,"DESeq2 + ALDEx2 + LEfSe",0.0038452898239106,0,"control",0.0038452898239106,"Bacteria","Bacteroidota","Bacteroidia","Flavobacteriales","Flavobacteriaceae",NA,NA,NA,3.64084642904328
"ASV27","DESeq2",192.771099020234,-10.7999953359296,2.33137877975188,-4.63244987460982,3.61363845292019e-06,1.01704646203474e-05,"deseq2",1.01704646203474e-05,-10.7999953359296,TRUE,NA,NA,NA,NA,NA,NA,NA,NA,NA,NA,NA,NA,NA,TRUE,FALSE,FALSE,TRUE,FALSE,TRUE,2,TRUE,TRUE,TRUE,"DESeq2 + ALDEx2 + LEfSe",0.0224421901728577,0,"control",0.0224421901728577,"Bacteria","Proteobacteria","Gammaproteobacteria","Pseudomonadales","Saccharospirillaceae","Oceaniserpentilla",NA,"Oceaniserpentilla",4.99265920662062
"ASV3","DESeq2",154.61437737695,-5.41804748179249,1.51294326704847,-3.58113063443702,0.000342110536399412,0.000570184227332353,"deseq2",0.000570184227332353,-5.41804748179249,TRUE,NA,NA,NA,NA,NA,NA,NA,NA,NA,NA,NA,NA,NA,TRUE,FALSE,FALSE,TRUE,FALSE,TRUE,2,TRUE,TRUE,TRUE,"DESeq2 + ALDEx2 + LEfSe",0.0177177965451487,0.000497512437810945,"control",0.0177177965451487,"Bacteria","Proteobacteria","Alphaproteobacteria","SAR11 clade","Clade I","Clade Ia",NA,"Clade Ia",3.24398480049072
"ASV30","DESeq2",46.2694540247975,-8.74120607096279,3.64259336176228,-2.39972052953333,0.0164075932674643,0.0237478323608036,"deseq2",0.0237478323608036,-8.74120607096279,TRUE,NA,NA,NA,NA,NA,NA,NA,NA,NA,NA,NA,NA,NA,TRUE,FALSE,FALSE,TRUE,FALSE,FALSE,1,TRUE,TRUE,FALSE,"DESeq2 + ALDEx2",0.0052942406903676,0,"control",0.0052942406903676,"Bacteria","Proteobacteria","Alphaproteobacteria","SAR11 clade","Clade II",NA,NA,NA,1.6243760254793
"ASV3131","DESeq2",29.8431846906608,-8.1066212480584,3.94791524975636,-2.0533929264461,0.0400344847850371,0.0494808238916189,"deseq2",0.0494808238916189,-8.1066212480584,TRUE,NA,NA,NA,NA,NA,NA,NA,NA,NA,NA,NA,NA,NA,TRUE,FALSE,FALSE,TRUE,FALSE,FALSE,1,TRUE,TRUE,FALSE,"DESeq2 + ALDEx2",0.00346862885271267,0,"control",0.00346862885271267,"Bacteria","Bacteroidota","Bacteroidia","Flavobacteriales","Flavobacteriaceae","Tenacibaculum",NA,"Tenacibaculum",1.30556307766448
"ASV319","DESeq2",96.3979912985589,-5.1731853613972,1.47553707152882,-3.50596773284537,0.00045495036967533,0.000735949127415975,"deseq2",0.000735949127415975,-5.1731853613972,TRUE,NA,NA,NA,NA,NA,NA,NA,NA,NA,NA,NA,NA,NA,TRUE,FALSE,FALSE,TRUE,FALSE,TRUE,2,TRUE,TRUE,TRUE,"DESeq2 + ALDEx2 + LEfSe",0.0110540438598011,0.000328899283730449,"control",0.0110540438598011,"Bacteria","Proteobacteria","Gammaproteobacteria","Pseudomonadales","Saccharospirillaceae","Oleispira",NA,"Oleispira",3.13315220529038
"ASV34","DESeq2",44.1016171529415,-8.66144629999441,1.63460474060582,-5.2988016520644,1.16565175405998e-07,5.82825877029988e-07,"deseq2",5.82825877029988e-07,-8.66144629999441,TRUE,NA,NA,NA,NA,NA,NA,NA,NA,NA,NA,NA,NA,NA,TRUE,FALSE,FALSE,TRUE,FALSE,TRUE,2,TRUE,TRUE,TRUE,"DESeq2 + ALDEx2 + LEfSe",0.00517273491754979,0,"control",0.00517273491754979,"Bacteria","Proteobacteria","Alphaproteobacteria","SAR11 clade","Clade IV",NA,NA,NA,6.23446117412606
"ASV346","DESeq2",41.60189932217,1.13712658949665,1.11429560004678,1.02048916772974,0.307496524024834,0.341662804472038,"deseq2",0.341662804472038,1.13712658949665,FALSE,NA,NA,NA,NA,NA,NA,NA,NA,NA,NA,NA,NA,NA,FALSE,FALSE,FALSE,FALSE,TRUE,TRUE,2,TRUE,TRUE,TRUE,"DESeq2 + ALDEx2 + LEfSe",0.00201865943265118,0.00489243593463759,"contrast",0.00489243593463759,"Archaea","Crenarchaeota","Nitrososphaeria","Nitrosopumilales","Nitrosopumilaceae","Candidatus Nitrosopumilus",NA,"Candidatus Nitrosopumilus",0.466402298613633
"ASV347","DESeq2",27.5929461959294,-7.9967704135926,3.8465284835178,-2.07895780516338,0.0376212288921258,0.0481201764899283,"deseq2",0.0481201764899283,-7.9967704135926,TRUE,NA,NA,NA,NA,NA,NA,NA,NA,NA,NA,NA,NA,NA,TRUE,FALSE,FALSE,TRUE,FALSE,FALSE,1,TRUE,TRUE,FALSE,"DESeq2 + ALDEx2",0.00319758793963138,0,"control",0.00319758793963138,"Bacteria","Proteobacteria","Gammaproteobacteria","Enterobacterales","Alteromonadaceae","Alteromonas","genovensis","Alteromonas",1.3176727884714
"ASV354","DESeq2",56.8822190095475,1.30345902395457,1.86159352377322,0.700184550122746,0.483812058887503,0.526924024530943,"deseq2",0.526924024530943,1.30345902395457,FALSE,NA,NA,NA,NA,NA,NA,NA,NA,NA,NA,NA,NA,NA,FALSE,FALSE,FALSE,FALSE,FALSE,TRUE,1,TRUE,TRUE,TRUE,"DESeq2 + ALDEx2 + LEfSe",0.00244422517136552,0.00699790042624184,"contrast",0.00699790042624184,"Bacteria","Bacteroidota","Bacteroidia","Flavobacteriales","Flavobacteriaceae","Winogradskyella",NA,"Winogradskyella",0.27825199978865
"ASV37","DESeq2",37.914856326641,-3.59658647206474,1.55111586196672,-2.31870910500811,0.0204108145048317,0.0287844819939934,"deseq2",0.0287844819939934,-3.59658647206474,TRUE,NA,NA,NA,NA,NA,NA,NA,NA,NA,NA,NA,NA,NA,TRUE,FALSE,FALSE,TRUE,FALSE,FALSE,1,TRUE,TRUE,FALSE,"DESeq2 + ALDEx2",0.00419762075933019,0.000414593698175788,"control",0.00419762075933019,"Bacteria","Cyanobacteria","Cyanobacteriia","Synechococcales","Cyanobiaceae","Synechococcus CC9902",NA,"Synechococcus CC9902",1.54084158170909
"ASV383","DESeq2",97.6901216323595,-9.81324762750703,1.71263206520161,-5.72992169590836,1.00477005695131e-08,8.50190048189568e-08,"deseq2",8.50190048189568e-08,-9.81324762750703,TRUE,NA,NA,NA,NA,NA,NA,NA,NA,NA,NA,NA,NA,NA,TRUE,FALSE,FALSE,TRUE,FALSE,TRUE,2,TRUE,TRUE,TRUE,"DESeq2 + ALDEx2 + LEfSe",0.0115377206435627,0,"control",0.0115377206435627,"Bacteria","Proteobacteria","Gammaproteobacteria","Pseudomonadales","Saccharospirillaceae","Oleispira",NA,"Oleispira",7.07048398292765
"ASV39","DESeq2",30.7173936766906,-8.14108540431329,1.68257762932431,-4.83846050394868,1.30848690734192e-06,4.38069034580221e-06,"deseq2",4.38069034580221e-06,-8.14108540431329,TRUE,NA,NA,NA,NA,NA,NA,NA,NA,NA,NA,NA,NA,NA,TRUE,FALSE,FALSE,TRUE,FALSE,FALSE,1,TRUE,TRUE,FALSE,"DESeq2 + ALDEx2",0.00358986013560726,0,"control",0.00358986013560726,"Bacteria","Actinobacteriota","Acidimicrobiia","Actinomarinales","Actinomarinaceae","Candidatus Actinomarina",NA,"Candidatus Actinomarina",5.35845744434802
"ASV4","DESeq2",166.95986299431,-10.5920173028383,1.55841048841077,-6.79667993869818,1.07057571209599e-11,2.35526656661118e-10,"deseq2",2.35526656661118e-10,-10.5920173028383,TRUE,NA,NA,NA,NA,NA,NA,NA,NA,NA,NA,NA,NA,NA,TRUE,FALSE,FALSE,TRUE,FALSE,TRUE,2,TRUE,TRUE,TRUE,"DESeq2 + ALDEx2 + LEfSe",0.0195553223042447,0,"control",0.0195553223042447,"Bacteria","Cyanobacteria","Cyanobacteriia","Synechococcales","Cyanobiaceae","Synechococcus CC9902",NA,"Synechococcus CC9902",9.62795993275726
"ASV410","DESeq2",24.066196718537,1.32727875662252,3.11601063239075,0.425954501831776,0.670140999645903,0.70261808263592,"deseq2",0.70261808263592,1.32727875662252,FALSE,NA,NA,NA,NA,NA,NA,NA,NA,NA,NA,NA,NA,NA,FALSE,FALSE,FALSE,FALSE,FALSE,TRUE,1,TRUE,TRUE,TRUE,"DESeq2 + ALDEx2 + LEfSe",0.00101677681748856,0.0029761112577734,"contrast",0.0029761112577734,"Bacteria","Proteobacteria","Gammaproteobacteria","Enterobacterales","Pseudoalteromonadaceae","Pseudoalteromonas","citrea","Pseudoalteromonas",0.15328067736218
"ASV42","DESeq2",22.1841991206193,-7.69077777064426,2.00210270635073,-3.84135026951858,0.000122359365019315,0.00021708919600201,"deseq2",0.00021708919600201,-7.69077777064426,TRUE,NA,NA,NA,NA,NA,NA,NA,NA,NA,NA,NA,NA,NA,TRUE,FALSE,FALSE,TRUE,FALSE,FALSE,1,TRUE,TRUE,FALSE,"DESeq2 + ALDEx2",0.00257987048556374,0,"control",0.00257987048556374,"Bacteria","Proteobacteria","Gammaproteobacteria","Pseudomonadales","Marinomonadaceae","Marinomonas",NA,"Marinomonas",3.66336178978126
"ASV424","DESeq2",16.5198315280458,-2.49787570934839,4.19648815835402,-0.595230014977125,0.551689729559364,0.594959512269903,"deseq2",0.594959512269903,-2.49787570934839,FALSE,NA,NA,NA,NA,NA,NA,NA,NA,NA,NA,NA,NA,NA,FALSE,FALSE,FALSE,FALSE,FALSE,FALSE,0,FALSE,FALSE,FALSE,"DESeq2 only",0.00171756207218812,0.000328899283730449,"control",0.00171756207218812,"Bacteria","Proteobacteria","Alphaproteobacteria","Rhodobacterales","Rhodobacteraceae","Pseudophaeobacter","arcticus","Pseudophaeobacter",0.225512587542115
"ASV43","DESeq2",21.5261540792446,0.0487103667687659,1.84866497513492,0.0263489423037351,0.978979018132002,0.978979018132002,"deseq2",0.978979018132002,0.0487103667687659,FALSE,NA,NA,NA,NA,NA,NA,NA,NA,NA,NA,NA,NA,NA,FALSE,FALSE,FALSE,FALSE,FALSE,FALSE,0,FALSE,FALSE,FALSE,"DESeq2 only",0.00144657022220995,0.00175754153270096,"contrast",0.00175754153270096,"Bacteria","Proteobacteria","Gammaproteobacteria","Enterobacterales","Pseudoalteromonadaceae","Pseudoalteromonas",NA,"Pseudoalteromonas",0.00922661606932403
"ASV441","DESeq2",68.5741090782275,3.04252896557226,3.14084207143678,0.968698487976015,0.332695647198778,0.365965211918655,"deseq2",0.365965211918655,3.04252896557226,FALSE,NA,NA,NA,NA,NA,NA,NA,NA,NA,NA,NA,NA,NA,FALSE,FALSE,FALSE,FALSE,FALSE,TRUE,1,TRUE,TRUE,TRUE,"DESeq2 + ALDEx2 + LEfSe",0.00128661916072842,0.0114069325932827,"contrast",0.0114069325932827,"Bacteria","Bacteroidota","Bacteroidia","Flavobacteriales","Flavobacteriaceae","Winogradskyella",NA,"Winogradskyella",0.436560195998556
"ASV442","DESeq2",60.90266406427,-9.14042361159075,2.17074469507569,-4.21073175133203,2.54544849360851e-05,5.28300630748936e-05,"deseq2",5.28300630748936e-05,-9.14042361159075,TRUE,NA,NA,NA,NA,NA,NA,NA,NA,NA,NA,NA,NA,NA,TRUE,FALSE,FALSE,TRUE,FALSE,TRUE,2,TRUE,TRUE,TRUE,"DESeq2 + ALDEx2 + LEfSe",0.00702254426513058,0,"control",0.00702254426513058,"Bacteria","Proteobacteria","Gammaproteobacteria","Enterobacterales","Colwelliaceae","Colwellia","meonggei","Colwellia",4.27711887079968
"ASV45","DESeq2",43.0101814553204,-8.62443917086337,1.69089070485399,-5.10053023894769,3.38703259940722e-07,1.55238994139497e-06,"deseq2",1.55238994139497e-06,-8.62443917086337,TRUE,NA,NA,NA,NA,NA,NA,NA,NA,NA,NA,NA,NA,NA,TRUE,FALSE,FALSE,TRUE,FALSE,TRUE,2,TRUE,TRUE,TRUE,"DESeq2 + ALDEx2 + LEfSe",0.00507084540337026,0,"control",0.00507084540337026,"Bacteria","Proteobacteria","Alphaproteobacteria","SAR11 clade","Clade I","Clade Ib",NA,"Clade Ib",5.80899917990446
"ASV457","DESeq2",191.37913498535,11.3258623866392,1.47779915690864,7.66400652868923,1.8022072701876e-14,9.91213998603177e-13,"deseq2",9.91213998603177e-13,11.3258623866392,TRUE,NA,NA,NA,NA,NA,NA,NA,NA,NA,NA,NA,NA,NA,TRUE,FALSE,FALSE,TRUE,TRUE,TRUE,3,TRUE,TRUE,TRUE,"DESeq2 + ALDEx2 + LEfSe",0,0.0378467866291502,"contrast",0.0378467866291502,"Bacteria","Proteobacteria","Gammaproteobacteria","Enterobacterales","Vibrionaceae","Vibrio",NA,"Vibrio",12.0038325731845
"ASV458","DESeq2",26.2184523538075,8.45809310410579,2.03999548275025,4.14613325158097,3.38137090666746e-05,6.88797777284111e-05,"deseq2",6.88797777284111e-05,8.45809310410579,TRUE,NA,NA,NA,NA,NA,NA,NA,NA,NA,NA,NA,NA,NA,TRUE,FALSE,FALSE,TRUE,TRUE,TRUE,3,TRUE,TRUE,TRUE,"DESeq2 + ALDEx2 + LEfSe",0,0.00515252514894707,"contrast",0.00515252514894707,"Bacteria","Proteobacteria","Gammaproteobacteria","Enterobacterales","Pseudoalteromonadaceae","Pseudoalteromonas",NA,"Pseudoalteromonas",4.16190826299866
"ASV47","DESeq2",26.0971797598181,-7.91585826459789,3.66181855003459,-2.16172870294819,0.030639093862702,0.0411012234743563,"deseq2",0.0411012234743563,-7.91585826459789,TRUE,NA,NA,NA,NA,NA,NA,NA,NA,NA,NA,NA,NA,NA,TRUE,FALSE,FALSE,TRUE,FALSE,FALSE,1,TRUE,TRUE,FALSE,"DESeq2 + ALDEx2",0.0029836053566374,0,"control",0.0029836053566374,"Bacteria","Proteobacteria","Alphaproteobacteria","SAR11 clade","Clade I","Clade Ib",NA,"Clade Ib",1.38614525013723
"ASV479","DESeq2",44.3653587187226,-8.68660558200347,1.73281979222865,-5.01298843709031,5.35911184757407e-07,2.26731655089672e-06,"deseq2",2.26731655089672e-06,-8.68660558200347,TRUE,NA,NA,NA,NA,NA,NA,NA,NA,NA,NA,NA,NA,NA,TRUE,FALSE,FALSE,TRUE,FALSE,TRUE,2,TRUE,TRUE,TRUE,"DESeq2 + ALDEx2 + LEfSe",0.00512784894756487,0,"control",0.00512784894756487,"Bacteria","Proteobacteria","Gammaproteobacteria","Enterobacterales","Colwelliaceae","Thalassotalea",NA,"Thalassotalea",5.64448784171275
"ASV49","DESeq2",311.937532236721,-11.4940093616011,2.10732504338363,-5.4543125170409,4.91626736628018e-08,3.00438561272678e-07,"deseq2",3.00438561272678e-07,-11.4940093616011,TRUE,NA,NA,NA,NA,NA,NA,NA,NA,NA,NA,NA,NA,NA,TRUE,FALSE,FALSE,TRUE,FALSE,TRUE,2,TRUE,TRUE,TRUE,"DESeq2 + ALDEx2 + LEfSe",0.0363997527598032,0,"control",0.0363997527598032,"Bacteria","Proteobacteria","Gammaproteobacteria","Enterobacterales","Colwelliaceae","Colwellia",NA,"Colwellia",6.52224432641767
"ASV495","DESeq2",21.7690551456725,3.10788330089429,2.63403001445019,1.17989669208193,0.238041305684519,0.267189220666297,"deseq2",0.267189220666297,3.10788330089429,FALSE,NA,NA,NA,NA,NA,NA,NA,NA,NA,NA,NA,NA,NA,FALSE,FALSE,FALSE,FALSE,FALSE,TRUE,1,TRUE,TRUE,TRUE,"DESeq2 + ALDEx2 + LEfSe",0.00036624485362835,0.00369288988473798,"contrast",0.00369288988473798,"Bacteria","Proteobacteria","Gammaproteobacteria","Pseudomonadales","Oleiphilaceae","Oleiphilus",NA,"Oleiphilus",0.57318106677874
"ASV5","DESeq2",156.750861158862,-4.70113428233476,0.532429047379485,-8.82959768155562,1.05052905109631e-18,1.15558195620594e-16,"deseq2",1.15558195620594e-16,-4.70113428233476,TRUE,NA,NA,NA,NA,NA,NA,NA,NA,NA,NA,NA,NA,NA,TRUE,FALSE,FALSE,TRUE,FALSE,TRUE,2,TRUE,TRUE,TRUE,"DESeq2 + ALDEx2 + LEfSe",0.0178445331802186,0.000760377326930615,"control",0.0178445331802186,"Bacteria","Proteobacteria","Alphaproteobacteria","SAR11 clade","Clade II",NA,NA,NA,15.9371992480509
"ASV50","DESeq2",67.1133315797717,-2.85669907085063,1.38255784906273,-2.06624198241488,0.0388056365636748,0.0490228967486257,"deseq2",0.0490228967486257,-2.85669907085063,TRUE,NA,NA,NA,NA,NA,NA,NA,NA,NA,NA,NA,NA,NA,TRUE,FALSE,FALSE,TRUE,FALSE,FALSE,1,TRUE,TRUE,FALSE,"DESeq2 + ALDEx2",0.00715702746796533,0.0011187666404129,"control",0.00715702746796533,"Bacteria","Proteobacteria","Alphaproteobacteria","Rhodobacterales","Rhodobacteraceae","Pseudophaeobacter",NA,"Pseudophaeobacter",1.30960102999185
"ASV506","DESeq2",43.3672888364331,-8.64607746060182,3.92876320193512,-2.20071228939,0.027756398254551,0.037693874172847,"deseq2",0.037693874172847,-8.64607746060182,TRUE,NA,NA,NA,NA,NA,NA,NA,NA,NA,NA,NA,NA,NA,TRUE,FALSE,FALSE,TRUE,FALSE,FALSE,1,TRUE,TRUE,FALSE,"DESeq2 + ALDEx2",0.00503686419750105,0,"control",0.00503686419750105,"Bacteria","Bacteroidota","Bacteroidia","Flavobacteriales","Flavobacteriaceae","Aurantivirga",NA,"Aurantivirga",1.4237292235103
"ASV51","DESeq2",32.2446012667202,-8.21843539686059,1.58021939885676,-5.20081920447654,1.98412037792269e-07,9.48927137267374e-07,"deseq2",9.48927137267374e-07,-8.21843539686059,TRUE,NA,NA,NA,NA,NA,NA,NA,NA,NA,NA,NA,NA,NA,TRUE,FALSE,FALSE,TRUE,FALSE,FALSE,1,TRUE,TRUE,FALSE,"DESeq2 + ALDEx2",0.00375552223036324,0,"control",0.00375552223036324,"Bacteria","Proteobacteria","Alphaproteobacteria","SAR11 clade","Clade I","Clade Ib",NA,"Clade Ib",6.02276713330249
"ASV523","DESeq2",46.3983409733429,-8.75082015408173,1.84813917349006,-4.734935701599,2.19124556091844e-06,6.88677176288651e-06,"deseq2",6.88677176288651e-06,-8.75082015408173,TRUE,NA,NA,NA,NA,NA,NA,NA,NA,NA,NA,NA,NA,NA,TRUE,FALSE,FALSE,TRUE,FALSE,TRUE,2,TRUE,TRUE,TRUE,"DESeq2 + ALDEx2 + LEfSe",0.00540045096787335,0,"control",0.00540045096787335,"Bacteria","Proteobacteria","Gammaproteobacteria","Enterobacterales","Colwelliaceae","Colwellia","aquaemaris","Colwellia",5.16198430989423
"ASV53","DESeq2",274.898327141187,-11.3115815378662,2.44434584625708,-4.62765183379722,3.69835077103543e-06,1.01704646203474e-05,"deseq2",1.01704646203474e-05,-11.3115815378662,TRUE,NA,NA,NA,NA,NA,NA,NA,NA,NA,NA,NA,NA,NA,TRUE,FALSE,FALSE,TRUE,FALSE,TRUE,2,TRUE,TRUE,TRUE,"DESeq2 + ALDEx2 + LEfSe",0.0320155532870732,0,"control",0.0320155532870732,"Bacteria","Proteobacteria","Gammaproteobacteria","Enterobacterales","Colwelliaceae","Colwellia",NA,"Colwellia",4.99265920662062
"ASV537","DESeq2",50.7318345841033,9.41039511845179,1.70836220490699,5.50843087690769,3.62046351021891e-08,2.4890686632755e-07,"deseq2",2.4890686632755e-07,9.41039511845179,TRUE,NA,NA,NA,NA,NA,NA,NA,NA,NA,NA,NA,NA,NA,TRUE,FALSE,FALSE,TRUE,TRUE,TRUE,3,TRUE,TRUE,TRUE,"DESeq2 + ALDEx2 + LEfSe",0,0.0100302160687087,"contrast",0.0100302160687087,"Bacteria","Proteobacteria","Alphaproteobacteria","Rhodobacterales","Rhodobacteraceae","Ruegeria",NA,"Ruegeria",6.6039631228087
"ASV543","DESeq2",33.2494330188455,-8.25368191071857,1.90906215619469,-4.32342230656886,1.53627255923013e-05,3.31352904931988e-05,"deseq2",3.31352904931988e-05,-8.25368191071857,TRUE,NA,NA,NA,NA,NA,NA,NA,NA,NA,NA,NA,NA,NA,TRUE,FALSE,FALSE,TRUE,FALSE,TRUE,2,TRUE,TRUE,TRUE,"DESeq2 + ALDEx2 + LEfSe",0.00392129002706355,0,"control",0.00392129002706355,"Bacteria","Bacteroidota","Bacteroidia","Flavobacteriales","Flavobacteriaceae","Dokdonia","lutea","Dokdonia",4.4797092176475
"ASV56","DESeq2",59.165298210917,-9.09079197852955,2.21445734420082,-4.10520076276761,4.03963893611197e-05,7.93500505307708e-05,"deseq2",7.93500505307708e-05,-9.09079197852955,TRUE,NA,NA,NA,NA,NA,NA,NA,NA,NA,NA,NA,NA,NA,TRUE,FALSE,FALSE,TRUE,FALSE,TRUE,2,TRUE,TRUE,TRUE,"DESeq2 + ALDEx2 + LEfSe",0.00699521949089371,0,"control",0.00699521949089371,"Archaea","Crenarchaeota","Nitrososphaeria","Nitrosopumilales","Nitrosopumilaceae","Candidatus Nitrosopelagicus",NA,"Candidatus Nitrosopelagicus",4.10045279234671
"ASV566","DESeq2",32.5582379901001,-1.7316910747273,0.839856647829023,-2.06188887020614,0.0392183173989006,0.0490228967486257,"deseq2",0.0490228967486257,-1.7316910747273,TRUE,NA,NA,NA,NA,NA,NA,NA,NA,NA,NA,NA,NA,NA,TRUE,FALSE,FALSE,TRUE,FALSE,FALSE,1,TRUE,TRUE,FALSE,"DESeq2 + ALDEx2",0.00314781090803412,0.00105273224580213,"control",0.00314781090803412,"Bacteria","Proteobacteria","Gammaproteobacteria","Enterobacterales","Shewanellaceae","Psychrobium",NA,"Psychrobium",1.30960102999185
"ASV578","DESeq2",96.2058187557318,10.3336255998289,1.54432832723676,6.69133979969058,2.21136501788303e-11,4.05416919945223e-10,"deseq2",4.05416919945223e-10,10.3336255998289,TRUE,NA,NA,NA,NA,NA,NA,NA,NA,NA,NA,NA,NA,NA,TRUE,FALSE,FALSE,TRUE,TRUE,TRUE,3,TRUE,TRUE,TRUE,"DESeq2 + ALDEx2 + LEfSe",0,0.0190540742663916,"contrast",0.0190540742663916,"Bacteria","Bacteroidota","Bacteroidia","Flavobacteriales","Flavobacteriaceae","Actibacter",NA,"Actibacter",9.39209813012376
"ASV579","DESeq2",41.457333440733,-8.58309268120384,3.63764135348625,-2.35952141707922,0.0182985245890152,0.0261407494128788,"deseq2",0.0261407494128788,-8.58309268120384,TRUE,NA,NA,NA,NA,NA,NA,NA,NA,NA,NA,NA,NA,NA,TRUE,FALSE,FALSE,TRUE,FALSE,FALSE,1,TRUE,TRUE,FALSE,"DESeq2 + ALDEx2",0.0047618492245385,0,"control",0.0047618492245385,"Bacteria","Proteobacteria","Gammaproteobacteria","Enterobacterales","Alteromonadaceae",NA,NA,NA,1.58268196605874
"ASV582","DESeq2",39.8920634285859,-8.53178773505444,2.19776822819567,-3.88202342066746,0.000103590897499128,0.000196245422876436,"deseq2",0.000196245422876436,-8.53178773505444,TRUE,NA,NA,NA,NA,NA,NA,NA,NA,NA,NA,NA,NA,NA,TRUE,FALSE,FALSE,TRUE,FALSE,FALSE,1,TRUE,TRUE,FALSE,"DESeq2 + ALDEx2",0.00464387932549564,0,"control",0.00464387932549564,"Bacteria","Proteobacteria","Gammaproteobacteria","Pseudomonadales","Oleiphilaceae","Oleiphilus",NA,"Oleiphilus",3.70720046371743
"ASV6","DESeq2",147.518432268321,-10.4164092989029,1.52104470458957,-6.84819405207,7.47880745942524e-12,2.05667205134194e-10,"deseq2",2.05667205134194e-10,-10.4164092989029,TRUE,NA,NA,NA,NA,NA,NA,NA,NA,NA,NA,NA,NA,NA,TRUE,FALSE,FALSE,TRUE,FALSE,TRUE,2,TRUE,TRUE,TRUE,"DESeq2 + ALDEx2 + LEfSe",0.0171588790002443,0,"control",0.0171588790002443,"Bacteria","Proteobacteria","Alphaproteobacteria","SAR11 clade","Clade I","Clade Ia",NA,"Clade Ia",9.68683495363697
"ASV62","DESeq2",29.1586200578997,-8.07269963924679,2.39926987717124,-3.36464843578354,0.00076641246628675,0.00120436244702204,"deseq2",0.00120436244702204,-8.07269963924679,TRUE,NA,NA,NA,NA,NA,NA,NA,NA,NA,NA,NA,NA,NA,TRUE,FALSE,FALSE,TRUE,FALSE,FALSE,1,TRUE,TRUE,FALSE,"DESeq2 + ALDEx2",0.00337154440198302,0,"control",0.00337154440198302,"Bacteria","Verrucomicrobiota","Verrucomicrobiae","Opitutales","Puniceicoccaceae","Lentimonas",NA,"Lentimonas",2.91924279459515
"ASV651","DESeq2",43.23458449747,-8.6325060084725,1.61502550406645,-5.34512054870763,9.03568977775966e-08,4.95646453012255e-07,"deseq2",4.95646453012255e-07,-8.6325060084725,TRUE,NA,NA,NA,NA,NA,NA,NA,NA,NA,NA,NA,NA,NA,TRUE,FALSE,FALSE,TRUE,FALSE,TRUE,2,TRUE,TRUE,TRUE,"DESeq2 + ALDEx2 + LEfSe",0.00506928591080089,0,"control",0.00506928591080089,"Bacteria","Bacteroidota","Bacteroidia","Flavobacteriales","Flavobacteriaceae","Tenacibaculum",NA,"Tenacibaculum",6.30482799741003
"ASV657","DESeq2",218.462852482023,11.5167330377996,2.80343662022793,4.1080768349467,3.98967387394211e-05,7.93500505307708e-05,"deseq2",7.93500505307708e-05,11.5167330377996,TRUE,NA,NA,NA,NA,NA,NA,NA,NA,NA,NA,NA,NA,NA,TRUE,FALSE,FALSE,TRUE,FALSE,TRUE,2,TRUE,TRUE,TRUE,"DESeq2 + ALDEx2 + LEfSe",0,0.04557945908522,"contrast",0.04557945908522,"Bacteria","Proteobacteria","Gammaproteobacteria","Enterobacterales","Vibrionaceae","Vibrio",NA,"Vibrio",4.10045279234671
"ASV66","DESeq2",197.477710013538,1.92056863102525,1.16861306118543,1.64345983697721,0.100287828558953,0.11862001227403,"deseq2",0.11862001227403,1.92056863102525,FALSE,NA,NA,NA,NA,NA,NA,NA,NA,NA,NA,NA,NA,NA,FALSE,FALSE,FALSE,FALSE,TRUE,TRUE,2,TRUE,TRUE,TRUE,"DESeq2 + ALDEx2 + LEfSe",0.00656429195776298,0.0280146737442738,"contrast",0.0280146737442738,"Bacteria","Proteobacteria","Gammaproteobacteria","Enterobacterales","Vibrionaceae","Vibrio",NA,"Vibrio",0.925842035364704
"ASV691","DESeq2",37.5317981471124,1.27642971917547,0.857936523803712,1.48779039446455,0.136806179645612,0.15675708084393,"deseq2",0.15675708084393,1.27642971917547,FALSE,NA,NA,NA,NA,NA,NA,NA,NA,NA,NA,NA,NA,NA,FALSE,FALSE,FALSE,FALSE,TRUE,TRUE,2,TRUE,TRUE,TRUE,"DESeq2 + ALDEx2 + LEfSe",0.0016416434998056,0.00457486964631115,"contrast",0.00457486964631115,"Bacteria","Bacteroidota","Bacteroidia","Flavobacteriales","Flavobacteriaceae","Dokdonia",NA,"Dokdonia",0.804772832621705
"ASV714","DESeq2",57.4619196708921,-4.98477446050459,1.28914193331638,-3.86673827891163,0.000110300690214743,0.0001989028839938,"deseq2",0.0001989028839938,-4.98477446050459,TRUE,NA,NA,NA,NA,NA,NA,NA,NA,NA,NA,NA,NA,NA,TRUE,FALSE,FALSE,TRUE,FALSE,TRUE,2,TRUE,TRUE,TRUE,"DESeq2 + ALDEx2 + LEfSe",0.00659960015119434,0.000248756218905473,"control",0.00659960015119434,"Bacteria","Proteobacteria","Gammaproteobacteria","Enterobacterales","Alteromonadaceae","Aliiglaciecola",NA,"Aliiglaciecola",3.70135891977394
"ASV72","DESeq2",28.8568286059683,-8.06019428440417,3.77995026558451,-2.13235458619395,0.0329777077724971,0.0429639759563694,"deseq2",0.0429639759563694,-8.06019428440417,TRUE,NA,NA,NA,NA,NA,NA,NA,NA,NA,NA,NA,NA,NA,TRUE,FALSE,FALSE,TRUE,FALSE,FALSE,1,TRUE,TRUE,FALSE,"DESeq2 + ALDEx2",0.00327971582640429,0,"control",0.00327971582640429,"Bacteria","Proteobacteria","Alphaproteobacteria","Puniceispirillales","SAR116 clade",NA,NA,NA,1.36689553512946
"ASV76","DESeq2",425.55033604569,-11.9413933962189,1.72023351361892,-6.94172814427812,3.87332062548975e-12,1.42021756267957e-10,"deseq2",1.42021756267957e-10,-11.9413933962189,TRUE,NA,NA,NA,NA,NA,NA,NA,NA,NA,NA,NA,NA,NA,TRUE,FALSE,FALSE,TRUE,FALSE,TRUE,2,TRUE,TRUE,TRUE,"DESeq2 + ALDEx2 + LEfSe",0.0492695738128566,0,"control",0.0492695738128566,"Bacteria","Proteobacteria","Gammaproteobacteria","Enterobacterales","Colwelliaceae","Colwellia",NA,"Colwellia",9.84764512108619
"ASV795","DESeq2",81.899122611638,-9.55749281619976,1.62313087311995,-5.88830695939419,3.90171932392577e-09,3.90171932392577e-08,"deseq2",3.90171932392577e-08,-9.55749281619976,TRUE,NA,NA,NA,NA,NA,NA,NA,NA,NA,NA,NA,NA,NA,TRUE,FALSE,FALSE,TRUE,FALSE,TRUE,2,TRUE,TRUE,TRUE,"DESeq2 + ALDEx2 + LEfSe",0.0096270898752598,0,"control",0.0096270898752598,"Bacteria","Bacteroidota","Bacteroidia","Cytophagales","Cyclobacteriaceae","Fabibacter",NA,"Fabibacter",7.40874397544753
"ASV81","DESeq2",93.0812314649868,-9.75140844777919,2.11117097691504,-4.61895723009062,3.85673335982851e-06,1.0347333404418e-05,"deseq2",1.0347333404418e-05,-9.75140844777919,TRUE,NA,NA,NA,NA,NA,NA,NA,NA,NA,NA,NA,NA,NA,TRUE,FALSE,FALSE,TRUE,FALSE,TRUE,2,TRUE,TRUE,TRUE,"DESeq2 + ALDEx2 + LEfSe",0.0108221510595221,0,"control",0.0108221510595221,"Bacteria","Proteobacteria","Alphaproteobacteria","Rhodobacterales","Rhodobacteraceae","Pseudophaeobacter",NA,"Pseudophaeobacter",4.98517155715957
"ASV814","DESeq2",26.5173815433605,7.54766655978555,1.5471750096942,4.87835345871918,1.06975097418226e-06,3.92500267111363e-06,"deseq2",3.92500267111363e-06,7.54766655978555,TRUE,NA,NA,NA,NA,NA,NA,NA,NA,NA,NA,NA,NA,NA,TRUE,FALSE,FALSE,TRUE,TRUE,TRUE,3,TRUE,TRUE,TRUE,"DESeq2 + ALDEx2 + LEfSe",1.26291328837362e-05,0.00518415450884737,"contrast",0.00518415450884737,"Bacteria","Proteobacteria","Gammaproteobacteria","Pseudomonadales","Oleiphilaceae","Oleiphilus",NA,"Oleiphilus",5.40616004336471
"ASV829","DESeq2",26.616196960807,-7.95028707371586,2.30158992459331,-3.45425872296547,0.000551807725275645,0.000879693475077115,"deseq2",0.000879693475077115,-7.95028707371586,TRUE,NA,NA,NA,NA,NA,NA,NA,NA,NA,NA,NA,NA,NA,TRUE,FALSE,FALSE,TRUE,FALSE,FALSE,1,TRUE,TRUE,FALSE,"DESeq2 + ALDEx2",0.00309180186723967,0,"control",0.00309180186723967,"Bacteria","Proteobacteria","Gammaproteobacteria","Enterobacterales","Colwelliaceae","Thalassotalea",NA,"Thalassotalea",3.05566862929614
"ASV853","DESeq2",33.7799887598566,-2.51483386342437,0.973710732669704,-2.58273199529109,0.00980214345311802,0.014770353148534,"deseq2",0.014770353148534,-2.51483386342437,TRUE,NA,NA,NA,NA,NA,NA,NA,NA,NA,NA,NA,NA,NA,TRUE,FALSE,FALSE,TRUE,FALSE,FALSE,1,TRUE,TRUE,FALSE,"DESeq2 + ALDEx2",0.00355412956904081,0.000711863622005938,"control",0.00355412956904081,"Bacteria","Proteobacteria","Gammaproteobacteria","Pseudomonadales","Saccharospirillaceae",NA,NA,NA,1.83060912089481
"ASV855","DESeq2",41.2423332684604,9.11164045342155,1.94248424063235,4.69071525154581,2.72251642265046e-06,8.09396774301489e-06,"deseq2",8.09396774301489e-06,9.11164045342155,TRUE,NA,NA,NA,NA,NA,NA,NA,NA,NA,NA,NA,NA,NA,TRUE,FALSE,FALSE,TRUE,TRUE,TRUE,3,TRUE,TRUE,TRUE,"DESeq2 + ALDEx2 + LEfSe",0,0.00805982633729952,"contrast",0.00805982633729952,"Bacteria","Bacteroidota","Bacteroidia","Flavobacteriales","Flavobacteriaceae","Robiginitalea",NA,"Robiginitalea",5.09183853073992
"ASV861","DESeq2",28.5803848018882,-8.05454546927943,1.81092631245054,-4.44774887520412,8.67748925918492e-06,2.16937231479623e-05,"deseq2",2.16937231479623e-05,-8.05454546927943,TRUE,NA,NA,NA,NA,NA,NA,NA,NA,NA,NA,NA,NA,NA,TRUE,FALSE,FALSE,TRUE,FALSE,FALSE,1,TRUE,TRUE,FALSE,"DESeq2 + ALDEx2",0.00333160886421632,0,"control",0.00333160886421632,"Bacteria","Proteobacteria","Gammaproteobacteria","Enterobacterales","Alteromonadaceae","Aestuariibacter",NA,"Aestuariibacter",4.66366590654482
"ASV882","DESeq2",34.2711291924711,-8.30705566642837,1.91823712528708,-4.33056766388314,1.48725435065947e-05,3.27195957145084e-05,"deseq2",3.27195957145084e-05,-8.30705566642837,TRUE,NA,NA,NA,NA,NA,NA,NA,NA,NA,NA,NA,NA,NA,TRUE,FALSE,FALSE,TRUE,FALSE,FALSE,1,TRUE,TRUE,FALSE,"DESeq2 + ALDEx2",0.0039618440054642,0,"control",0.0039618440054642,"Bacteria","Bacteroidota","Bacteroidia","Flavobacteriales","Flavobacteriaceae","Dokdonia",NA,"Dokdonia",4.48519207113894
"ASV889","DESeq2",20.9088905367383,-1.71985433910232,3.27914789688904,-0.52448208900061,0.599943274264556,0.640716118146613,"deseq2",0.640716118146613,-1.71985433910232,FALSE,NA,NA,NA,NA,NA,NA,NA,NA,NA,NA,NA,NA,NA,FALSE,FALSE,FALSE,FALSE,FALSE,FALSE,0,FALSE,FALSE,FALSE,"DESeq2 only",0.00202066126139779,0.000702033612088658,"control",0.00202066126139779,"Bacteria","Proteobacteria","Gammaproteobacteria","Pseudomonadales","Oleiphilaceae","Oleiphilus",NA,"Oleiphilus",0.193334350560841
"ASV890","DESeq2",44.5147292346196,9.22177185274844,1.72797278320031,5.33675758229776,9.4623413756885e-08,4.95646453012255e-07,"deseq2",4.95646453012255e-07,9.22177185274844,TRUE,NA,NA,NA,NA,NA,NA,NA,NA,NA,NA,NA,NA,NA,TRUE,FALSE,FALSE,TRUE,TRUE,TRUE,3,TRUE,TRUE,TRUE,"DESeq2 + ALDEx2 + LEfSe",0,0.00885588138826406,"contrast",0.00885588138826406,"Bacteria","Bacteroidota","Bacteroidia","Flavobacteriales","Flavobacteriaceae","Lutimonas",NA,"Lutimonas",6.30482799741003
"ASV901","DESeq2",37.0269824491661,0.879012893851413,2.11064253119004,0.416466967220547,0.677068334176432,0.70261808263592,"deseq2",0.70261808263592,0.879012893851413,FALSE,NA,NA,NA,NA,NA,NA,NA,NA,NA,NA,NA,NA,NA,FALSE,FALSE,FALSE,FALSE,FALSE,TRUE,1,TRUE,TRUE,TRUE,"DESeq2 + ALDEx2 + LEfSe",0.00195717461632374,0.00399721414367523,"contrast",0.00399721414367523,"Bacteria","Bacteroidota","Bacteroidia","Flavobacteriales","Flavobacteriaceae","Aurantivirga",NA,"Aurantivirga",0.15328067736218
"ASV92","DESeq2",42.1114167942919,-8.60022553694977,2.24636352011278,-3.82851014982562,0.000128921315222343,0.000225100709118376,"deseq2",0.000225100709118376,-8.60022553694977,TRUE,NA,NA,NA,NA,NA,NA,NA,NA,NA,NA,NA,NA,NA,TRUE,FALSE,FALSE,TRUE,FALSE,TRUE,2,TRUE,TRUE,TRUE,"DESeq2 + ALDEx2 + LEfSe",0.00494468500669714,0,"control",0.00494468500669714,"Bacteria","Verrucomicrobiota","Verrucomicrobiae","Opitutales","Puniceicoccaceae","Coraliomargarita",NA,"Coraliomargarita",3.64762313687104
"ASV976","DESeq2",30.0250400439036,-2.82647914873005,1.68307169545767,-1.67935754392297,0.0930823823707895,0.11129415283464,"deseq2",0.11129415283464,-2.82647914873005,FALSE,NA,NA,NA,NA,NA,NA,NA,NA,NA,NA,NA,NA,NA,FALSE,FALSE,FALSE,FALSE,FALSE,FALSE,0,FALSE,FALSE,FALSE,"DESeq2 only",0.0032299277838701,0.000538971807628524,"control",0.0032299277838701,"Bacteria","Proteobacteria","Alphaproteobacteria","Sphingomonadales","Sphingomonadaceae","Erythrobacter",NA,"Erythrobacter",0.953527652002728
