"TaxaID","source","baseMean","log2FoldChange","lfcSE","stat","pvalue","padj","method","adjusted_p_value","score","significant","rab.all","rab.win.control","rab.win.pollution_cruise","diff.btw","diff.win","effect","overlap","we.ep","we.eBH","wi.ep","wi.eBH","Names","scores","significant_in_deseq2.x","significant_in_aldex2.x","significant_in_lefse.x","significant_in_deseq2.y","significant_in_aldex2.y","significant_in_lefse.y","n_methods","is_significant","significant_in_aldex2","significant_in_lefse","method_overlap","relab_control","relab_contrast","dominant_group","avg_relab","Kingdom","Phylum","Class","Order","Family","Genus","Species","tax_group","neg_log_p"
"ASV1","DESeq2",152.827218623191,-1.31322780426416,1.10702873083441,-1.185357035757,0.235876311392781,0.337584445663063,"deseq2",0.337584445663063,-1.31322780426416,FALSE,NA,NA,NA,NA,NA,NA,NA,NA,NA,NA,NA,NA,NA,FALSE,FALSE,FALSE,FALSE,FALSE,TRUE,1,TRUE,TRUE,TRUE,"DESeq2 + ALDEx2 + LEfSe",0.0329588503765482,0.0112604796178034,"control",0.0329588503765482,"Bacteria","Proteobacteria","Alphaproteobacteria","SAR11 clade","Clade I","Clade Ia",NA,"Clade Ia",0.471617571875537
"ASV100","DESeq2",32.3027548155583,5.41688807306413,2.05641647343094,2.96457132931264,0.00303104965666738,0.0115327743034173,"deseq2",0.0115327743034173,5.41688807306413,TRUE,NA,NA,NA,NA,NA,NA,NA,NA,NA,NA,NA,NA,NA,TRUE,FALSE,FALSE,TRUE,FALSE,FALSE,1,TRUE,TRUE,FALSE,"DESeq2 + ALDEx2",0,0.00298118173181843,"contrast",0.00298118173181843,"Bacteria","Proteobacteria","Alphaproteobacteria","Rhizobiales","Hyphomicrobiaceae","Hyphomicrobium",NA,"Hyphomicrobium",1.9380662070389
"ASV102","DESeq2",171.174012232023,5.02235238262097,1.8163626683295,2.90516323200764,0.00367061616689725,0.0130140027735448,"deseq2",0.0130140027735448,5.02235238262097,TRUE,NA,NA,NA,NA,NA,NA,NA,NA,NA,NA,NA,NA,NA,TRUE,FALSE,FALSE,TRUE,FALSE,TRUE,2,TRUE,TRUE,TRUE,"DESeq2 + ALDEx2 + LEfSe",0.000275377054736485,0.0264495835843845,"contrast",0.0264495835843845,"Bacteria","Bacteroidota","Bacteroidia","Flavobacteriales","NS9 marine group",NA,NA,NA,1.8855891050453
"ASV1030","DESeq2",7.41547196743981,-5.40892936054199,2.01859517651208,-2.57565447658507,0.0100050570444866,0.0265716828363819,"deseq2",0.0265716828363819,-5.40892936054199,TRUE,NA,NA,NA,NA,NA,NA,NA,NA,NA,NA,NA,NA,NA,TRUE,FALSE,FALSE,TRUE,TRUE,FALSE,2,TRUE,TRUE,FALSE,"DESeq2 + ALDEx2",0.00325825138696003,0,"control",0.00325825138696003,"Bacteria","Proteobacteria","Gammaproteobacteria","Enterobacterales","Alteromonadaceae","Aliiglaciecola",NA,"Aliiglaciecola",1.57558094000406
"ASV1035","DESeq2",3.2114065859821,3.9276944088248,2.20174510820574,1.5523145134486,0.120586986887719,0.19195479545392,"deseq2",0.19195479545392,3.9276944088248,FALSE,NA,NA,NA,NA,NA,NA,NA,NA,NA,NA,NA,NA,NA,FALSE,FALSE,FALSE,FALSE,FALSE,FALSE,0,FALSE,FALSE,FALSE,"DESeq2 only",0,0.00137382353757739,"contrast",0.00137382353757739,"Bacteria","Bacteroidota","Bacteroidia","Flavobacteriales","Crocinitomicaceae","Salinirepens",NA,"Salinirepens",0.716801033777569
"ASV104","DESeq2",16.9272460511423,0.941932372743874,2.01553023204098,0.474149520016548,0.635393287825423,0.728833477211515,"deseq2",0.728833477211515,0.941932372743874,FALSE,NA,NA,NA,NA,NA,NA,NA,NA,NA,NA,NA,NA,NA,FALSE,FALSE,FALSE,FALSE,FALSE,FALSE,0,FALSE,FALSE,FALSE,"DESeq2 only",0.00108867775138559,0.00231885568851456,"contrast",0.00231885568851456,"Bacteria","Bacteroidota","Bacteroidia","Flavobacteriales","Flavobacteriaceae","NS2b marine group",NA,"NS2b marine group",0.137371687305202
"ASV1063","DESeq2",6.12112384267408,3.97577782474846,2.19826328363466,1.81894345632405,0.0689200570451418,0.12907026899798,"deseq2",0.12907026899798,3.97577782474846,FALSE,NA,NA,NA,NA,NA,NA,NA,NA,NA,NA,NA,NA,NA,FALSE,FALSE,FALSE,FALSE,FALSE,FALSE,0,FALSE,FALSE,FALSE,"DESeq2 only",0,0.00209127716014304,"contrast",0.00209127716014304,"Bacteria","Planctomycetota","Planctomycetes","Pirellulales","Pirellulaceae","Pir4 lineage",NA,"Pir4 lineage",0.889173784822105
"ASV1093","DESeq2",18.1697058528311,4.58263771755442,2.13576340713293,2.47843957400348,0.0131958460685487,0.0321648747920874,"deseq2",0.0321648747920874,4.58263771755442,TRUE,NA,NA,NA,NA,NA,NA,NA,NA,NA,NA,NA,NA,NA,TRUE,FALSE,FALSE,TRUE,FALSE,FALSE,1,TRUE,TRUE,FALSE,"DESeq2 + ALDEx2",0,0.00157973520707314,"contrast",0.00157973520707314,"Bacteria","Planctomycetota","Planctomycetes","Pirellulales","Pirellulaceae","Rhodopirellula",NA,"Rhodopirellula",1.49261813483446
"ASV111","DESeq2",20.5302358779163,-1.65730740468456,2.16172224877785,-0.745686931090282,0.455856555652801,0.56439383080823,"deseq2",0.56439383080823,-1.65730740468456,FALSE,NA,NA,NA,NA,NA,NA,NA,NA,NA,NA,NA,NA,NA,FALSE,FALSE,FALSE,FALSE,FALSE,TRUE,1,TRUE,TRUE,TRUE,"DESeq2 + ALDEx2 + LEfSe",0.00598490996131337,0.000989609104403761,"control",0.00598490996131337,"Bacteria","Proteobacteria","Gammaproteobacteria","Pseudomonadales","SAR86 clade",NA,NA,NA,0.248417742012988
"ASV113","DESeq2",18.2401339352301,0.561774637248188,1.80197226125672,0.31302005986673,0.754265421866433,0.790017628141232,"deseq2",0.790017628141232,0.561774637248188,FALSE,NA,NA,NA,NA,NA,NA,NA,NA,NA,NA,NA,NA,NA,FALSE,FALSE,FALSE,FALSE,FALSE,FALSE,0,FALSE,FALSE,FALSE,"DESeq2 only",0.00158282548054872,0.00220752277443459,"contrast",0.00220752277443459,"Bacteria","Cyanobacteria","Cyanobacteriia","Synechococcales","Cyanobiaceae","Cyanobium PCC-6307",NA,"Cyanobium PCC-6307",0.102363217925953
"ASV1133","DESeq2",14.6968322692807,-6.36135083416896,1.94327037790407,-3.15933670877266,0.00158128684504553,0.0097136931179639,"deseq2",0.0097136931179639,-6.36135083416896,TRUE,NA,NA,NA,NA,NA,NA,NA,NA,NA,NA,NA,NA,NA,TRUE,FALSE,FALSE,TRUE,TRUE,FALSE,2,TRUE,TRUE,FALSE,"DESeq2 + ALDEx2",0.00645860311179179,0,"control",0.00645860311179179,"Bacteria","Bacteroidota","Bacteroidia","Flavobacteriales","Flavobacteriaceae","Aurantivirga",NA,"Aurantivirga",2.01261562119242
"ASV1139","DESeq2",43.111744058305,6.6623317560123,1.89639587095646,3.64159602113195,0.000270953026862368,0.0030191908707521,"deseq2",0.0030191908707521,6.6623317560123,TRUE,NA,NA,NA,NA,NA,NA,NA,NA,NA,NA,NA,NA,NA,TRUE,FALSE,FALSE,TRUE,TRUE,FALSE,2,TRUE,TRUE,FALSE,"DESeq2 + ALDEx2",0,0.00643238862100182,"contrast",0.00643238862100182,"Bacteria","Proteobacteria","Gammaproteobacteria","Enterobacterales","Alteromonadaceae","Rheinheimera",NA,"Rheinheimera",2.52010943037071
"ASV1147","DESeq2",23.7280292126369,5.86476228699071,1.95999244059257,3.12991160000063,0.00174858914858686,0.0097136931179639,"deseq2",0.0097136931179639,5.86476228699071,TRUE,NA,NA,NA,NA,NA,NA,NA,NA,NA,NA,NA,NA,NA,TRUE,FALSE,FALSE,TRUE,FALSE,FALSE,1,TRUE,TRUE,FALSE,"DESeq2 + ALDEx2",0,0.00333935406087206,"contrast",0.00333935406087206,"Bacteria","Bacteroidota","Bacteroidia","Flavobacteriales","NS9 marine group",NA,NA,NA,2.01261562119242
"ASV1152","DESeq2",20.2381298205483,5.25423313991884,2.06089248514543,2.75727879646738,0.00582846335291586,0.0178282408442132,"deseq2",0.0178282408442132,5.25423313991884,TRUE,NA,NA,NA,NA,NA,NA,NA,NA,NA,NA,NA,NA,NA,TRUE,FALSE,FALSE,TRUE,FALSE,FALSE,1,TRUE,TRUE,FALSE,"DESeq2 + ALDEx2",0,0.00314967215438348,"contrast",0.00314967215438348,"Bacteria","Bacteroidota","Bacteroidia","Chitinophagales","Saprospiraceae","Aureispira",NA,"Aureispira",1.74889150760099
"ASV1157","DESeq2",25.2841405568014,3.61278737332191,1.78552700724643,2.07845901720683,0.0376671018330595,0.074637066021691,"deseq2",0.074637066021691,3.61278737332191,FALSE,NA,NA,NA,NA,NA,NA,NA,NA,NA,NA,NA,NA,NA,FALSE,FALSE,FALSE,FALSE,FALSE,FALSE,0,FALSE,FALSE,FALSE,"DESeq2 only",0.000197941409342835,0.00359936781598276,"contrast",0.00359936781598276,"Bacteria","Bacteroidota","Bacteroidia","Chitinophagales","Saprospiraceae","Aureispira",NA,"Aureispira",1.12704544101442
"ASV1161","DESeq2",41.4383277777423,5.52069127210613,2.0488955685854,3.09134013553354,0.00199255243445413,0.0097136931179639,"deseq2",0.0097136931179639,5.52069127210613,TRUE,NA,NA,NA,NA,NA,NA,NA,NA,NA,NA,NA,NA,NA,TRUE,FALSE,FALSE,TRUE,FALSE,FALSE,1,TRUE,TRUE,FALSE,"DESeq2 + ALDEx2",0,0.00399292409603996,"contrast",0.00399292409603996,"Bacteria","Actinobacteriota","Actinobacteria","Micrococcales","Microbacteriaceae","Microbacterium",NA,"Microbacterium",2.01261562119242
"ASV118","DESeq2",30.0637582402464,1.12548960779289,1.70992176064543,0.662053086112927,0.507937200470394,0.607987696572977,"deseq2",0.607987696572977,1.12548960779289,FALSE,NA,NA,NA,NA,NA,NA,NA,NA,NA,NA,NA,NA,NA,FALSE,FALSE,FALSE,FALSE,FALSE,FALSE,0,FALSE,FALSE,FALSE,"DESeq2 only",0.00175573540634172,0.00535646179624746,"contrast",0.00535646179624746,"Bacteria","Bacteroidota","Bacteroidia","Flavobacteriales","Flavobacteriaceae","NS4 marine group",NA,"NS4 marine group",0.216105209155766
"ASV1194","DESeq2",11.7103122404988,-6.02393524286859,1.9774331950594,-2.9334668238917,0.00335199475722265,0.012160725165738,"deseq2",0.012160725165738,-6.02393524286859,TRUE,NA,NA,NA,NA,NA,NA,NA,NA,NA,NA,NA,NA,NA,TRUE,FALSE,FALSE,TRUE,TRUE,FALSE,2,TRUE,TRUE,FALSE,"DESeq2 + ALDEx2",0.00512642473358222,0,"control",0.00512642473358222,"Bacteria","Bacteroidota","Bacteroidia","Flavobacteriales","Flavobacteriaceae",NA,NA,NA,1.91504052653629
"ASV120","DESeq2",161.991562005818,5.15123411148706,1.71199354165167,3.09762710252,0.00195076722759416,0.0097136931179639,"deseq2",0.0097136931179639,5.15123411148706,TRUE,NA,NA,NA,NA,NA,NA,NA,NA,NA,NA,NA,NA,NA,TRUE,FALSE,FALSE,TRUE,FALSE,TRUE,2,TRUE,TRUE,TRUE,"DESeq2 + ALDEx2 + LEfSe",0.000300232433829604,0.0233410119553005,"contrast",0.0233410119553005,"Bacteria","Planctomycetota","Planctomycetes","Pirellulales","Pirellulaceae","Rubripirellula",NA,"Rubripirellula",2.01261562119242
"ASV1218","DESeq2",11.1186304609186,-4.50822306504464,1.96353389532897,-2.22124254654494,0.0263345379054217,0.0547758388432772,"deseq2",0.0547758388432772,-4.50822306504464,FALSE,NA,NA,NA,NA,NA,NA,NA,NA,NA,NA,NA,NA,NA,FALSE,FALSE,FALSE,FALSE,TRUE,TRUE,2,TRUE,TRUE,TRUE,"DESeq2 + ALDEx2 + LEfSe",0.00451800899342625,8.9461442118447e-05,"control",0.00451800899342625,"Bacteria","Bacteroidota","Bacteroidia","Flavobacteriales","Flavobacteriaceae","Aureicoccus","marinus","Aureicoccus",1.26141096288242
"ASV123","DESeq2",6.23752094081957,3.87510973985453,2.20558236284738,1.82690800197585,0.0677136029239365,0.128821000684562,"deseq2",0.128821000684562,3.87510973985453,FALSE,NA,NA,NA,NA,NA,NA,NA,NA,NA,NA,NA,NA,NA,FALSE,FALSE,FALSE,FALSE,FALSE,FALSE,0,FALSE,FALSE,FALSE,"DESeq2 only",0,0.00305062976648851,"contrast",0.00305062976648851,"Bacteria","Bacteroidota","Bacteroidia","Flavobacteriales","Flavobacteriaceae","NS4 marine group",NA,"NS4 marine group",0.890013331557258
"ASV1232","DESeq2",9.69451954125554,-5.45512295992504,2.12980206631498,-2.41783073013815,0.0156133380186583,0.0352997207378362,"deseq2",0.0352997207378362,-5.45512295992504,TRUE,NA,NA,NA,NA,NA,NA,NA,NA,NA,NA,NA,NA,NA,TRUE,FALSE,FALSE,TRUE,FALSE,FALSE,1,TRUE,TRUE,FALSE,"DESeq2 + ALDEx2",0.00436006961258227,0,"control",0.00436006961258227,"Bacteria","Bacteroidota","Bacteroidia","Flavobacteriales","Flavobacteriaceae",NA,NA,NA,1.45222873037695
"ASV1233","DESeq2",12.0929497479875,-6.1164107211142,1.95001483806399,-3.02844358962976,0.00245816965572627,0.0106520685081472,"deseq2",0.0106520685081472,-6.1164107211142,TRUE,NA,NA,NA,NA,NA,NA,NA,NA,NA,NA,NA,NA,NA,TRUE,FALSE,FALSE,TRUE,TRUE,FALSE,2,TRUE,TRUE,FALSE,"DESeq2 + ALDEx2",0.0054230284346084,0,"control",0.0054230284346084,"Bacteria","Proteobacteria","Gammaproteobacteria","Enterobacterales","Alteromonadaceae",NA,NA,NA,1.9725660490849
"ASV1252","DESeq2",23.5756564617085,5.33893060091033,2.06005260022398,2.82663251663356,0.00470402762225402,0.0154615001452794,"deseq2",0.0154615001452794,5.33893060091033,TRUE,NA,NA,NA,NA,NA,NA,NA,NA,NA,NA,NA,NA,NA,TRUE,FALSE,FALSE,TRUE,FALSE,FALSE,1,TRUE,TRUE,FALSE,"DESeq2 + ALDEx2",0,0.00366483279817396,"contrast",0.00366483279817396,"Bacteria","Bacteroidota","Bacteroidia","Flavobacteriales","Crocinitomicaceae","Salinirepens",NA,"Salinirepens",1.8107483711415
"ASV1253","DESeq2",12.2502425451755,-6.13600542424505,1.94791300789783,-3.04179954957688,0.00235168443392702,0.0104817934769319,"deseq2",0.0104817934769319,-6.13600542424505,TRUE,NA,NA,NA,NA,NA,NA,NA,NA,NA,NA,NA,NA,NA,TRUE,FALSE,FALSE,TRUE,TRUE,FALSE,2,TRUE,TRUE,FALSE,"DESeq2 + ALDEx2",0.00545809837927336,0,"control",0.00545809837927336,"Bacteria","Proteobacteria","Gammaproteobacteria","Arenicellales","Arenicellaceae","Arenicella",NA,"Arenicella",1.97956440146537
"ASV127","DESeq2",1.512323474168,3.99712968449904,2.19672898913618,1.21558978725769,0.224141226497767,0.323759549385664,"deseq2",0.323759549385664,3.99712968449904,FALSE,NA,NA,NA,NA,NA,NA,NA,NA,NA,NA,NA,NA,NA,FALSE,FALSE,FALSE,FALSE,FALSE,FALSE,0,FALSE,FALSE,FALSE,"DESeq2 only",0,0.00799890630617246,"contrast",0.00799890630617246,"Bacteria","Proteobacteria","Alphaproteobacteria","Caulobacterales","Hyphomonadaceae","Maricaulis",NA,"Maricaulis",0.489777413074903
"ASV13","DESeq2",45.0792359408135,-0.975403360341978,1.66080266555134,-0.585154319143825,0.558443957460619,0.650128786297437,"deseq2",0.650128786297437,-0.975403360341978,FALSE,NA,NA,NA,NA,NA,NA,NA,NA,NA,NA,NA,NA,NA,FALSE,FALSE,FALSE,FALSE,FALSE,TRUE,1,TRUE,TRUE,TRUE,"DESeq2 + ALDEx2 + LEfSe",0.00915929924084153,0.00313886164571568,"control",0.00915929924084153,"Bacteria","Proteobacteria","Alphaproteobacteria","SAR11 clade","Clade I","Clade Ib",NA,"Clade Ib",0.187000603913831
"ASV1327","DESeq2",4.99552135597215,3.9091182284336,2.20309721831493,1.73708130722413,0.0823728203180008,0.141210549116573,"deseq2",0.141210549116573,3.9091182284336,FALSE,NA,NA,NA,NA,NA,NA,NA,NA,NA,NA,NA,NA,NA,FALSE,FALSE,FALSE,FALSE,FALSE,FALSE,0,FALSE,FALSE,FALSE,"DESeq2 only",0,0.00223165653442035,"contrast",0.00223165653442035,"Bacteria","Actinobacteriota","Actinobacteria","Micrococcales","Microbacteriaceae","Microbacterium",NA,"Microbacterium",0.850132858156842
"ASV1328","DESeq2",10.5654860436796,-5.89224919276986,1.98211158976399,-2.86322463843339,0.00419353137483284,0.0145375754327538,"deseq2",0.0145375754327538,-5.89224919276986,TRUE,NA,NA,NA,NA,NA,NA,NA,NA,NA,NA,NA,NA,NA,TRUE,FALSE,FALSE,TRUE,TRUE,FALSE,2,TRUE,TRUE,FALSE,"DESeq2 + ALDEx2",0.00482684466345141,0,"control",0.00482684466345141,"Bacteria","Proteobacteria","Alphaproteobacteria","Rhodobacterales","Rhodobacteraceae",NA,NA,NA,1.83750801878499
"ASV1334","DESeq2",6.88202134723854,-5.29892380474873,2.03026810989318,-2.50665738011699,0.0121878786724552,0.0301795090936986,"deseq2",0.0301795090936986,-5.29892380474873,TRUE,NA,NA,NA,NA,NA,NA,NA,NA,NA,NA,NA,NA,NA,TRUE,FALSE,FALSE,TRUE,TRUE,FALSE,2,TRUE,TRUE,FALSE,"DESeq2 + ALDEx2",0.00303419663710719,0,"control",0.00303419663710719,"Bacteria","Proteobacteria","Gammaproteobacteria","Pseudomonadales","Spongiibacteraceae","Dasania",NA,"Dasania",1.52028782882921
"ASV136","DESeq2",13.1067747628264,4.4306168928201,2.14851137386844,2.31550922613223,0.0205850802326281,0.0446010071706942,"deseq2",0.0446010071706942,4.4306168928201,TRUE,NA,NA,NA,NA,NA,NA,NA,NA,NA,NA,NA,NA,NA,TRUE,FALSE,FALSE,TRUE,FALSE,FALSE,1,TRUE,TRUE,FALSE,"DESeq2 + ALDEx2",0,0.00321415938716325,"contrast",0.00321415938716325,"Bacteria","Proteobacteria","Gammaproteobacteria","Pseudomonadales","KI89A clade",NA,NA,NA,1.3506553340292
"ASV138","DESeq2",49.9898054062951,6.9586395177035,1.86052235770258,3.84573181658081,0.000120193168353679,0.00222137585783641,"deseq2",0.00222137585783641,6.9586395177035,TRUE,NA,NA,NA,NA,NA,NA,NA,NA,NA,NA,NA,NA,NA,TRUE,FALSE,FALSE,TRUE,TRUE,FALSE,2,TRUE,TRUE,FALSE,"DESeq2 + ALDEx2",0,0.006946663502841,"contrast",0.006946663502841,"Bacteria","Verrucomicrobiota","Verrucomicrobiae","Verrucomicrobiales","DEV007",NA,NA,NA,2.65337795240425
"ASV1390","DESeq2",25.2255862094058,6.275044514628,1.87744902120957,3.42107077951553,0.000623750966449661,0.00546840345340104,"deseq2",0.00546840345340104,6.275044514628,TRUE,NA,NA,NA,NA,NA,NA,NA,NA,NA,NA,NA,NA,NA,TRUE,FALSE,FALSE,TRUE,TRUE,FALSE,2,TRUE,TRUE,FALSE,"DESeq2 + ALDEx2",0,0.00362033033214944,"contrast",0.00362033033214944,"Bacteria","Bdellovibrionota","Bdellovibrionia","Bdellovibrionales","Bdellovibrionaceae","OM27 clade",NA,"OM27 clade",2.26213945110459
"ASV1407","DESeq2",17.2887642556248,4.51811439808566,2.1419848650824,2.44006774378492,0.0146845078987994,0.0341907945106374,"deseq2",0.0341907945106374,4.51811439808566,TRUE,NA,NA,NA,NA,NA,NA,NA,NA,NA,NA,NA,NA,NA,TRUE,FALSE,FALSE,TRUE,FALSE,FALSE,1,TRUE,TRUE,FALSE,"DESeq2 + ALDEx2",0,0.00278752508787013,"contrast",0.00278752508787013,"Bacteria","Proteobacteria","Alphaproteobacteria","Rickettsiales","Fokiniaceae","MD3-55",NA,"MD3-55",1.46609080714209
"ASV141","DESeq2",6.23120991277953,-2.38924696316554,1.9965159461368,-1.84088306425588,0.0656386967402549,0.127995458643497,"deseq2",0.127995458643497,-2.38924696316554,FALSE,NA,NA,NA,NA,NA,NA,NA,NA,NA,NA,NA,NA,NA,FALSE,FALSE,FALSE,FALSE,TRUE,FALSE,1,TRUE,TRUE,FALSE,"DESeq2 + ALDEx2",0.00260779967750312,0.000157035175879397,"control",0.00260779967750312,"Bacteria","Cyanobacteria","Cyanobacteriia","Synechococcales","Cyanobiaceae","Synechococcus CC9902",NA,"Synechococcus CC9902",0.892805439110398
"ASV1415","DESeq2",10.1200559200934,-5.85320518345467,1.97660330565978,-2.85448770860767,0.00431062997069805,0.0146186581614977,"deseq2",0.0146186581614977,-5.85320518345467,TRUE,NA,NA,NA,NA,NA,NA,NA,NA,NA,NA,NA,NA,NA,TRUE,FALSE,FALSE,TRUE,TRUE,FALSE,2,TRUE,TRUE,FALSE,"DESeq2 + ALDEx2",0.00459277392996912,0,"control",0.00459277392996912,"Bacteria","Proteobacteria","Alphaproteobacteria","Rhodobacterales","Rhodobacteraceae","Yoonia-Loktanella",NA,"Yoonia-Loktanella",1.8350924891977
"ASV1430","DESeq2",21.4160205122304,5.65671270216406,1.98688931748536,2.99801936672388,0.0027174040452705,0.0111556587121631,"deseq2",0.0111556587121631,5.65671270216406,TRUE,NA,NA,NA,NA,NA,NA,NA,NA,NA,NA,NA,NA,NA,TRUE,FALSE,FALSE,TRUE,FALSE,FALSE,1,TRUE,TRUE,FALSE,"DESeq2 + ALDEx2",0,0.00333552052943908,"contrast",0.00333552052943908,"Bacteria","Bacteroidota","Bacteroidia","Flavobacteriales","Crocinitomicaceae",NA,NA,NA,1.95250478068167
"ASV1481","DESeq2",22.522434902582,5.74571310200297,1.97624186250545,3.05408618214668,0.00225747219469076,0.0103578135991694,"deseq2",0.0103578135991694,5.74571310200297,TRUE,NA,NA,NA,NA,NA,NA,NA,NA,NA,NA,NA,NA,NA,TRUE,FALSE,FALSE,TRUE,FALSE,FALSE,1,TRUE,TRUE,FALSE,"DESeq2 + ALDEx2",0,0.00259183305329579,"contrast",0.00259183305329579,"Bacteria","Bacteroidota","Bacteroidia","Flavobacteriales","Flavobacteriaceae","Mesoflavibacter",NA,"Mesoflavibacter",1.9847319088791
"ASV1498","DESeq2",6.50819723027716,-5.20894819893957,2.04157168056847,-2.44867254862673,0.0143383734366703,0.0338907008503116,"deseq2",0.0338907008503116,-5.20894819893957,TRUE,NA,NA,NA,NA,NA,NA,NA,NA,NA,NA,NA,NA,NA,TRUE,FALSE,FALSE,TRUE,TRUE,FALSE,2,TRUE,TRUE,FALSE,"DESeq2 + ALDEx2",0.00295822325786239,0,"control",0.00295822325786239,"Bacteria","Proteobacteria","Gammaproteobacteria","Pseudomonadales","Marinobacteraceae","Marinobacter","guineae","Marinobacter",1.4699194499801
"ASV1510","DESeq2",9.04309002059784,-5.69608838265197,1.98945300412211,-2.7580026534065,0.00581557258509187,0.0178282408442132,"deseq2",0.0178282408442132,-5.69608838265197,TRUE,NA,NA,NA,NA,NA,NA,NA,NA,NA,NA,NA,NA,NA,TRUE,FALSE,FALSE,TRUE,TRUE,FALSE,2,TRUE,TRUE,FALSE,"DESeq2 + ALDEx2",0.00405578148810098,0,"control",0.00405578148810098,"Bacteria","Proteobacteria","Alphaproteobacteria","Rhodobacterales","Rhodobacteraceae","Yoonia-Loktanella",NA,"Yoonia-Loktanella",1.74889150760099
"ASV160","DESeq2",31.1879175096517,-2.25923862863745,1.75015230738448,-1.27815853274788,0.201193533973409,0.298916107617636,"deseq2",0.298916107617636,-2.25923862863745,FALSE,NA,NA,NA,NA,NA,NA,NA,NA,NA,NA,NA,NA,NA,FALSE,FALSE,FALSE,FALSE,TRUE,TRUE,2,TRUE,TRUE,TRUE,"DESeq2 + ALDEx2 + LEfSe",0.00975858915422139,0.0011289632121387,"control",0.00975858915422139,"Bacteria","Bacteroidota","Bacteroidia","Flavobacteriales","Flavobacteriaceae","Polaribacter","dokdonensis","Polaribacter",0.524450681611868
"ASV1616","DESeq2",2.21014904809197,4.01030478660898,2.19577930246674,1.38742789612377,0.165311323550925,0.252829083077885,"deseq2",0.252829083077885,4.01030478660898,FALSE,NA,NA,NA,NA,NA,NA,NA,NA,NA,NA,NA,NA,NA,FALSE,FALSE,FALSE,FALSE,FALSE,FALSE,0,FALSE,FALSE,FALSE,"DESeq2 only",0,0.00267828775742406,"contrast",0.00267828775742406,"Bacteria","Proteobacteria","Gammaproteobacteria","Enterobacterales","Shewanellaceae","Shewanella",NA,"Shewanella",0.597172970366866
"ASV1638","DESeq2",18.3340549951962,5.5845807735435,1.97482510993176,2.95602273727534,0.00311634116490165,0.0115749814696347,"deseq2",0.0115749814696347,5.5845807735435,TRUE,NA,NA,NA,NA,NA,NA,NA,NA,NA,NA,NA,NA,NA,TRUE,FALSE,FALSE,TRUE,FALSE,FALSE,1,TRUE,TRUE,FALSE,"DESeq2 + ALDEx2",0,0.00279127702130638,"contrast",0.00279127702130638,"Bacteria","Bacteroidota","Bacteroidia","Chitinophagales","Saprospiraceae","Aureispira",NA,"Aureispira",1.93647969557064
"ASV169","DESeq2",32.7218592168782,-0.473106735317903,1.92491796908586,-0.244711314327444,0.806679966795809,0.833391223974478,"deseq2",0.833391223974478,-0.473106735317903,FALSE,NA,NA,NA,NA,NA,NA,NA,NA,NA,NA,NA,NA,NA,FALSE,FALSE,FALSE,FALSE,FALSE,FALSE,0,FALSE,FALSE,FALSE,"DESeq2 only",0.00530217482913785,0.00319395045825576,"control",0.00530217482913785,"Bacteria","Proteobacteria","Gammaproteobacteria","Enterobacterales","Colwelliaceae","Thalassotalea","eurytherma","Thalassotalea",0.0791510771923058
"ASV1733","DESeq2",8.82981301279829,-5.66279094872907,1.99220254302314,-2.73768082778334,0.00618740936230659,0.0185622280869198,"deseq2",0.0185622280869198,-5.66279094872907,TRUE,NA,NA,NA,NA,NA,NA,NA,NA,NA,NA,NA,NA,NA,TRUE,FALSE,FALSE,TRUE,TRUE,FALSE,2,TRUE,TRUE,FALSE,"DESeq2 + ALDEx2",0.00397575379457161,0,"control",0.00397575379457161,"Bacteria","Proteobacteria","Alphaproteobacteria","Rhodobacterales","Rhodobacteraceae","Tateyamaria",NA,"Tateyamaria",1.73136989515502
"ASV175","DESeq2",57.515482425148,-2.66442562805065,2.0560717985985,-1.25976188440959,0.207755273500986,0.305753044020319,"deseq2",0.305753044020319,-2.66442562805065,FALSE,NA,NA,NA,NA,NA,NA,NA,NA,NA,NA,NA,NA,NA,FALSE,FALSE,FALSE,FALSE,TRUE,TRUE,2,TRUE,TRUE,TRUE,"DESeq2 + ALDEx2 + LEfSe",0.0201835129798666,0.000954773869346734,"control",0.0201835129798666,"Bacteria","Proteobacteria","Gammaproteobacteria","Enterobacterales","Colwelliaceae","Colwellia",NA,"Colwellia",0.514629210515237
"ASV178","DESeq2",31.825648755687,2.87374601187485,1.6649609912202,1.7429707575523,0.081338722935977,0.140987119755693,"deseq2",0.140987119755693,2.87374601187485,FALSE,NA,NA,NA,NA,NA,NA,NA,NA,NA,NA,NA,NA,NA,FALSE,FALSE,FALSE,FALSE,FALSE,TRUE,1,TRUE,TRUE,TRUE,"DESeq2 + ALDEx2 + LEfSe",0.000455857443837565,0.004474573935367,"contrast",0.004474573935367,"Bacteria","Bacteroidota","Bacteroidia","Flavobacteriales","NS9 marine group",NA,NA,NA,0.850820561632132
"ASV180","DESeq2",59.5203652907113,0.169165373708856,1.83124036046582,0.0924929662600011,0.926306379378439,0.932282549567977,"deseq2",0.932282549567977,0.169165373708856,FALSE,NA,NA,NA,NA,NA,NA,NA,NA,NA,NA,NA,NA,NA,FALSE,FALSE,FALSE,FALSE,FALSE,FALSE,0,FALSE,FALSE,FALSE,"DESeq2 only",0.00651120882563335,0.00541635706230324,"control",0.00651120882563335,"Bacteria","Proteobacteria","Gammaproteobacteria","Enterobacterales","Pseudoalteromonadaceae","Pseudoalteromonas",NA,"Pseudoalteromonas",0.030452444811938
"ASV1836","DESeq2",11.4620670265761,-5.7121792614171,2.10498158229659,-2.5682996162645,0.010219878013993,0.0265716828363819,"deseq2",0.0265716828363819,-5.7121792614171,TRUE,NA,NA,NA,NA,NA,NA,NA,NA,NA,NA,NA,NA,NA,TRUE,FALSE,FALSE,TRUE,FALSE,FALSE,1,TRUE,TRUE,FALSE,"DESeq2 + ALDEx2",0.00475929225851361,0,"control",0.00475929225851361,"Bacteria","Proteobacteria","Gammaproteobacteria","Pseudomonadales","Alcanivoracaceae1","Alcanivorax",NA,"Alcanivorax",1.57558094000406
"ASV192","DESeq2",22.5665359718027,0.663032553679468,1.81225800899604,0.36761889494603,0.713157423845409,0.76200382273893,"deseq2",0.76200382273893,0.663032553679468,FALSE,NA,NA,NA,NA,NA,NA,NA,NA,NA,NA,NA,NA,NA,FALSE,FALSE,FALSE,FALSE,FALSE,FALSE,0,FALSE,FALSE,FALSE,"DESeq2 only",0.00173805035661656,0.00271411397099114,"contrast",0.00271411397099114,"Bacteria","Bacteroidota","Bacteroidia","Flavobacteriales","Flavobacteriaceae","NS2b marine group",NA,"NS2b marine group",0.118042849933026
"ASV1924","DESeq2",25.034801135462,5.77954393604332,1.9876950438301,3.07322307172898,0.00211760128671913,0.010010478809945,"deseq2",0.010010478809945,5.77954393604332,TRUE,NA,NA,NA,NA,NA,NA,NA,NA,NA,NA,NA,NA,NA,TRUE,FALSE,FALSE,TRUE,FALSE,FALSE,1,TRUE,TRUE,FALSE,"DESeq2 + ALDEx2",0,0.00361892200770231,"contrast",0.00361892200770231,"Bacteria","Bacteroidota","Bacteroidia","Flavobacteriales","Flavobacteriaceae",NA,NA,NA,1.99954514933948
"ASV2","DESeq2",16.1556714538982,-0.575934483355816,1.84939955918191,-0.92894736910719,0.352916362567465,0.466567394580717,"deseq2",0.466567394580717,-0.575934483355816,FALSE,NA,NA,NA,NA,NA,NA,NA,NA,NA,NA,NA,NA,NA,FALSE,FALSE,FALSE,FALSE,TRUE,FALSE,1,TRUE,TRUE,FALSE,"DESeq2 + ALDEx2",0.00446230148378429,0.0018234786948248,"control",0.00446230148378429,"Bacteria","Cyanobacteria","Cyanobacteriia","Synechococcales","Cyanobiaceae","Prochlorococcus MIT9313","marinus","Prochlorococcus MIT9313",0.331085614553093
"ASV20","DESeq2",28.8483477781752,-1.44872449384464,1.47255838483001,-0.980925183317294,0.326629637646369,0.4392605471796,"deseq2",0.4392605471796,-1.44872449384464,FALSE,NA,NA,NA,NA,NA,NA,NA,NA,NA,NA,NA,NA,NA,FALSE,FALSE,FALSE,FALSE,FALSE,TRUE,1,TRUE,TRUE,TRUE,"DESeq2 + ALDEx2 + LEfSe",0.00676687792174908,0.00204517498374356,"control",0.00676687792174908,"Bacteria","Proteobacteria","Alphaproteobacteria","SAR11 clade","Clade I","Clade Ia",NA,"Clade Ia",0.357277801769135
"ASV201","DESeq2",49.6902761907762,6.35606548648096,1.96850277321193,3.46231070667705,0.00053555849672961,0.0052216953431137,"deseq2",0.0052216953431137,6.35606548648096,TRUE,NA,NA,NA,NA,NA,NA,NA,NA,NA,NA,NA,NA,NA,TRUE,FALSE,FALSE,TRUE,TRUE,FALSE,2,TRUE,TRUE,FALSE,"DESeq2 + ALDEx2",0,0.00525298602782887,"contrast",0.00525298602782887,"Bacteria","Planctomycetota","OM190",NA,NA,NA,NA,NA,2.2821884704419
"ASV2080","DESeq2",19.1466419298678,6.01616406579267,1.88034703936377,3.26454243132527,0.00109641039485504,0.00777454643624483,"deseq2",0.00777454643624483,6.01616406579267,TRUE,NA,NA,NA,NA,NA,NA,NA,NA,NA,NA,NA,NA,NA,TRUE,FALSE,FALSE,TRUE,TRUE,FALSE,2,TRUE,TRUE,FALSE,"DESeq2 + ALDEx2",0,0.0025177992652052,"contrast",0.0025177992652052,"Bacteria","Myxococcota","Polyangia","Polyangiales","Sandaracinaceae",NA,NA,NA,2.10932493811872
"ASV21","DESeq2",14.7695838226436,-0.736781662433918,1.88266008896787,-0.389239769650703,0.697098786631815,0.751689132349407,"deseq2",0.751689132349407,-0.736781662433918,FALSE,NA,NA,NA,NA,NA,NA,NA,NA,NA,NA,NA,NA,NA,FALSE,FALSE,FALSE,FALSE,FALSE,FALSE,0,FALSE,FALSE,FALSE,"DESeq2 only",0.0027272770149873,0.00126521215764076,"control",0.0027272770149873,"Bacteria","Proteobacteria","Alphaproteobacteria","Rhodospirillales","AEGEAN-169 marine group",NA,NA,NA,0.123961728581631
"ASV2137","DESeq2",15.3529952906359,1.00386687106351,1.93104028187036,0.525585086338209,0.59917652098361,0.69238175758106,"deseq2",0.69238175758106,1.00386687106351,FALSE,NA,NA,NA,NA,NA,NA,NA,NA,NA,NA,NA,NA,NA,FALSE,FALSE,FALSE,FALSE,FALSE,FALSE,0,FALSE,FALSE,FALSE,"DESeq2 only",0.000897327680279642,0.00147104162913737,"contrast",0.00147104162913737,"Bacteria","Proteobacteria","Gammaproteobacteria","Pseudomonadales","Nitrincolaceae",NA,NA,NA,0.159654383151136
"ASV223","DESeq2",26.9079273029144,-7.21402677176981,1.88019962580854,-3.71386401849549,0.000204118502582657,0.0030191908707521,"deseq2",0.0030191908707521,-7.21402677176981,TRUE,NA,NA,NA,NA,NA,NA,NA,NA,NA,NA,NA,NA,NA,TRUE,FALSE,FALSE,TRUE,TRUE,FALSE,2,TRUE,TRUE,FALSE,"DESeq2 + ALDEx2",0.0118902614101523,0,"control",0.0118902614101523,"Bacteria","Proteobacteria","Gammaproteobacteria","Pseudomonadales","Cellvibrionaceae","Aestuariicella",NA,"Aestuariicella",2.52010943037071
"ASV23","DESeq2",73.5977246156317,8.29546297317085,1.61800445607617,5.08498940133687,3.67646598601404e-07,1.9117623127273e-05,"deseq2",1.9117623127273e-05,8.29546297317085,TRUE,NA,NA,NA,NA,NA,NA,NA,NA,NA,NA,NA,NA,NA,TRUE,FALSE,FALSE,TRUE,TRUE,FALSE,2,TRUE,TRUE,FALSE,"DESeq2 + ALDEx2",0,0.00933629656032153,"contrast",0.00933629656032153,"Bacteria","Proteobacteria","Alphaproteobacteria","Sphingomonadales","Sphingomonadaceae","Sphingobium",NA,"Sphingobium",4.71856610405139
"ASV2303","DESeq2",9.75139347668355,-5.46412070364049,2.12931450803757,-2.42218699557747,0.0154274096549986,0.0352997207378362,"deseq2",0.0352997207378362,-5.46412070364049,TRUE,NA,NA,NA,NA,NA,NA,NA,NA,NA,NA,NA,NA,NA,TRUE,FALSE,FALSE,TRUE,FALSE,FALSE,1,TRUE,TRUE,FALSE,"DESeq2 + ALDEx2",0.00420326117277115,0,"control",0.00420326117277115,"Bacteria","Bacteroidota","Bacteroidia","Flavobacteriales","Flavobacteriaceae","Winogradskyella",NA,"Winogradskyella",1.45222873037695
"ASV236","DESeq2",41.7425783258753,-2.30425615059625,2.07867694182163,-1.07873396789001,0.280706338587668,0.384124463330494,"deseq2",0.384124463330494,-2.30425615059625,FALSE,NA,NA,NA,NA,NA,NA,NA,NA,NA,NA,NA,NA,NA,FALSE,FALSE,FALSE,FALSE,FALSE,TRUE,1,TRUE,TRUE,TRUE,"DESeq2 + ALDEx2 + LEfSe",0.0134912869552687,0.00101574305091893,"control",0.0134912869552687,"Bacteria","Bacteroidota","Bacteroidia","Flavobacteriales","Flavobacteriaceae","Aurantivirga",NA,"Aurantivirga",0.415528033498384
"ASV24","DESeq2",79.0834843582168,-8.57999212510095,1.85547936816835,-4.46624939595983,7.96028085829397e-06,0.000206967302315643,"deseq2",0.000206967302315643,-8.57999212510095,TRUE,NA,NA,NA,NA,NA,NA,NA,NA,NA,NA,NA,NA,NA,TRUE,FALSE,FALSE,TRUE,TRUE,FALSE,2,TRUE,TRUE,FALSE,"DESeq2 + ALDEx2",0.0353401887892061,0,"control",0.0353401887892061,"Bacteria","Proteobacteria","Alphaproteobacteria","Rhodobacterales","Rhodobacteraceae","Pseudophaeobacter",NA,"Pseudophaeobacter",3.68409826104334
"ASV246","DESeq2",112.165402542242,7.44651085285415,1.87982877720215,4.1800319607391,2.91468127850355e-05,0.000649557542066505,"deseq2",0.000649557542066505,7.44651085285415,TRUE,NA,NA,NA,NA,NA,NA,NA,NA,NA,NA,NA,NA,NA,TRUE,FALSE,FALSE,TRUE,TRUE,FALSE,2,TRUE,TRUE,FALSE,"DESeq2 + ALDEx2",0,0.0163656499965809,"contrast",0.0163656499965809,"Bacteria","Proteobacteria","Gammaproteobacteria","Enterobacterales","Vibrionaceae","Vibrio",NA,"Vibrio",3.18738237023371
"ASV248","DESeq2",13.3881447103058,-0.582752407169723,2.17405713372271,-0.264679088559775,0.791256688050036,0.822906955572038,"deseq2",0.822906955572038,-0.582752407169723,FALSE,NA,NA,NA,NA,NA,NA,NA,NA,NA,NA,NA,NA,NA,FALSE,FALSE,FALSE,FALSE,FALSE,FALSE,0,FALSE,FALSE,FALSE,"DESeq2 only",0.00225398240476077,0.000703517587939699,"control",0.00225398240476077,"Bacteria","Proteobacteria","Gammaproteobacteria","Enterobacterales","Alteromonadaceae","Alteromonas","australica","Alteromonas",0.0846492668120481
"ASV257","DESeq2",88.4826384559427,8.0614684217409,1.73283583406468,4.67103317839571,2.99688523024851e-06,9.35028191837536e-05,"deseq2",9.35028191837536e-05,8.0614684217409,TRUE,NA,NA,NA,NA,NA,NA,NA,NA,NA,NA,NA,NA,NA,TRUE,FALSE,FALSE,TRUE,TRUE,FALSE,2,TRUE,TRUE,FALSE,"DESeq2 + ALDEx2",0,0.010026881359283,"contrast",0.010026881359283,"Bacteria","Proteobacteria","Alphaproteobacteria","Rhodobacterales","Rhodobacteraceae","Ascidiaceihabitans",NA,"Ascidiaceihabitans",4.02917529460887
"ASV2656","DESeq2",8.5837318290955,-5.59022692479926,2.01149122612752,-2.67155974464116,0.0075499631121399,0.0214334001668522,"deseq2",0.0214334001668522,-5.59022692479926,TRUE,NA,NA,NA,NA,NA,NA,NA,NA,NA,NA,NA,NA,NA,TRUE,FALSE,FALSE,TRUE,TRUE,FALSE,2,TRUE,TRUE,FALSE,"DESeq2 + ALDEx2",0.0038452898239106,0,"control",0.0038452898239106,"Bacteria","Bacteroidota","Bacteroidia","Flavobacteriales","Flavobacteriaceae",NA,NA,NA,1.6689089275785
"ASV281","DESeq2",23.9012330268979,5.84564216573232,1.96557198178745,3.11686162293571,0.00182787347560902,0.0097136931179639,"deseq2",0.0097136931179639,5.84564216573232,TRUE,NA,NA,NA,NA,NA,NA,NA,NA,NA,NA,NA,NA,NA,TRUE,FALSE,FALSE,TRUE,TRUE,FALSE,2,TRUE,TRUE,FALSE,"DESeq2 + ALDEx2",0,0.00245314109515886,"contrast",0.00245314109515886,"Bacteria","Proteobacteria","Alphaproteobacteria","Rhizobiales","Rhizobiaceae","Aurantimonas",NA,"Aurantimonas",2.01261562119242
"ASV3","DESeq2",80.6510540666484,-1.3351685230153,1.16592116683465,-1.14408729038695,0.2525874380151,0.354987750723925,"deseq2",0.354987750723925,-1.3351685230153,FALSE,NA,NA,NA,NA,NA,NA,NA,NA,NA,NA,NA,NA,NA,FALSE,FALSE,FALSE,FALSE,FALSE,TRUE,1,TRUE,TRUE,TRUE,"DESeq2 + ALDEx2 + LEfSe",0.0177177965451487,0.00598895708663006,"control",0.0177177965451487,"Bacteria","Proteobacteria","Alphaproteobacteria","SAR11 clade","Clade I","Clade Ia",NA,"Clade Ia",0.44978663253586
"ASV30","DESeq2",12.4996539764869,-5.8400144493155,2.09363222391669,-2.64305324818403,0.0082162112883067,0.0228880171602829,"deseq2",0.0228880171602829,-5.8400144493155,TRUE,NA,NA,NA,NA,NA,NA,NA,NA,NA,NA,NA,NA,NA,TRUE,FALSE,FALSE,TRUE,FALSE,FALSE,1,TRUE,TRUE,FALSE,"DESeq2 + ALDEx2",0.0052942406903676,0,"control",0.0052942406903676,"Bacteria","Proteobacteria","Alphaproteobacteria","SAR11 clade","Clade II",NA,NA,NA,1.64039182959054
"ASV31","DESeq2",4.89247019012589,5.53696312422414,2.04118912439102,2.07704966327504,0.0377969757417538,0.074637066021691,"deseq2",0.074637066021691,5.53696312422414,FALSE,NA,NA,NA,NA,NA,NA,NA,NA,NA,NA,NA,NA,NA,FALSE,FALSE,FALSE,FALSE,FALSE,FALSE,0,FALSE,FALSE,FALSE,"DESeq2 only",0,0.00656443537145616,"contrast",0.00656443537145616,"Bacteria","Proteobacteria","Alphaproteobacteria","Caulobacterales","Caulobacteraceae","Brevundimonas",NA,"Brevundimonas",1.12704544101442
"ASV311","DESeq2",11.1138130665375,0.882568592893699,2.10204924210861,0.426821498978573,0.669509346171255,0.742940532248243,"deseq2",0.742940532248243,0.882568592893699,FALSE,NA,NA,NA,NA,NA,NA,NA,NA,NA,NA,NA,NA,NA,FALSE,FALSE,FALSE,FALSE,FALSE,FALSE,0,FALSE,FALSE,FALSE,"DESeq2 only",0.000614302660566006,0.00201849146474511,"contrast",0.00201849146474511,"Bacteria","Bacteroidota","Bacteroidia","Flavobacteriales","Flavobacteriaceae","NS4 marine group",NA,"NS4 marine group",0.129045947410404
"ASV3131","DESeq2",8.03037160121691,-5.19478543100698,2.14866825234101,-2.27796404963043,0.0227287196134779,0.0479145981040886,"deseq2",0.0479145981040886,-5.19478543100698,TRUE,NA,NA,NA,NA,NA,NA,NA,NA,NA,NA,NA,NA,NA,TRUE,FALSE,FALSE,TRUE,FALSE,FALSE,1,TRUE,TRUE,FALSE,"DESeq2 + ALDEx2",0.00346862885271267,0,"control",0.00346862885271267,"Bacteria","Bacteroidota","Bacteroidia","Flavobacteriales","Flavobacteriaceae","Tenacibaculum",NA,"Tenacibaculum",1.31953215025618
"ASV318","DESeq2",0.756161737084001,3.82214405985962,2.20947802388558,0.819666989569885,0.412405973250843,0.523051478269361,"deseq2",0.523051478269361,3.82214405985962,FALSE,NA,NA,NA,NA,NA,NA,NA,NA,NA,NA,NA,NA,NA,FALSE,FALSE,FALSE,FALSE,FALSE,FALSE,0,FALSE,FALSE,FALSE,"DESeq2 only",0,0.00275423772468305,"contrast",0.00275423772468305,"Bacteria","Proteobacteria","Alphaproteobacteria","Rhizobiales","Xanthobacteraceae","Xanthobacter",NA,"Xanthobacter",0.28145556614588
"ASV319","DESeq2",24.7685537638933,-7.10325749562898,1.88543540529606,-3.6463402189018,0.000266001747696312,0.0030191908707521,"deseq2",0.0030191908707521,-7.10325749562898,TRUE,NA,NA,NA,NA,NA,NA,NA,NA,NA,NA,NA,NA,NA,TRUE,FALSE,FALSE,TRUE,TRUE,FALSE,2,TRUE,TRUE,FALSE,"DESeq2 + ALDEx2",0.0110540438598011,0,"control",0.0110540438598011,"Bacteria","Proteobacteria","Gammaproteobacteria","Pseudomonadales","Saccharospirillaceae","Oleispira",NA,"Oleispira",2.52010943037071
"ASV329","DESeq2",10.7614183510481,4.31317085336582,2.15598251920632,2.21587315573534,0.0267001904779057,0.0548056541388591,"deseq2",0.0548056541388591,4.31317085336582,FALSE,NA,NA,NA,NA,NA,NA,NA,NA,NA,NA,NA,NA,NA,FALSE,FALSE,FALSE,FALSE,FALSE,FALSE,0,FALSE,FALSE,FALSE,"DESeq2 only",0,0.0025182510436437,"contrast",0.0025182510436437,"Bacteria","Proteobacteria","Gammaproteobacteria","Pseudomonadales","Halieaceae","OM60(NOR5) clade",NA,"OM60(NOR5) clade",1.26117463431425
"ASV34","DESeq2",23.1608286126118,-1.18637998515054,1.76710563295076,-0.667417660669816,0.504505388156702,0.607987696572977,"deseq2",0.607987696572977,-1.18637998515054,FALSE,NA,NA,NA,NA,NA,NA,NA,NA,NA,NA,NA,NA,NA,FALSE,FALSE,FALSE,FALSE,TRUE,FALSE,1,TRUE,TRUE,FALSE,"DESeq2 + ALDEx2",0.00517273491754979,0.0016262277508113,"control",0.00517273491754979,"Bacteria","Proteobacteria","Alphaproteobacteria","SAR11 clade","Clade IV",NA,NA,NA,0.216105209155766
"ASV346","DESeq2",20.7356942204529,0.361694606418042,1.8124721471426,0.200129215398684,0.841379524952673,0.863521091398796,"deseq2",0.863521091398796,0.361694606418042,FALSE,NA,NA,NA,NA,NA,NA,NA,NA,NA,NA,NA,NA,NA,FALSE,FALSE,FALSE,FALSE,FALSE,FALSE,0,FALSE,FALSE,FALSE,"DESeq2 only",0.00201865943265118,0.00158443504347124,"control",0.00201865943265118,"Archaea","Crenarchaeota","Nitrososphaeria","Nitrosopumilales","Nitrosopumilaceae","Candidatus Nitrosopumilus",NA,"Candidatus Nitrosopumilus",0.0637270503764908
"ASV347","DESeq2",8.76019499876485,-2.5919868670243,2.14393497170011,-1.16434986776244,0.244282255062968,0.346436652634754,"deseq2",0.346436652634754,-2.5919868670243,FALSE,NA,NA,NA,NA,NA,NA,NA,NA,NA,NA,NA,NA,NA,FALSE,FALSE,FALSE,FALSE,FALSE,FALSE,0,FALSE,FALSE,FALSE,"DESeq2 only",0.00319758793963138,0.000138190954773869,"control",0.00319758793963138,"Bacteria","Proteobacteria","Gammaproteobacteria","Enterobacterales","Alteromonadaceae","Alteromonas","genovensis","Alteromonas",0.460376166322891
"ASV349","DESeq2",13.9533205615831,4.51364757540432,2.14802252867516,2.28737147644693,0.0221741497133353,0.0473858541819221,"deseq2",0.0473858541819221,4.51364757540432,TRUE,NA,NA,NA,NA,NA,NA,NA,NA,NA,NA,NA,NA,NA,TRUE,FALSE,FALSE,TRUE,FALSE,FALSE,1,TRUE,TRUE,FALSE,"DESeq2 + ALDEx2",0,0.00358775988251528,"contrast",0.00358775988251528,"Bacteria","Planctomycetota","OM190",NA,NA,NA,NA,NA,1.3243512863349
"ASV35","DESeq2",461.226086338843,9.14311659888154,1.76352695106975,5.38879019662126,7.09335535167772e-08,7.9075365090899e-06,"deseq2",7.9075365090899e-06,9.14311659888154,TRUE,NA,NA,NA,NA,NA,NA,NA,NA,NA,NA,NA,NA,NA,TRUE,FALSE,FALSE,TRUE,TRUE,FALSE,2,TRUE,TRUE,FALSE,"DESeq2 + ALDEx2",0,0.071177831443573,"contrast",0.071177831443573,"Bacteria","Bacteroidota","Bacteroidia","Flavobacteriales","Crocinitomicaceae","Fluviicola",NA,"Fluviicola",5.10195879427033
"ASV354","DESeq2",9.53523943145954,-1.53913043915283,2.08113260235716,-0.724681754438043,0.46864729096921,0.571163885868724,"deseq2",0.571163885868724,-1.53913043915283,FALSE,NA,NA,NA,NA,NA,NA,NA,NA,NA,NA,NA,NA,NA,FALSE,FALSE,FALSE,FALSE,FALSE,FALSE,0,FALSE,FALSE,FALSE,"DESeq2 only",0.00244422517136552,0.000456143284457916,"control",0.00244422517136552,"Bacteria","Bacteroidota","Bacteroidia","Flavobacteriales","Flavobacteriaceae","Winogradskyella",NA,"Winogradskyella",0.243239260377135
"ASV360","DESeq2",49.7310843744788,6.93731168077071,1.86415063036266,3.82997495938761,0.000128156299490562,0.00222137585783641,"deseq2",0.00222137585783641,6.93731168077071,TRUE,NA,NA,NA,NA,NA,NA,NA,NA,NA,NA,NA,NA,NA,TRUE,FALSE,FALSE,TRUE,TRUE,FALSE,2,TRUE,TRUE,FALSE,"DESeq2 + ALDEx2",0,0.00733509199476067,"contrast",0.00733509199476067,"Bacteria","Planctomycetota","Planctomycetes","Pirellulales","Pirellulaceae","Rubripirellula",NA,"Rubripirellula",2.65337795240425
"ASV364","DESeq2",23.0439571407818,6.21026691460414,1.87351715149125,3.38567916955613,0.000710023418282783,0.00582966596063759,"deseq2",0.00582966596063759,6.21026691460414,TRUE,NA,NA,NA,NA,NA,NA,NA,NA,NA,NA,NA,NA,NA,TRUE,FALSE,FALSE,TRUE,TRUE,FALSE,2,TRUE,TRUE,FALSE,"DESeq2 + ALDEx2",0,0.00308507384061446,"contrast",0.00308507384061446,"Bacteria","Planctomycetota","Planctomycetes","Pirellulales","Pirellulaceae","Rhodopirellula",NA,"Rhodopirellula",2.23435632956484
"ASV368","DESeq2",23.6160542964212,5.8966674099858,1.95205821060337,3.15159252312751,0.0016238270726221,0.0097136931179639,"deseq2",0.0097136931179639,5.8966674099858,TRUE,NA,NA,NA,NA,NA,NA,NA,NA,NA,NA,NA,NA,NA,TRUE,FALSE,FALSE,TRUE,TRUE,FALSE,2,TRUE,TRUE,FALSE,"DESeq2 + ALDEx2",0,0.00373359592110892,"contrast",0.00373359592110892,"Bacteria","Proteobacteria","Gammaproteobacteria","Pseudomonadales","Halieaceae","OM60(NOR5) clade",NA,"OM60(NOR5) clade",2.01261562119242
"ASV37","DESeq2",55.5664788676214,0.719238036303816,1.70994551103366,0.42212780592711,0.672931733076429,0.742940532248243,"deseq2",0.742940532248243,0.719238036303816,FALSE,NA,NA,NA,NA,NA,NA,NA,NA,NA,NA,NA,NA,NA,FALSE,FALSE,FALSE,FALSE,FALSE,FALSE,0,FALSE,FALSE,FALSE,"DESeq2 only",0.00419762075933019,0.00747741379710985,"contrast",0.00747741379710985,"Bacteria","Cyanobacteria","Cyanobacteriia","Synechococcales","Cyanobiaceae","Synechococcus CC9902",NA,"Synechococcus CC9902",0.129045947410404
"ASV383","DESeq2",25.486582527408,-7.13858179030915,1.88452191057523,-3.66633859527898,0.000246048095656034,0.0030191908707521,"deseq2",0.0030191908707521,-7.13858179030915,TRUE,NA,NA,NA,NA,NA,NA,NA,NA,NA,NA,NA,NA,NA,TRUE,FALSE,FALSE,TRUE,TRUE,FALSE,2,TRUE,TRUE,FALSE,"DESeq2 + ALDEx2",0.0115377206435627,0,"control",0.0115377206435627,"Bacteria","Proteobacteria","Gammaproteobacteria","Pseudomonadales","Saccharospirillaceae","Oleispira",NA,"Oleispira",2.52010943037071
"ASV39","DESeq2",20.1794066350837,-0.729942811379572,1.62880080454249,-0.447060558920149,0.654831335446359,0.742940532248243,"deseq2",0.742940532248243,-0.729942811379572,FALSE,NA,NA,NA,NA,NA,NA,NA,NA,NA,NA,NA,NA,NA,FALSE,FALSE,FALSE,FALSE,FALSE,FALSE,0,FALSE,FALSE,FALSE,"DESeq2 only",0.00358986013560726,0.00198501339396945,"control",0.00358986013560726,"Bacteria","Actinobacteriota","Acidimicrobiia","Actinomarinales","Actinomarinaceae","Candidatus Actinomarina",NA,"Candidatus Actinomarina",0.129045947410404
"ASV4","DESeq2",124.77605963222,-0.489081699629692,1.17085415103435,-0.417563371532646,0.676266381918273,0.742940532248243,"deseq2",0.742940532248243,-0.489081699629692,FALSE,NA,NA,NA,NA,NA,NA,NA,NA,NA,NA,NA,NA,NA,FALSE,FALSE,FALSE,FALSE,FALSE,FALSE,0,FALSE,FALSE,FALSE,"DESeq2 only",0.0195553223042447,0.0115759111650734,"control",0.0195553223042447,"Bacteria","Cyanobacteria","Cyanobacteriia","Synechococcales","Cyanobiaceae","Synechococcus CC9902",NA,"Synechococcus CC9902",0.129045947410404
"ASV40","DESeq2",4.1418597023145,-1.81245966071668,2.16794424904089,-1.5194343424732,0.128653203060362,0.200698996774164,"deseq2",0.200698996774164,-1.81245966071668,FALSE,NA,NA,NA,NA,NA,NA,NA,NA,NA,NA,NA,NA,NA,FALSE,FALSE,FALSE,FALSE,FALSE,FALSE,0,FALSE,FALSE,FALSE,"DESeq2 only",0.00168043389822604,0.00047845715968201,"control",0.00168043389822604,"Bacteria","Proteobacteria","Alphaproteobacteria","SAR11 clade","Clade I","Clade Ib",NA,"Clade Ib",0.697454798397087
"ASV42","DESeq2",5.80997041294691,-5.0318398797513,2.06611841004241,-2.33118745633464,0.0197434772799864,0.0433800345870124,"deseq2",0.0433800345870124,-5.0318398797513,TRUE,NA,NA,NA,NA,NA,NA,NA,NA,NA,NA,NA,NA,NA,TRUE,FALSE,FALSE,TRUE,TRUE,FALSE,2,TRUE,TRUE,FALSE,"DESeq2 + ALDEx2",0.00257987048556374,0,"control",0.00257987048556374,"Bacteria","Proteobacteria","Gammaproteobacteria","Pseudomonadales","Marinomonadaceae","Marinomonas",NA,"Marinomonas",1.36271010605759
"ASV422","DESeq2",5.16775546238003,-1.32883180792109,2.02078410304525,-1.75272005926644,0.0796500707912193,0.139611360038542,"deseq2",0.139611360038542,-1.32883180792109,FALSE,NA,NA,NA,NA,NA,NA,NA,NA,NA,NA,NA,NA,NA,FALSE,FALSE,FALSE,FALSE,TRUE,FALSE,1,TRUE,TRUE,FALSE,"DESeq2 + ALDEx2",0.00211249534244498,0.000332914572864322,"control",0.00211249534244498,"Bacteria","Proteobacteria","Gammaproteobacteria","Pseudomonadales","Nitrincolaceae","Amphritea","ceti","Amphritea",0.855079242161809
"ASV43","DESeq2",15.4105589492684,3.85121236257725,1.77485959324113,0.166337473347608,0.867891377331692,0.884908855318588,"deseq2",0.884908855318588,3.85121236257725,FALSE,NA,NA,NA,NA,NA,NA,NA,NA,NA,NA,NA,NA,NA,FALSE,FALSE,FALSE,FALSE,FALSE,FALSE,0,FALSE,FALSE,FALSE,"DESeq2 only",0.00144657022220995,0.0237771566840232,"contrast",0.0237771566840232,"Bacteria","Proteobacteria","Gammaproteobacteria","Enterobacterales","Pseudoalteromonadaceae","Pseudoalteromonas",NA,"Pseudoalteromonas",0.0531014588735399
"ASV431","DESeq2",44.991971426675,5.49170709358056,2.05260983605761,3.11312240334754,0.00185119223822449,0.0097136931179639,"deseq2",0.0097136931179639,5.49170709358056,TRUE,NA,NA,NA,NA,NA,NA,NA,NA,NA,NA,NA,NA,NA,TRUE,FALSE,FALSE,TRUE,FALSE,FALSE,1,TRUE,TRUE,FALSE,"DESeq2 + ALDEx2",0,0.00419739956042666,"contrast",0.00419739956042666,"Bacteria",NA,NA,NA,NA,NA,NA,NA,2.01261562119242
"ASV442","DESeq2",17.7473297482233,-3.71799676481038,1.98699601282764,-1.81407705443124,0.0696658636133187,0.12907026899798,"deseq2",0.12907026899798,-3.71799676481038,FALSE,NA,NA,NA,NA,NA,NA,NA,NA,NA,NA,NA,NA,NA,FALSE,FALSE,FALSE,FALSE,TRUE,TRUE,2,TRUE,TRUE,TRUE,"DESeq2 + ALDEx2 + LEfSe",0.00702254426513058,0.000138190954773869,"control",0.00702254426513058,"Bacteria","Proteobacteria","Gammaproteobacteria","Enterobacterales","Colwelliaceae","Colwellia","meonggei","Colwellia",0.889173784822105
"ASV45","DESeq2",30.0666944518441,-0.556151930415348,1.7738652962481,-0.312621661205438,0.754568119186177,0.790017628141232,"deseq2",0.790017628141232,-0.556151930415348,FALSE,NA,NA,NA,NA,NA,NA,NA,NA,NA,NA,NA,NA,NA,FALSE,FALSE,FALSE,FALSE,FALSE,FALSE,0,FALSE,FALSE,FALSE,"DESeq2 only",0.00507084540337026,0.00201866383858897,"control",0.00507084540337026,"Bacteria","Proteobacteria","Alphaproteobacteria","SAR11 clade","Clade I","Clade Ib",NA,"Clade Ib",0.102363217925953
"ASV456","DESeq2",17.2561632588212,5.1143259102944,2.06503278479506,2.67126272918563,0.00755664749472352,0.0214334001668522,"deseq2",0.0214334001668522,5.1143259102944,TRUE,NA,NA,NA,NA,NA,NA,NA,NA,NA,NA,NA,NA,NA,TRUE,FALSE,FALSE,TRUE,FALSE,FALSE,1,TRUE,TRUE,FALSE,"DESeq2 + ALDEx2",0,0.00221006102080847,"contrast",0.00221006102080847,"Bacteria","Planctomycetota","Pla3 lineage",NA,NA,NA,NA,NA,1.6689089275785
"ASV458","DESeq2",33.025071725302,6.15142387745257,1.95675420961354,3.30627806041678,0.000945442149885797,0.00737444876910921,"deseq2",0.00737444876910921,6.15142387745257,TRUE,NA,NA,NA,NA,NA,NA,NA,NA,NA,NA,NA,NA,NA,TRUE,FALSE,FALSE,TRUE,TRUE,FALSE,2,TRUE,TRUE,FALSE,"DESeq2 + ALDEx2",0,0.0042612540679621,"contrast",0.0042612540679621,"Bacteria","Proteobacteria","Gammaproteobacteria","Enterobacterales","Pseudoalteromonadaceae","Pseudoalteromonas",NA,"Pseudoalteromonas",2.13227043710996
"ASV467","DESeq2",5.04980489128378,-0.84396348155832,2.02700058251127,-1.66288272980195,0.0963359120498318,0.163352198693193,"deseq2",0.163352198693193,-0.84396348155832,FALSE,NA,NA,NA,NA,NA,NA,NA,NA,NA,NA,NA,NA,NA,FALSE,FALSE,FALSE,FALSE,TRUE,FALSE,1,TRUE,TRUE,FALSE,"DESeq2 + ALDEx2",0.00204814101800324,0.000496231155778894,"control",0.00204814101800324,"Bacteria","Proteobacteria","Gammaproteobacteria","Pseudomonadales","Nitrincolaceae","Amphritea",NA,"Amphritea",0.786875015618328
"ASV47","DESeq2",9.70687942552954,-2.01832594709619,2.15211555951891,-0.908196695245431,0.363774309809895,0.472906602752863,"deseq2",0.472906602752863,-2.01832594709619,FALSE,NA,NA,NA,NA,NA,NA,NA,NA,NA,NA,NA,NA,NA,FALSE,FALSE,FALSE,FALSE,FALSE,FALSE,0,FALSE,FALSE,FALSE,"DESeq2 only",0.0029836053566374,0.000232412060301508,"control",0.0029836053566374,"Bacteria","Proteobacteria","Alphaproteobacteria","SAR11 clade","Clade I","Clade Ib",NA,"Clade Ib",0.325224622294332
"ASV476","DESeq2",23.0838253918876,5.80504818792678,1.96800630290046,3.09167881695086,0.00199028067831722,0.0097136931179639,"deseq2",0.0097136931179639,5.80504818792678,TRUE,NA,NA,NA,NA,NA,NA,NA,NA,NA,NA,NA,NA,NA,TRUE,FALSE,FALSE,TRUE,FALSE,FALSE,1,TRUE,TRUE,FALSE,"DESeq2 + ALDEx2",0,0.00354677433794581,"contrast",0.00354677433794581,"Bacteria","Proteobacteria","Gammaproteobacteria","Pseudomonadales","KI89A clade",NA,NA,NA,2.01261562119242
"ASV479","DESeq2",15.9154609905296,-2.23362718352121,2.04603041546891,-1.06510656152864,0.286827710328221,0.389088024445239,"deseq2",0.389088024445239,-2.23362718352121,FALSE,NA,NA,NA,NA,NA,NA,NA,NA,NA,NA,NA,NA,NA,FALSE,FALSE,FALSE,FALSE,TRUE,FALSE,1,TRUE,TRUE,FALSE,"DESeq2 + ALDEx2",0.00512784894756487,0.000358040201005025,"control",0.00512784894756487,"Bacteria","Proteobacteria","Gammaproteobacteria","Enterobacterales","Colwelliaceae","Thalassotalea",NA,"Thalassotalea",0.409952135933312
"ASV49","DESeq2",84.1670572789256,-1.19235519814387,1.86334148278344,-2.5732253721044,0.010075557382962,0.0265716828363819,"deseq2",0.0265716828363819,-1.19235519814387,TRUE,NA,NA,NA,NA,NA,NA,NA,NA,NA,NA,NA,NA,NA,TRUE,FALSE,FALSE,TRUE,TRUE,TRUE,3,TRUE,TRUE,TRUE,"DESeq2 + ALDEx2 + LEfSe",0.0363997527598032,0.00690061419572097,"control",0.0363997527598032,"Bacteria","Proteobacteria","Gammaproteobacteria","Enterobacterales","Colwelliaceae","Colwellia",NA,"Colwellia",1.57558094000406
"ASV5","DESeq2",98.7406785219654,-0.829109337743098,1.12685687187806,-0.73539963172156,0.462096146080216,0.567614163689084,"deseq2",0.567614163689084,-0.829109337743098,FALSE,NA,NA,NA,NA,NA,NA,NA,NA,NA,NA,NA,NA,NA,FALSE,FALSE,FALSE,FALSE,FALSE,TRUE,1,TRUE,TRUE,TRUE,"DESeq2 + ALDEx2 + LEfSe",0.0178445331802186,0.00888838949893574,"control",0.0178445331802186,"Bacteria","Proteobacteria","Alphaproteobacteria","SAR11 clade","Clade II",NA,NA,NA,0.245946776119309
"ASV506","DESeq2",11.6807623765693,-7.00124065112994,2.11473673181193,-2.55377057570777,0.0106563446254851,0.0271394448698917,"deseq2",0.0271394448698917,-7.00124065112994,TRUE,NA,NA,NA,NA,NA,NA,NA,NA,NA,NA,NA,NA,NA,TRUE,FALSE,FALSE,TRUE,FALSE,FALSE,1,TRUE,TRUE,FALSE,"DESeq2 + ALDEx2",0.00503686419750105,0,"control",0.00503686419750105,"Bacteria","Bacteroidota","Bacteroidia","Flavobacteriales","Flavobacteriaceae","Aurantivirga",NA,"Aurantivirga",1.56639903996326
"ASV51","DESeq2",8.55552697392891,-5.62039958774774,1.99551811073439,-2.71200117432529,0.00668783558946421,0.0196849500369135,"deseq2",0.0196849500369135,-5.62039958774774,TRUE,NA,NA,NA,NA,NA,NA,NA,NA,NA,NA,NA,NA,NA,TRUE,FALSE,FALSE,TRUE,TRUE,FALSE,2,TRUE,TRUE,FALSE,"DESeq2 + ALDEx2",0.00375552223036324,0,"control",0.00375552223036324,"Bacteria","Proteobacteria","Alphaproteobacteria","SAR11 clade","Clade I","Clade Ib",NA,"Clade Ib",1.70586568317095
"ASV512","DESeq2",2.66350872322652,-0.576297563713108,2.12220869506377,-1.63587560862267,0.101865623788378,0.165531638656115,"deseq2",0.165531638656115,-0.576297563713108,FALSE,NA,NA,NA,NA,NA,NA,NA,NA,NA,NA,NA,NA,NA,FALSE,FALSE,FALSE,FALSE,TRUE,FALSE,1,TRUE,TRUE,FALSE,"DESeq2 + ALDEx2",0.00116200840473374,0.000345477386934673,"control",0.00116200840473374,"Bacteria","Proteobacteria","Alphaproteobacteria","Rhodobacterales","Rhodobacteraceae","Tropicibacter",NA,"Tropicibacter",0.781118985691604
"ASV519","DESeq2",10.5028532255104,0.197876091200754,2.10535672842119,0.0943978136343748,0.92479315251861,0.932282549567977,"deseq2",0.932282549567977,0.197876091200754,FALSE,NA,NA,NA,NA,NA,NA,NA,NA,NA,NA,NA,NA,NA,FALSE,FALSE,FALSE,FALSE,FALSE,FALSE,0,FALSE,FALSE,FALSE,"DESeq2 only",0.00118764845605701,0.00134759165747961,"contrast",0.00134759165747961,"Bacteria","Proteobacteria","Gammaproteobacteria","Pseudomonadales","Halieaceae","OM60(NOR5) clade",NA,"OM60(NOR5) clade",0.030452444811938
"ASV52","DESeq2",59.5753952666232,8.08578585709858,1.60267512304227,5.00206680997537,5.6718925967637e-07,2.21203811273784e-05,"deseq2",2.21203811273784e-05,8.08578585709858,TRUE,NA,NA,NA,NA,NA,NA,NA,NA,NA,NA,NA,NA,NA,TRUE,FALSE,FALSE,TRUE,TRUE,FALSE,2,TRUE,TRUE,FALSE,"DESeq2 + ALDEx2",0,0.00857967008397118,"contrast",0.00857967008397118,"Bacteria","Proteobacteria","Gammaproteobacteria","Pseudomonadales","Pseudomonadaceae","Pseudomonas",NA,"Pseudomonas",4.65520739454223
"ASV523","DESeq2",12.1573827668631,-6.11351685074705,1.95578094085763,-3.01574326580746,0.00256350212624039,0.0108082792349595,"deseq2",0.0108082792349595,-6.11351685074705,TRUE,NA,NA,NA,NA,NA,NA,NA,NA,NA,NA,NA,NA,NA,TRUE,FALSE,FALSE,TRUE,TRUE,FALSE,2,TRUE,TRUE,FALSE,"DESeq2 + ALDEx2",0.00540045096787335,0,"control",0.00540045096787335,"Bacteria","Proteobacteria","Gammaproteobacteria","Enterobacterales","Colwelliaceae","Colwellia","aquaemaris","Colwellia",1.96624344371997
"ASV543","DESeq2",12.6521479554647,-1.91694884188602,2.06207375094608,-0.908581460044403,0.363571096640437,0.472906602752863,"deseq2",0.472906602752863,-1.91694884188602,FALSE,NA,NA,NA,NA,NA,NA,NA,NA,NA,NA,NA,NA,NA,FALSE,FALSE,FALSE,FALSE,TRUE,FALSE,1,TRUE,TRUE,FALSE,"DESeq2 + ALDEx2",0.00392129002706355,0.000345477386934673,"control",0.00392129002706355,"Bacteria","Bacteroidota","Bacteroidia","Flavobacteriales","Flavobacteriaceae","Dokdonia","lutea","Dokdonia",0.325224622294332
"ASV56","DESeq2",21.3343966238428,-2.21845032716041,1.97290109037005,-1.1035041560337,0.269808287723827,0.372478698096611,"deseq2",0.372478698096611,-2.21845032716041,FALSE,NA,NA,NA,NA,NA,NA,NA,NA,NA,NA,NA,NA,NA,FALSE,FALSE,FALSE,FALSE,TRUE,TRUE,2,TRUE,TRUE,TRUE,"DESeq2 + ALDEx2 + LEfSe",0.00699521949089371,0.00068071033636849,"control",0.00699521949089371,"Archaea","Crenarchaeota","Nitrososphaeria","Nitrosopumilales","Nitrosopumilaceae","Candidatus Nitrosopelagicus",NA,"Candidatus Nitrosopelagicus",0.428898559328117
"ASV566","DESeq2",8.27080151458597,-3.17521591429127,2.01753743180368,-1.52593430452678,0.127026226318536,0.200162538441329,"deseq2",0.200162538441329,-3.17521591429127,FALSE,NA,NA,NA,NA,NA,NA,NA,NA,NA,NA,NA,NA,NA,FALSE,FALSE,FALSE,FALSE,TRUE,FALSE,1,TRUE,TRUE,FALSE,"DESeq2 + ALDEx2",0.00314781090803412,9.42211055276382e-05,"control",0.00314781090803412,"Bacteria","Proteobacteria","Gammaproteobacteria","Enterobacterales","Shewanellaceae","Psychrobium",NA,"Psychrobium",0.69861719993647
"ASV567","DESeq2",3.96877914108708,3.88081100078884,2.20516491287245,1.63589312497945,0.101861957114561,0.165531638656115,"deseq2",0.165531638656115,3.88081100078884,FALSE,NA,NA,NA,NA,NA,NA,NA,NA,NA,NA,NA,NA,NA,FALSE,FALSE,FALSE,FALSE,FALSE,FALSE,0,FALSE,FALSE,FALSE,"DESeq2 only",0,0.00150685683663071,"contrast",0.00150685683663071,"Bacteria","Proteobacteria","Alphaproteobacteria","Rhodobacterales","Rhodobacteraceae","Limimaricola",NA,"Limimaricola",0.781118985691604
"ASV569","DESeq2",19.5136971561644,1.14618153363567,1.9307082925875,0.601196093275178,0.547709386242908,0.642760483353517,"deseq2",0.642760483353517,1.14618153363567,FALSE,NA,NA,NA,NA,NA,NA,NA,NA,NA,NA,NA,NA,NA,FALSE,FALSE,FALSE,FALSE,FALSE,FALSE,0,FALSE,FALSE,FALSE,"DESeq2 only",0.00104090254853493,0.00201516816837853,"contrast",0.00201516816837853,"Bacteria","Planctomycetota","Planctomycetes","Pirellulales","Pirellulaceae","Blastopirellula",NA,"Blastopirellula",0.191950831331612
"ASV574","DESeq2",23.3283191068819,5.33903078864704,2.05986946166047,2.82301836356481,0.00475738466008598,0.0154615001452794,"deseq2",0.0154615001452794,5.33903078864704,TRUE,NA,NA,NA,NA,NA,NA,NA,NA,NA,NA,NA,NA,NA,TRUE,FALSE,FALSE,TRUE,FALSE,FALSE,1,TRUE,TRUE,FALSE,"DESeq2 + ALDEx2",0,0.00274108805068416,"contrast",0.00274108805068416,"Bacteria","Proteobacteria","Gammaproteobacteria","Pseudomonadales","Moraxellaceae","Psychrobacter","marincola","Psychrobacter",1.8107483711415
"ASV576","DESeq2",19.460847085874,3.43548282499604,1.97915260016146,1.80980037906828,0.0703267491335147,0.12907026899798,"deseq2",0.12907026899798,3.43548282499604,FALSE,NA,NA,NA,NA,NA,NA,NA,NA,NA,NA,NA,NA,NA,FALSE,FALSE,FALSE,FALSE,FALSE,FALSE,0,FALSE,FALSE,FALSE,"DESeq2 only",0.000113662195953626,0.00305254473510334,"contrast",0.00305254473510334,"Bacteria","Bacteroidota","Bacteroidia","Flavobacteriales","NS9 marine group",NA,NA,NA,0.889173784822105
"ASV579","DESeq2",12.5077237015361,-3.21955824168703,2.10580000151059,-1.4710622360695,0.141274286635198,0.218205828862286,"deseq2",0.218205828862286,-3.21955824168703,FALSE,NA,NA,NA,NA,NA,NA,NA,NA,NA,NA,NA,NA,NA,FALSE,FALSE,FALSE,FALSE,FALSE,FALSE,0,FALSE,FALSE,FALSE,"DESeq2 only",0.0047618492245385,0.000125628140703518,"control",0.0047618492245385,"Bacteria","Proteobacteria","Gammaproteobacteria","Enterobacterales","Alteromonadaceae",NA,NA,NA,0.661133652423591
"ASV6","DESeq2",77.1208145989315,-1.24727199876762,1.65082994241269,-0.752141240810825,0.451966125181635,0.56405372422668,"deseq2",0.56405372422668,-1.24727199876762,FALSE,NA,NA,NA,NA,NA,NA,NA,NA,NA,NA,NA,NA,NA,FALSE,FALSE,FALSE,FALSE,FALSE,TRUE,1,TRUE,TRUE,TRUE,"DESeq2 + ALDEx2 + LEfSe",0.0171588790002443,0.00460912892414817,"control",0.0171588790002443,"Bacteria","Proteobacteria","Alphaproteobacteria","SAR11 clade","Clade I","Clade Ia",NA,"Clade Ia",0.248679528952823
"ASV60","DESeq2",12.1500322759576,1.67208713380722,2.00362077478853,0.852171810324253,0.394118740126237,0.503955110325352,"deseq2",0.503955110325352,1.67208713380722,FALSE,NA,NA,NA,NA,NA,NA,NA,NA,NA,NA,NA,NA,NA,FALSE,FALSE,FALSE,FALSE,FALSE,FALSE,0,FALSE,FALSE,FALSE,"DESeq2 only",0.000391503119395822,0.00142528759360974,"contrast",0.00142528759360974,"Bacteria","Marinimicrobia (SAR406 clade)",NA,NA,NA,NA,NA,NA,0.297608146503362
"ASV619","DESeq2",15.0952108670209,2.12691886155122,1.91290365697962,1.13507797103253,0.256342650597167,0.357048691903197,"deseq2",0.357048691903197,2.12691886155122,FALSE,NA,NA,NA,NA,NA,NA,NA,NA,NA,NA,NA,NA,NA,FALSE,FALSE,FALSE,FALSE,FALSE,FALSE,0,FALSE,FALSE,FALSE,"DESeq2 only",0.000317742755465175,0.00210528378680377,"contrast",0.00210528378680377,"Bacteria","Planctomycetota","Phycisphaerae","Phycisphaerales","Phycisphaeraceae","CL500-3",NA,"CL500-3",0.447272553683636
"ASV62","DESeq2",73.1199945355416,1.42630157813867,1.53455950032333,0.933203716737917,0.350714796089498,0.466567394580717,"deseq2",0.466567394580717,1.42630157813867,FALSE,NA,NA,NA,NA,NA,NA,NA,NA,NA,NA,NA,NA,NA,FALSE,FALSE,FALSE,FALSE,FALSE,FALSE,0,FALSE,FALSE,FALSE,"DESeq2 only",0.00337154440198302,0.0116027949832878,"contrast",0.0116027949832878,"Bacteria","Verrucomicrobiota","Verrucomicrobiae","Opitutales","Puniceicoccaceae","Lentimonas",NA,"Lentimonas",0.331085614553093
"ASV64","DESeq2",40.1057752245287,0.62703776086278,1.60662145888348,0.391273312505687,0.695595223160889,0.751689132349407,"deseq2",0.751689132349407,0.62703776086278,FALSE,NA,NA,NA,NA,NA,NA,NA,NA,NA,NA,NA,NA,NA,FALSE,FALSE,FALSE,FALSE,FALSE,FALSE,0,FALSE,FALSE,FALSE,"DESeq2 only",0.00344840127356673,0.0048475381284695,"contrast",0.0048475381284695,"Bacteria","Planctomycetota","Planctomycetes","Pirellulales","Pirellulaceae",NA,NA,NA,0.123961728581631
"ASV651","DESeq2",11.3887455262908,-6.03139513797859,1.9572184176449,-2.9742019706506,0.00293751655340979,0.0114563145582982,"deseq2",0.0114563145582982,-6.03139513797859,TRUE,NA,NA,NA,NA,NA,NA,NA,NA,NA,NA,NA,NA,NA,TRUE,FALSE,FALSE,TRUE,TRUE,FALSE,2,TRUE,TRUE,FALSE,"DESeq2 + ALDEx2",0.00506928591080089,0,"control",0.00506928591080089,"Bacteria","Bacteroidota","Bacteroidia","Flavobacteriales","Flavobacteriaceae","Tenacibaculum",NA,"Tenacibaculum",1.94095507036289
"ASV66","DESeq2",34.597534167592,-0.811753766772415,1.91409893824866,-0.421258389133051,0.673566411672232,0.742940532248243,"deseq2",0.742940532248243,-0.811753766772415,FALSE,NA,NA,NA,NA,NA,NA,NA,NA,NA,NA,NA,NA,NA,FALSE,FALSE,FALSE,FALSE,FALSE,TRUE,1,TRUE,TRUE,TRUE,"DESeq2 + ALDEx2 + LEfSe",0.00656429195776298,0.0025409979310478,"control",0.00656429195776298,"Bacteria","Proteobacteria","Gammaproteobacteria","Enterobacterales","Vibrionaceae","Vibrio",NA,"Vibrio",0.129045947410404
"ASV667","DESeq2",27.3376219552872,4.18870489414194,1.76862735131342,2.40470042640775,0.016185727965798,0.036071050895207,"deseq2",0.036071050895207,4.18870489414194,TRUE,NA,NA,NA,NA,NA,NA,NA,NA,NA,NA,NA,NA,NA,TRUE,FALSE,FALSE,TRUE,FALSE,TRUE,2,TRUE,TRUE,TRUE,"DESeq2 + ALDEx2 + LEfSe",0.000105914251821725,0.00379370773010813,"contrast",0.00379370773010813,"Bacteria","Planctomycetota","Planctomycetes","Pirellulales","Pirellulaceae","Blastopirellula",NA,"Blastopirellula",1.44284120474731
"ASV670","DESeq2",58.6169237184759,4.39089035463129,1.76748643670942,2.54955047433069,0.0107861896277775,0.0271394448698917,"deseq2",0.0271394448698917,4.39089035463129,TRUE,NA,NA,NA,NA,NA,NA,NA,NA,NA,NA,NA,NA,NA,TRUE,FALSE,FALSE,TRUE,FALSE,TRUE,2,TRUE,TRUE,TRUE,"DESeq2 + ALDEx2 + LEfSe",0.000190645653279105,0.00738154657520004,"contrast",0.00738154657520004,"Bacteria","Proteobacteria","Gammaproteobacteria","Pseudomonadales","Halieaceae","Luminiphilus",NA,"Luminiphilus",1.56639903996326
"ASV68","DESeq2",13.4319694021269,5.32731245612862,1.97513609659245,2.80018809539389,0.00510728372490268,0.0162599236956085,"deseq2",0.0162599236956085,5.32731245612862,TRUE,NA,NA,NA,NA,NA,NA,NA,NA,NA,NA,NA,NA,NA,TRUE,FALSE,FALSE,TRUE,FALSE,FALSE,1,TRUE,TRUE,FALSE,"DESeq2 + ALDEx2",0,0.00190185549084628,"contrast",0.00190185549084628,"Bacteria","Proteobacteria","Gammaproteobacteria","Pseudomonadales","Halomonadaceae","Halomonas",NA,"Halomonas",1.78888149678955
"ASV681","DESeq2",11.8949514901243,3.84908493487983,2.20749270634604,2.09944938570591,0.035777305130312,0.0724838909133594,"deseq2",0.0724838909133594,3.84908493487983,FALSE,NA,NA,NA,NA,NA,NA,NA,NA,NA,NA,NA,NA,NA,FALSE,FALSE,FALSE,FALSE,FALSE,FALSE,0,FALSE,FALSE,FALSE,"DESeq2 only",0,0.00120795290351995,"contrast",0.00120795290351995,"Bacteria","NB1-j",NA,NA,NA,NA,NA,NA,1.13975850190897
"ASV682","DESeq2",20.0977726149092,5.62396493737818,1.98285074271613,2.97848402910469,0.00289678125721286,0.0114563145582982,"deseq2",0.0114563145582982,5.62396493737818,TRUE,NA,NA,NA,NA,NA,NA,NA,NA,NA,NA,NA,NA,NA,TRUE,FALSE,FALSE,TRUE,FALSE,FALSE,1,TRUE,TRUE,FALSE,"DESeq2 + ALDEx2",0,0.00254005980859125,"contrast",0.00254005980859125,"Bacteria","Myxococcota","Polyangia","Nannocystales","Nannocystaceae",NA,NA,NA,1.94095507036289
"ASV693","DESeq2",7.06174048833865,-0.864088055237523,2.18959672952723,-0.387095631623672,0.698685411478615,0.751689132349407,"deseq2",0.751689132349407,-0.864088055237523,FALSE,NA,NA,NA,NA,NA,NA,NA,NA,NA,NA,NA,NA,NA,FALSE,FALSE,FALSE,FALSE,FALSE,FALSE,0,FALSE,FALSE,FALSE,"DESeq2 only",0.00145149795962137,0.000326633165829146,"control",0.00145149795962137,"Bacteria","Proteobacteria","Alphaproteobacteria","Rhodobacterales","Rhodobacteraceae","Ponticoccus",NA,"Ponticoccus",0.123961728581631
"ASV700","DESeq2",26.1546696073444,3.40527131659451,2.07939988176417,1.78803911260678,0.0737696977593185,0.132276699430502,"deseq2",0.132276699430502,3.40527131659451,FALSE,NA,NA,NA,NA,NA,NA,NA,NA,NA,NA,NA,NA,NA,FALSE,FALSE,FALSE,FALSE,FALSE,FALSE,0,FALSE,FALSE,FALSE,"DESeq2 only",0.000105914251821725,0.00421407549138466,"contrast",0.00421407549138466,"Bacteria","Bacteroidota","Bacteroidia","Flavobacteriales","NS7 marine group",NA,NA,NA,0.878516650143301
"ASV706","DESeq2",6.20871939956539,3.94752750362148,2.20030579655861,1.82807391018118,0.0675384599174248,0.128821000684562,"deseq2",0.128821000684562,3.94752750362148,FALSE,NA,NA,NA,NA,NA,NA,NA,NA,NA,NA,NA,NA,NA,FALSE,FALSE,FALSE,FALSE,FALSE,FALSE,0,FALSE,FALSE,FALSE,"DESeq2 only",0,0.00159620616896638,"contrast",0.00159620616896638,"Bacteria","Planctomycetota","Pla3 lineage",NA,NA,NA,NA,NA,0.890013331557258
"ASV71","DESeq2",23.3394196799924,1.33054556341351,1.69289515367085,0.791368312123448,0.428729095700298,0.539368862332633,"deseq2",0.539368862332633,1.33054556341351,FALSE,NA,NA,NA,NA,NA,NA,NA,NA,NA,NA,NA,NA,NA,FALSE,FALSE,FALSE,FALSE,FALSE,FALSE,0,FALSE,FALSE,FALSE,"DESeq2 only",0.00118729624714359,0.00341550669856933,"contrast",0.00341550669856933,"Bacteria","Proteobacteria","Gammaproteobacteria","Pseudomonadales","SAR86 clade",NA,NA,NA,0.268114128901754
"ASV714","DESeq2",14.7157381614925,-6.39448276469342,1.92752600388971,-3.20651026867948,0.0013435550964,0.00911280847993045,"deseq2",0.00911280847993045,-6.39448276469342,TRUE,NA,NA,NA,NA,NA,NA,NA,NA,NA,NA,NA,NA,NA,TRUE,FALSE,FALSE,TRUE,TRUE,FALSE,2,TRUE,TRUE,FALSE,"DESeq2 + ALDEx2",0.00659960015119434,0,"control",0.00659960015119434,"Bacteria","Proteobacteria","Gammaproteobacteria","Enterobacterales","Alteromonadaceae","Aliiglaciecola",NA,"Aliiglaciecola",2.04034775701537
"ASV72","DESeq2",9.90327025547566,-2.5987307394048,2.05723051033108,-1.22924120693159,0.218981383339169,0.319262577578601,"deseq2",0.319262577578601,-2.5987307394048,FALSE,NA,NA,NA,NA,NA,NA,NA,NA,NA,NA,NA,NA,NA,FALSE,FALSE,FALSE,FALSE,FALSE,FALSE,0,FALSE,FALSE,FALSE,"DESeq2 only",0.00327971582640429,0.000295721304014061,"control",0.00327971582640429,"Bacteria","Proteobacteria","Alphaproteobacteria","Puniceispirillales","SAR116 clade",NA,NA,NA,0.49585198438441
"ASV74","DESeq2",8.95807781134414,-0.767756308041944,2.18452116414394,-0.345749153236321,0.729531240804361,0.774196418812792,"deseq2",0.774196418812792,-0.767756308041944,FALSE,NA,NA,NA,NA,NA,NA,NA,NA,NA,NA,NA,NA,NA,FALSE,FALSE,FALSE,FALSE,FALSE,FALSE,0,FALSE,FALSE,FALSE,"DESeq2 only",0.00188121958546326,0.000433417085427136,"control",0.00188121958546326,"Bacteria","Proteobacteria","Alphaproteobacteria","SAR11 clade","Clade I","Clade Ib",NA,"Clade Ib",0.111148841921016
"ASV76","DESeq2",124.906625542092,-3.70758960382823,2.04471139288478,-1.75308750721585,0.0795869875907983,0.139611360038542,"deseq2",0.139611360038542,-3.70758960382823,FALSE,NA,NA,NA,NA,NA,NA,NA,NA,NA,NA,NA,NA,NA,FALSE,FALSE,FALSE,FALSE,TRUE,TRUE,2,TRUE,TRUE,TRUE,"DESeq2 + ALDEx2 + LEfSe",0.0492695738128566,0.000935929648241206,"control",0.0492695738128566,"Bacteria","Proteobacteria","Gammaproteobacteria","Enterobacterales","Colwelliaceae","Colwellia",NA,"Colwellia",0.855079242161809
"ASV77","DESeq2",96.7098806566773,8.64396490955813,1.60781386461784,5.3242351839694,1.0137867319346e-07,7.9075365090899e-06,"deseq2",7.9075365090899e-06,8.64396490955813,TRUE,NA,NA,NA,NA,NA,NA,NA,NA,NA,NA,NA,NA,NA,TRUE,FALSE,FALSE,TRUE,TRUE,FALSE,2,TRUE,TRUE,FALSE,"DESeq2 + ALDEx2",0,0.010927785555155,"contrast",0.010927785555155,"Bacteria","Proteobacteria","Alphaproteobacteria","Sphingomonadales","Sphingomonadaceae","Erythrobacter",NA,"Erythrobacter",5.10195879427033
"ASV774","DESeq2",23.7153142469315,5.8480425120985,1.9633365922453,3.11904279291331,0.00181439607721243,0.0097136931179639,"deseq2",0.0097136931179639,5.8480425120985,TRUE,NA,NA,NA,NA,NA,NA,NA,NA,NA,NA,NA,NA,NA,TRUE,FALSE,FALSE,TRUE,FALSE,FALSE,1,TRUE,TRUE,FALSE,"DESeq2 + ALDEx2",0,0.00308291215892524,"contrast",0.00308291215892524,"Bacteria","Bacteroidota","Bacteroidia","Flavobacteriales","Flavobacteriaceae","NS4 marine group",NA,"NS4 marine group",2.01261562119242
"ASV795","DESeq2",21.5013041251475,-6.91396061093853,1.89428926851554,-3.53227834047659,0.000411995459194329,0.00428475277562102,"deseq2",0.00428475277562102,-6.91396061093853,TRUE,NA,NA,NA,NA,NA,NA,NA,NA,NA,NA,NA,NA,NA,TRUE,FALSE,FALSE,TRUE,TRUE,FALSE,2,TRUE,TRUE,FALSE,"DESeq2 + ALDEx2",0.0096270898752598,0,"control",0.0096270898752598,"Bacteria","Bacteroidota","Bacteroidia","Cytophagales","Cyclobacteriaceae","Fabibacter",NA,"Fabibacter",2.36807423121593
"ASV800","DESeq2",0.663875604526991,3.58382223256982,2.21764846481798,0.887670509496181,0.374718013594457,0.483107521658969,"deseq2",0.483107521658969,3.58382223256982,FALSE,NA,NA,NA,NA,NA,NA,NA,NA,NA,NA,NA,NA,NA,FALSE,FALSE,FALSE,FALSE,FALSE,FALSE,0,FALSE,FALSE,FALSE,"DESeq2 only",0,0.00154041546488342,"contrast",0.00154041546488342,"Bacteria","Bacteroidota","Bacteroidia","Flavobacteriales","Flavobacteriaceae","NS4 marine group",NA,"NS4 marine group",0.31595620078805
"ASV81","DESeq2",27.7743015728928,-3.24616389389352,2.01534689097603,-1.56400073667406,0.117817395416893,0.189479522526137,"deseq2",0.189479522526137,-3.24616389389352,FALSE,NA,NA,NA,NA,NA,NA,NA,NA,NA,NA,NA,NA,NA,FALSE,FALSE,FALSE,FALSE,TRUE,TRUE,2,TRUE,TRUE,TRUE,"DESeq2 + ALDEx2 + LEfSe",0.0108221510595221,0.000307788944723618,"control",0.0108221510595221,"Bacteria","Proteobacteria","Alphaproteobacteria","Rhodobacterales","Rhodobacteraceae","Pseudophaeobacter",NA,"Pseudophaeobacter",0.722437718331485
"ASV829","DESeq2",6.94255897930479,-5.2741793428241,2.04811470708786,-2.46710503349827,0.0136210396779673,0.0326904952271215,"deseq2",0.0326904952271215,-5.2741793428241,TRUE,NA,NA,NA,NA,NA,NA,NA,NA,NA,NA,NA,NA,NA,TRUE,FALSE,FALSE,TRUE,TRUE,FALSE,2,TRUE,TRUE,FALSE,"DESeq2 + ALDEx2",0.00309180186723967,0,"control",0.00309180186723967,"Bacteria","Proteobacteria","Gammaproteobacteria","Enterobacterales","Colwelliaceae","Thalassotalea",NA,"Thalassotalea",1.48557850025851
"ASV85","DESeq2",9.40174794804758,-0.721664810499496,1.67046849741345,-0.430904894140927,0.66653752471517,0.742940532248243,"deseq2",0.742940532248243,-0.721664810499496,FALSE,NA,NA,NA,NA,NA,NA,NA,NA,NA,NA,NA,NA,NA,FALSE,FALSE,FALSE,FALSE,FALSE,FALSE,0,FALSE,FALSE,FALSE,"DESeq2 only",0.00164727978414521,0.000820932951792135,"control",0.00164727978414521,"Bacteria","Proteobacteria","Gammaproteobacteria","Pseudomonadales","SAR86 clade",NA,NA,NA,0.129045947410404
"ASV853","DESeq2",9.50226796605589,-2.80383270742865,2.03824956211555,-1.33957263187835,0.180384326413601,0.270576489620401,"deseq2",0.270576489620401,-2.80383270742865,FALSE,NA,NA,NA,NA,NA,NA,NA,NA,NA,NA,NA,NA,NA,FALSE,FALSE,FALSE,FALSE,TRUE,FALSE,1,TRUE,TRUE,FALSE,"DESeq2 + ALDEx2",0.00355412956904081,0.000268384326355341,"control",0.00355412956904081,"Bacteria","Proteobacteria","Gammaproteobacteria","Pseudomonadales","Saccharospirillaceae",NA,NA,NA,0.567709941927998
"ASV860","DESeq2",5.86025346240101,3.85671258001726,2.20693203720526,1.79783053715118,0.0722038665503848,0.130974455603024,"deseq2",0.130974455603024,3.85671258001726,FALSE,NA,NA,NA,NA,NA,NA,NA,NA,NA,NA,NA,NA,NA,FALSE,FALSE,FALSE,FALSE,FALSE,FALSE,0,FALSE,FALSE,FALSE,"DESeq2 only",0,0.000999784835781115,"contrast",0.000999784835781115,"Bacteria","Desulfobacterota",NA,NA,NA,NA,NA,NA,0.882813398026754
"ASV861","DESeq2",7.48533834668561,-5.41777562482724,2.0197994342321,-2.57769970199455,0.0099460391611089,0.0265716828363819,"deseq2",0.0265716828363819,-5.41777562482724,TRUE,NA,NA,NA,NA,NA,NA,NA,NA,NA,NA,NA,NA,NA,TRUE,FALSE,FALSE,TRUE,TRUE,FALSE,2,TRUE,TRUE,FALSE,"DESeq2 + ALDEx2",0.00333160886421632,0,"control",0.00333160886421632,"Bacteria","Proteobacteria","Gammaproteobacteria","Enterobacterales","Alteromonadaceae","Aestuariibacter",NA,"Aestuariibacter",1.57558094000406
"ASV882","DESeq2",10.3788540710812,-3.40726558468622,2.00211731360493,-1.64995779213769,0.0989515691356177,0.164217497714429,"deseq2",0.164217497714429,-3.40726558468622,FALSE,NA,NA,NA,NA,NA,NA,NA,NA,NA,NA,NA,NA,NA,FALSE,FALSE,FALSE,FALSE,TRUE,FALSE,1,TRUE,TRUE,FALSE,"DESeq2 + ALDEx2",0.0039618440054642,0.000100502512562814,"control",0.0039618440054642,"Bacteria","Bacteroidota","Bacteroidia","Flavobacteriales","Flavobacteriaceae","Dokdonia",NA,"Dokdonia",0.784580569774709
"ASV89","DESeq2",44.7814234114309,6.32653872285147,1.96942441173708,3.4179402243048,0.000630969629238582,0.00546840345340104,"deseq2",0.00546840345340104,6.32653872285147,TRUE,NA,NA,NA,NA,NA,NA,NA,NA,NA,NA,NA,NA,NA,TRUE,FALSE,FALSE,TRUE,FALSE,FALSE,1,TRUE,TRUE,FALSE,"DESeq2 + ALDEx2",0,0.00971248285060152,"contrast",0.00971248285060152,"Bacteria","Bacteroidota","Bacteroidia","Flavobacteriales","NS9 marine group",NA,NA,NA,2.26213945110459
"ASV9","DESeq2",3.60567244558895,2.33441446052926,2.15378998571707,-0.600768008728849,0.54799451465396,0.642760483353517,"deseq2",0.642760483353517,2.33441446052926,FALSE,NA,NA,NA,NA,NA,NA,NA,NA,NA,NA,NA,NA,NA,FALSE,FALSE,FALSE,FALSE,FALSE,FALSE,0,FALSE,FALSE,FALSE,"DESeq2 only",0.000899085754791395,0.00625195470358787,"contrast",0.00625195470358787,"Bacteria","Proteobacteria","Gammaproteobacteria","Enterobacterales","Alteromonadaceae","Glaciecola",NA,"Glaciecola",0.191950831331612
"ASV92","DESeq2",44.1852760438738,0.133150206244254,1.585398068614,0.0840274746859133,0.933034587370569,0.933034587370569,"deseq2",0.933034587370569,0.133150206244254,FALSE,NA,NA,NA,NA,NA,NA,NA,NA,NA,NA,NA,NA,NA,FALSE,FALSE,FALSE,FALSE,FALSE,FALSE,0,FALSE,FALSE,FALSE,"DESeq2 only",0.00494468500669714,0.00614212828486468,"contrast",0.00614212828486468,"Bacteria","Verrucomicrobiota","Verrucomicrobiae","Opitutales","Puniceicoccaceae","Coraliomargarita",NA,"Coraliomargarita",0.0301022567617918
"ASV93","DESeq2",0.567121302813001,3.82758958536733,2.20907612693194,0.657975661073647,0.510553770840128,0.607987696572977,"deseq2",0.607987696572977,3.82758958536733,FALSE,NA,NA,NA,NA,NA,NA,NA,NA,NA,NA,NA,NA,NA,FALSE,FALSE,FALSE,FALSE,FALSE,FALSE,0,FALSE,FALSE,FALSE,"DESeq2 only",0,0.0028631068929823,"contrast",0.0028631068929823,"Bacteria","Proteobacteria","Alphaproteobacteria","Puniceispirillales","SAR116 clade",NA,NA,NA,0.216105209155766
"ASV94","DESeq2",2.0437583464886,3.93614600578569,2.20113120171702,1.3507136843844,0.176787166988518,0.267755320875813,"deseq2",0.267755320875813,3.93614600578569,FALSE,NA,NA,NA,NA,NA,NA,NA,NA,NA,NA,NA,NA,NA,FALSE,FALSE,FALSE,FALSE,FALSE,FALSE,0,FALSE,FALSE,FALSE,"DESeq2 only",0,0.00494949087691762,"contrast",0.00494949087691762,"Bacteria","Proteobacteria","Alphaproteobacteria","Puniceispirillales","SAR116 clade",NA,NA,NA,0.572261890042162
"ASV943","DESeq2",23.9105160947373,6.5674800870643,1.78922700595478,3.6948967419529,0.000219976165208079,0.0030191908707521,"deseq2",0.0030191908707521,6.5674800870643,TRUE,NA,NA,NA,NA,NA,NA,NA,NA,NA,NA,NA,NA,NA,TRUE,FALSE,FALSE,TRUE,TRUE,FALSE,2,TRUE,TRUE,FALSE,"DESeq2 + ALDEx2",0,0.00304060627375117,"contrast",0.00304060627375117,"Bacteria","Bdellovibrionota","Bdellovibrionia","Bdellovibrionales","Bdellovibrionaceae","OM27 clade",NA,"OM27 clade",2.52010943037071
"ASV946","DESeq2",20.9204801036565,6.05738303980358,1.88986636759113,3.28147894489172,0.00103264233849541,0.00767105737168022,"deseq2",0.00767105737168022,6.05738303980358,TRUE,NA,NA,NA,NA,NA,NA,NA,NA,NA,NA,NA,NA,NA,TRUE,FALSE,FALSE,TRUE,TRUE,FALSE,2,TRUE,TRUE,FALSE,"DESeq2 + ALDEx2",0,0.00310390265595334,"contrast",0.00310390265595334,"Bacteria","Bacteroidota","Bacteroidia","Flavobacteriales","Crocinitomicaceae","Crocinitomix",NA,"Crocinitomix",2.11514476916236
"ASV976","DESeq2",8.14425267427579,-3.41995274688915,2.01577410817469,-1.65519727453997,0.0978844879141406,0.164193334565655,"deseq2",0.164193334565655,-3.41995274688915,FALSE,NA,NA,NA,NA,NA,NA,NA,NA,NA,NA,NA,NA,NA,FALSE,FALSE,FALSE,FALSE,TRUE,FALSE,1,TRUE,TRUE,FALSE,"DESeq2 + ALDEx2",0.0032299277838701,6.9060773480663e-05,"control",0.0032299277838701,"Bacteria","Proteobacteria","Alphaproteobacteria","Sphingomonadales","Sphingomonadaceae","Erythrobacter",NA,"Erythrobacter",0.784644477058912
