"TaxaID","source","baseMean","log2FoldChange","lfcSE","stat","pvalue","padj","method","adjusted_p_value","score","significant","rab.all","rab.win.control","rab.win.DOR1","diff.btw","diff.win","effect","overlap","we.ep","we.eBH","wi.ep","wi.eBH","Names","scores","significant_in_deseq2.x","significant_in_aldex2.x","significant_in_lefse.x","significant_in_deseq2.y","significant_in_aldex2.y","significant_in_lefse.y","n_methods","is_significant","significant_in_aldex2","significant_in_lefse","method_overlap","relab_control","relab_contrast","dominant_group","avg_relab","Kingdom","Phylum","Class","Order","Family","Genus","Species","tax_group","neg_log_p"
"ASV1","DESeq2",263.471696247797,-4.30177177508116,1.43038996377252,-3.01122551901799,0.00260195525553112,0.00410621063763505,"deseq2",0.00410621063763505,-4.30177177508116,TRUE,NA,NA,NA,NA,NA,NA,NA,NA,NA,NA,NA,NA,NA,TRUE,FALSE,FALSE,TRUE,FALSE,TRUE,2,TRUE,TRUE,TRUE,"DESeq2 + ALDEx2 + LEfSe",0.0329588503765482,0.000994365263506795,"control",0.0329588503765482,"Bacteria","Proteobacteria","Alphaproteobacteria","SAR11 clade","Clade I","Clade Ia",NA,"Clade Ia",2.3865587762474
"ASV1015","DESeq2",39.7674451039711,3.43312788306502,1.86955941690874,1.82242628982614,0.0683903285616209,0.0832219660810086,"deseq2",0.0832219660810086,3.43312788306502,FALSE,NA,NA,NA,NA,NA,NA,NA,NA,NA,NA,NA,NA,NA,FALSE,FALSE,FALSE,FALSE,TRUE,TRUE,2,TRUE,TRUE,TRUE,"DESeq2 + ALDEx2 + LEfSe",0.000360108456193865,0.00623000277339971,"contrast",0.00623000277339971,"Bacteria","Bacteroidota","Bacteroidia","Flavobacteriales","Flavobacteriaceae","Aquibacter",NA,"Aquibacter",1.07976202841273
"ASV1030","DESeq2",25.4047221630263,-6.88128722587882,1.43918006962742,-4.78084395662467,1.74560820379804e-06,4.40766071459004e-06,"deseq2",4.40766071459004e-06,-6.88128722587882,TRUE,NA,NA,NA,NA,NA,NA,NA,NA,NA,NA,NA,NA,NA,TRUE,FALSE,FALSE,TRUE,FALSE,FALSE,1,TRUE,TRUE,FALSE,"DESeq2 + ALDEx2",0.00325825138696003,0,"control",0.00325825138696003,"Bacteria","Proteobacteria","Gammaproteobacteria","Enterobacterales","Alteromonadaceae","Aliiglaciecola",NA,"Aliiglaciecola",5.35579184325165
"ASV111","DESeq2",44.2480379527809,-5.10927649118481,2.20990039152271,-2.49941848342735,0.0124397314705324,0.016994232435774,"deseq2",0.016994232435774,-5.10927649118481,TRUE,NA,NA,NA,NA,NA,NA,NA,NA,NA,NA,NA,NA,NA,TRUE,FALSE,FALSE,TRUE,FALSE,FALSE,1,TRUE,TRUE,FALSE,"DESeq2 + ALDEx2",0.00598490996131337,0,"control",0.00598490996131337,"Bacteria","Proteobacteria","Gammaproteobacteria","Pseudomonadales","SAR86 clade",NA,NA,NA,1.76969844605214
"ASV1133","DESeq2",48.7803936450183,-7.38821927140122,1.65680721059344,-4.45299637860334,8.46801833494014e-06,1.78181219131032e-05,"deseq2",1.78181219131032e-05,-7.38821927140122,TRUE,NA,NA,NA,NA,NA,NA,NA,NA,NA,NA,NA,NA,NA,TRUE,FALSE,FALSE,TRUE,FALSE,FALSE,1,TRUE,TRUE,FALSE,"DESeq2 + ALDEx2",0.00645860311179179,0,"control",0.00645860311179179,"Bacteria","Bacteroidota","Bacteroidia","Flavobacteriales","Flavobacteriaceae","Aurantivirga",NA,"Aurantivirga",4.74913807391082
"ASV1158","DESeq2",36.8987404618335,8.38333545293206,1.30310788612747,6.42963461308372,1.27911040055043e-10,1.07658458712995e-09,"deseq2",1.07658458712995e-09,8.38333545293206,TRUE,NA,NA,NA,NA,NA,NA,NA,NA,NA,NA,NA,NA,NA,TRUE,FALSE,FALSE,TRUE,TRUE,FALSE,2,TRUE,TRUE,FALSE,"DESeq2 + ALDEx2",0,0.0063279554981722,"contrast",0.0063279554981722,"Bacteria","Bacteroidota","Bacteroidia","Flavobacteriales","Crocinitomicaceae","Salinirepens",NA,"Salinirepens",8.96795184203132
"ASV1179","DESeq2",31.8874771211878,0.317581338109949,0.845854101633688,0.375512668817315,0.707279226296937,0.728930631183578,"deseq2",0.728930631183578,0.317581338109949,FALSE,NA,NA,NA,NA,NA,NA,NA,NA,NA,NA,NA,NA,NA,FALSE,FALSE,FALSE,FALSE,FALSE,FALSE,0,FALSE,FALSE,FALSE,"DESeq2 only",0.002243845340858,0.00253845719112434,"contrast",0.00253845719112434,"Bacteria","Bacteroidota","Bacteroidia","Flavobacteriales","Flavobacteriaceae","Aquimarina",NA,"Aquimarina",0.13731379942913
"ASV1194","DESeq2",38.7807938393809,-6.97009124431896,1.73723072141934,-4.002898701964,6.25710975520264e-05,0.00011285144379919,"deseq2",0.00011285144379919,-6.97009124431896,TRUE,NA,NA,NA,NA,NA,NA,NA,NA,NA,NA,NA,NA,NA,TRUE,FALSE,FALSE,TRUE,FALSE,FALSE,1,TRUE,TRUE,FALSE,"DESeq2 + ALDEx2",0.00512642473358222,0,"control",0.00512642473358222,"Bacteria","Bacteroidota","Bacteroidia","Flavobacteriales","Flavobacteriaceae",NA,NA,NA,3.94749288027244
"ASV1218","DESeq2",44.9886136253485,-1.1688872674116,1.20808945586995,-0.96770606940538,0.33319118606201,0.36980560211278,"deseq2",0.36980560211278,-1.1688872674116,FALSE,NA,NA,NA,NA,NA,NA,NA,NA,NA,NA,NA,NA,NA,FALSE,FALSE,FALSE,FALSE,FALSE,FALSE,0,FALSE,FALSE,FALSE,"DESeq2 only",0.00451800899342625,0.0017144017999386,"control",0.00451800899342625,"Bacteria","Bacteroidota","Bacteroidia","Flavobacteriales","Flavobacteriaceae","Aureicoccus","marinus","Aureicoccus",0.432026514084799
"ASV1227","DESeq2",58.3515972293735,8.88300847158024,1.37619397739739,6.41624722946272,1.39674554774098e-10,1.08516384862953e-09,"deseq2",1.08516384862953e-09,8.88300847158024,TRUE,NA,NA,NA,NA,NA,NA,NA,NA,NA,NA,NA,NA,NA,TRUE,FALSE,FALSE,TRUE,TRUE,FALSE,2,TRUE,TRUE,FALSE,"DESeq2 + ALDEx2",0,0.010041190768223,"contrast",0.010041190768223,"Bacteria","Proteobacteria","Gammaproteobacteria","Burkholderiales","Rhodocyclaceae","Thauera",NA,"Thauera",8.96450468284467
"ASV1232","DESeq2",31.8323712630419,-5.30799927028107,2.17775573479646,-2.49434051037933,0.0126191422645003,0.016994232435774,"deseq2",0.016994232435774,-5.30799927028107,TRUE,NA,NA,NA,NA,NA,NA,NA,NA,NA,NA,NA,NA,NA,TRUE,FALSE,FALSE,TRUE,FALSE,FALSE,1,TRUE,TRUE,FALSE,"DESeq2 + ALDEx2",0.00436006961258227,0,"control",0.00436006961258227,"Bacteria","Bacteroidota","Bacteroidia","Flavobacteriales","Flavobacteriaceae",NA,NA,NA,1.76969844605214
"ASV1233","DESeq2",40.6281019701239,-7.49931774140264,1.41154947050052,-5.31291375240032,1.07886107562879e-07,3.75741271167268e-07,"deseq2",3.75741271167268e-07,-7.49931774140264,TRUE,NA,NA,NA,NA,NA,NA,NA,NA,NA,NA,NA,NA,NA,TRUE,FALSE,FALSE,TRUE,FALSE,FALSE,1,TRUE,TRUE,FALSE,"DESeq2 + ALDEx2",0.0054230284346084,0,"control",0.0054230284346084,"Bacteria","Proteobacteria","Gammaproteobacteria","Enterobacterales","Alteromonadaceae",NA,NA,NA,6.42511109970425
"ASV1244","DESeq2",33.2400125358465,8.27614216991673,1.27595239446027,6.48511236224805,8.86656814121919e-11,8.95523382263138e-10,"deseq2",8.95523382263138e-10,8.27614216991673,TRUE,NA,NA,NA,NA,NA,NA,NA,NA,NA,NA,NA,NA,NA,TRUE,FALSE,FALSE,TRUE,TRUE,FALSE,2,TRUE,TRUE,FALSE,"DESeq2 + ALDEx2",0,0.00569199377763444,"contrast",0.00569199377763444,"Bacteria","Proteobacteria","Alphaproteobacteria","Rhodobacterales","Rhodobacteraceae",NA,NA,NA,9.04792307016639
"ASV1253","DESeq2",41.1938845154072,-7.53482982383879,1.39880658218869,-5.38672231829204,7.17541601415933e-08,2.68413710159294e-07,"deseq2",2.68413710159294e-07,-7.53482982383879,TRUE,NA,NA,NA,NA,NA,NA,NA,NA,NA,NA,NA,NA,NA,TRUE,FALSE,FALSE,TRUE,FALSE,FALSE,1,TRUE,TRUE,FALSE,"DESeq2 + ALDEx2",0.00545809837927336,0,"control",0.00545809837927336,"Bacteria","Proteobacteria","Gammaproteobacteria","Arenicellales","Arenicellaceae","Arenicella",NA,"Arenicella",6.57119530484262
"ASV13","DESeq2",71.9719702392163,-3.80987099806658,1.1965990757296,-3.16795818373131,0.00153513599299382,0.00246109103638692,"deseq2",0.00246109103638692,-3.80987099806658,TRUE,NA,NA,NA,NA,NA,NA,NA,NA,NA,NA,NA,NA,NA,TRUE,FALSE,FALSE,TRUE,FALSE,TRUE,2,TRUE,TRUE,TRUE,"DESeq2 + ALDEx2 + LEfSe",0.00915929924084153,0.000430891614186278,"control",0.00915929924084153,"Bacteria","Proteobacteria","Alphaproteobacteria","SAR11 clade","Clade I","Clade Ib",NA,"Clade Ib",2.6088723213361
"ASV1328","DESeq2",34.8682461807262,-6.98515680206579,1.64264283744723,-4.24798402745799,2.15702769254871e-05,4.2717607244592e-05,"deseq2",4.2717607244592e-05,-6.98515680206579,TRUE,NA,NA,NA,NA,NA,NA,NA,NA,NA,NA,NA,NA,NA,TRUE,FALSE,FALSE,TRUE,FALSE,FALSE,1,TRUE,TRUE,FALSE,"DESeq2 + ALDEx2",0.00482684466345141,0,"control",0.00482684466345141,"Bacteria","Proteobacteria","Alphaproteobacteria","Rhodobacterales","Rhodobacteraceae",NA,NA,NA,4.36939308157812
"ASV1331","DESeq2",34.4749685064416,8.22717705793938,1.35560699805233,6.05711807968402,1.38581864539654e-09,8.23339312853238e-09,"deseq2",8.23339312853238e-09,8.22717705793938,TRUE,NA,NA,NA,NA,NA,NA,NA,NA,NA,NA,NA,NA,NA,TRUE,FALSE,FALSE,TRUE,TRUE,FALSE,2,TRUE,TRUE,FALSE,"DESeq2 + ALDEx2",0,0.00595257551949966,"contrast",0.00595257551949966,"Bacteria","Proteobacteria","Alphaproteobacteria","Rhodobacterales","Rhodobacteraceae",NA,NA,NA,8.0844211473753
"ASV1334","DESeq2",23.5803225821623,-6.78872126908869,1.43607909176651,-4.72678332730872,2.28104437321906e-06,5.4853686117887e-06,"deseq2",5.4853686117887e-06,-6.78872126908869,TRUE,NA,NA,NA,NA,NA,NA,NA,NA,NA,NA,NA,NA,NA,TRUE,FALSE,FALSE,TRUE,FALSE,FALSE,1,TRUE,TRUE,FALSE,"DESeq2 + ALDEx2",0.00303419663710719,0,"control",0.00303419663710719,"Bacteria","Proteobacteria","Gammaproteobacteria","Pseudomonadales","Spongiibacteraceae","Dasania",NA,"Dasania",5.26079418291391
"ASV141","DESeq2",19.6931907617412,-6.54265737681675,1.430192367001,-4.57478715557147,4.76704366716099e-06,1.06993646751836e-05,"deseq2",1.06993646751836e-05,-6.54265737681675,TRUE,NA,NA,NA,NA,NA,NA,NA,NA,NA,NA,NA,NA,NA,TRUE,FALSE,FALSE,TRUE,FALSE,FALSE,1,TRUE,TRUE,FALSE,"DESeq2 + ALDEx2",0.00260779967750312,0,"control",0.00260779967750312,"Bacteria","Cyanobacteria","Cyanobacteriia","Synechococcales","Cyanobiaceae","Synechococcus CC9902",NA,"Synechococcus CC9902",4.97064200981514
"ASV1415","DESeq2",35.3559074365249,-3.58832122064366,1.22450204175244,-2.90862288383195,0.00363024475242805,0.00564084184608051,"deseq2",0.00564084184608051,-3.58832122064366,TRUE,NA,NA,NA,NA,NA,NA,NA,NA,NA,NA,NA,NA,NA,TRUE,FALSE,FALSE,TRUE,FALSE,TRUE,2,TRUE,TRUE,TRUE,"DESeq2 + ALDEx2 + LEfSe",0.00459277392996912,0.000282140505971974,"control",0.00459277392996912,"Bacteria","Proteobacteria","Alphaproteobacteria","Rhodobacterales","Rhodobacteraceae","Yoonia-Loktanella",NA,"Yoonia-Loktanella",2.24865607654431
"ASV1426","DESeq2",67.4807914700705,9.12507800709016,1.33999107757353,6.76980271932554,1.28958118026232e-11,3.25619248016235e-10,"deseq2",3.25619248016235e-10,9.12507800709016,TRUE,NA,NA,NA,NA,NA,NA,NA,NA,NA,NA,NA,NA,NA,TRUE,FALSE,FALSE,TRUE,TRUE,FALSE,2,TRUE,TRUE,FALSE,"DESeq2 + ALDEx2",0,0.0113645890316951,"contrast",0.0113645890316951,"Bacteria","Chloroflexi","Anaerolineae","C10-SB1A",NA,NA,NA,NA,9.48728993099363
"ASV1498","DESeq2",21.8609382250325,-6.6108599058322,1.4771444601606,-4.4755219200346,7.62248775940132e-06,1.63802396531816e-05,"deseq2",1.63802396531816e-05,-6.6108599058322,TRUE,NA,NA,NA,NA,NA,NA,NA,NA,NA,NA,NA,NA,NA,TRUE,FALSE,FALSE,TRUE,FALSE,FALSE,1,TRUE,TRUE,FALSE,"DESeq2 + ALDEx2",0.00295822325786239,0,"control",0.00295822325786239,"Bacteria","Proteobacteria","Gammaproteobacteria","Pseudomonadales","Marinobacteraceae","Marinobacter","guineae","Marinobacter",4.78567974852841
"ASV1510","DESeq2",30.2685425165902,-7.08746108557707,1.43080216655762,-4.95371315495969,7.2810516737153e-07,2.0427394973479e-06,"deseq2",2.0427394973479e-06,-7.08746108557707,TRUE,NA,NA,NA,NA,NA,NA,NA,NA,NA,NA,NA,NA,NA,TRUE,FALSE,FALSE,TRUE,FALSE,FALSE,1,TRUE,TRUE,FALSE,"DESeq2 + ALDEx2",0.00405578148810098,0,"control",0.00405578148810098,"Bacteria","Proteobacteria","Alphaproteobacteria","Rhodobacterales","Rhodobacteraceae","Yoonia-Loktanella",NA,"Yoonia-Loktanella",5.68978701372871
"ASV1573","DESeq2",33.4998893333827,8.3081190442309,1.25744069272753,6.60647744891125,3.93572189089153e-11,5.91768292007664e-10,"deseq2",5.91768292007664e-10,8.3081190442309,TRUE,NA,NA,NA,NA,NA,NA,NA,NA,NA,NA,NA,NA,NA,TRUE,FALSE,FALSE,TRUE,TRUE,FALSE,2,TRUE,TRUE,FALSE,"DESeq2 + ALDEx2",0,0.0057081628507145,"contrast",0.0057081628507145,"Bacteria","Proteobacteria","Gammaproteobacteria","Pseudomonadales","Nitrincolaceae",NA,NA,NA,9.22784830881889
"ASV160","DESeq2",129.993000705728,0.186262392088535,0.383187280354247,0.486099595789934,0.626896553501471,0.652747957769573,"deseq2",0.652747957769573,0.186262392088535,FALSE,NA,NA,NA,NA,NA,NA,NA,NA,NA,NA,NA,NA,NA,FALSE,FALSE,FALSE,FALSE,TRUE,TRUE,2,TRUE,TRUE,TRUE,"DESeq2 + ALDEx2 + LEfSe",0.00975858915422139,0.00954239341122273,"control",0.00975858915422139,"Bacteria","Bacteroidota","Bacteroidia","Flavobacteriales","Flavobacteriaceae","Polaribacter","dokdonensis","Polaribacter",0.185254478265328
"ASV1633","DESeq2",35.3412244982291,8.37113604092466,1.2653773014837,6.61449144099513,3.72831227585833e-11,5.91768292007664e-10,"deseq2",5.91768292007664e-10,8.37113604092466,TRUE,NA,NA,NA,NA,NA,NA,NA,NA,NA,NA,NA,NA,NA,TRUE,FALSE,FALSE,TRUE,TRUE,FALSE,2,TRUE,TRUE,FALSE,"DESeq2 + ALDEx2",0,0.00600647242976654,"contrast",0.00600647242976654,"Bacteria","Bacteroidota","Bacteroidia","Flavobacteriales","Flavobacteriaceae","Aquimarina",NA,"Aquimarina",9.22784830881889
"ASV169","DESeq2",81.1731542137748,0.388379343175937,1.73867006977182,0.223178529492571,0.823396561520433,0.833570647442365,"deseq2",0.833570647442365,0.388379343175937,FALSE,NA,NA,NA,NA,NA,NA,NA,NA,NA,NA,NA,NA,NA,FALSE,FALSE,FALSE,FALSE,FALSE,TRUE,1,TRUE,TRUE,TRUE,"DESeq2 + ALDEx2 + LEfSe",0.00530217482913785,0.00667638702171129,"contrast",0.00667638702171129,"Bacteria","Proteobacteria","Gammaproteobacteria","Enterobacterales","Colwelliaceae","Thalassotalea","eurytherma","Thalassotalea",0.0790575866048313
"ASV1733","DESeq2",29.6395275013644,-7.07682242613979,1.41640206867181,-4.99663825421388,5.83383553076257e-07,1.73299231943241e-06,"deseq2",1.73299231943241e-06,-7.07682242613979,TRUE,NA,NA,NA,NA,NA,NA,NA,NA,NA,NA,NA,NA,NA,TRUE,FALSE,FALSE,TRUE,FALSE,FALSE,1,TRUE,TRUE,FALSE,"DESeq2 + ALDEx2",0.00397575379457161,0,"control",0.00397575379457161,"Bacteria","Proteobacteria","Alphaproteobacteria","Rhodobacterales","Rhodobacteraceae","Tateyamaria",NA,"Tateyamaria",5.76120336206134
"ASV175","DESeq2",156.697951698676,-9.15431660018338,1.48425233752125,-6.16544838618798,7.02836930888851e-10,5.07046642998385e-09,"deseq2",5.07046642998385e-09,-9.15431660018338,TRUE,NA,NA,NA,NA,NA,NA,NA,NA,NA,NA,NA,NA,NA,TRUE,FALSE,FALSE,TRUE,FALSE,FALSE,1,TRUE,TRUE,FALSE,"DESeq2 + ALDEx2",0.0201835129798666,0,"control",0.0201835129798666,"Bacteria","Proteobacteria","Gammaproteobacteria","Enterobacterales","Colwelliaceae","Colwellia",NA,"Colwellia",8.29495208827005
"ASV1750","DESeq2",28.9712058185927,8.04573915617875,1.31729726366596,6.10564676264074,1.0238522330674e-09,6.82234547866604e-09,"deseq2",6.82234547866604e-09,8.04573915617875,TRUE,NA,NA,NA,NA,NA,NA,NA,NA,NA,NA,NA,NA,NA,TRUE,FALSE,FALSE,TRUE,TRUE,FALSE,2,TRUE,TRUE,FALSE,"DESeq2 + ALDEx2",0,0.00498744987532794,"contrast",0.00498744987532794,"Bacteria","Proteobacteria","Gammaproteobacteria","Pseudomonadales","Spongiibacteraceae","BD1-7 clade",NA,"BD1-7 clade",8.1660662920117
"ASV180","DESeq2",53.1246280724584,-2.34106883215124,1.60704727933601,-1.45939150139812,0.144457383774216,0.169653439083672,"deseq2",0.169653439083672,-2.34106883215124,FALSE,NA,NA,NA,NA,NA,NA,NA,NA,NA,NA,NA,NA,NA,FALSE,FALSE,FALSE,FALSE,FALSE,FALSE,0,FALSE,FALSE,FALSE,"DESeq2 only",0.00651120882563335,0.000795492210805436,"control",0.00651120882563335,"Bacteria","Proteobacteria","Gammaproteobacteria","Enterobacterales","Pseudoalteromonadaceae","Pseudoalteromonas",NA,"Pseudoalteromonas",0.770437332246844
"ASV1836","DESeq2",38.9037649988161,-5.56003782281788,2.15558304157268,-2.63882020239531,0.00831950915992933,0.0123569180169539,"deseq2",0.0123569180169539,-5.56003782281788,TRUE,NA,NA,NA,NA,NA,NA,NA,NA,NA,NA,NA,NA,NA,TRUE,FALSE,FALSE,TRUE,FALSE,FALSE,1,TRUE,TRUE,FALSE,"DESeq2 + ALDEx2",0.00475929225851361,0,"control",0.00475929225851361,"Bacteria","Proteobacteria","Gammaproteobacteria","Pseudomonadales","Alcanivoracaceae1","Alcanivorax",NA,"Alcanivorax",1.90808983467883
"ASV1892","DESeq2",35.4059071456267,0.0100140330835694,0.943769175270041,0.0106117393691297,0.991533215900438,0.991533215900438,"deseq2",0.991533215900438,0.0100140330835694,FALSE,NA,NA,NA,NA,NA,NA,NA,NA,NA,NA,NA,NA,NA,FALSE,FALSE,FALSE,FALSE,FALSE,FALSE,0,FALSE,FALSE,FALSE,"DESeq2 only",0.00278778270624356,0.0024019692665416,"control",0.00278778270624356,"Bacteria","Proteobacteria","Alphaproteobacteria","Caulobacterales","Hyphomonadaceae",NA,NA,NA,0.00369273255232906
"ASV1959","DESeq2",37.3355680547427,8.4169690407788,1.28840057528611,6.53105464023545,6.53081656067572e-11,8.24515590785309e-10,"deseq2",8.24515590785309e-10,8.4169690407788,TRUE,NA,NA,NA,NA,NA,NA,NA,NA,NA,NA,NA,NA,NA,TRUE,FALSE,FALSE,TRUE,TRUE,FALSE,2,TRUE,TRUE,FALSE,"DESeq2 + ALDEx2",0,0.00638575829788757,"contrast",0.00638575829788757,"Bacteria","Bacteroidota","Bacteroidia","Flavobacteriales","Flavobacteriaceae","Tenacibaculum",NA,"Tenacibaculum",9.08380112785693
"ASV2","DESeq2",34.2938123644637,-7.34138713574746,1.37555723561099,-5.33699296577415,9.45007046681201e-08,3.40877541838576e-07,"deseq2",3.40877541838576e-07,-7.34138713574746,TRUE,NA,NA,NA,NA,NA,NA,NA,NA,NA,NA,NA,NA,NA,TRUE,FALSE,FALSE,TRUE,FALSE,FALSE,1,TRUE,TRUE,FALSE,"DESeq2 + ALDEx2",0.00446230148378429,0,"control",0.00446230148378429,"Bacteria","Cyanobacteria","Cyanobacteriia","Synechococcales","Cyanobiaceae","Prochlorococcus MIT9313","marinus","Prochlorococcus MIT9313",6.4674016106129
"ASV20","DESeq2",60.6045208448102,-1.85616150836435,1.49567969665795,-1.2421379929195,0.214185652865264,0.24582671522036,"deseq2",0.24582671522036,-1.85616150836435,FALSE,NA,NA,NA,NA,NA,NA,NA,NA,NA,NA,NA,NA,NA,FALSE,FALSE,FALSE,FALSE,FALSE,FALSE,0,FALSE,FALSE,FALSE,"DESeq2 only",0.00676687792174908,0.00132582035134239,"control",0.00676687792174908,"Bacteria","Proteobacteria","Alphaproteobacteria","SAR11 clade","Clade I","Clade Ia",NA,"Clade Ia",0.609370921928313
"ASV2111","DESeq2",40.214665588121,8.30599242446872,1.44312782517278,5.72315884390016,1.04561417992022e-08,4.80031964417918e-08,"deseq2",4.80031964417918e-08,8.30599242446872,TRUE,NA,NA,NA,NA,NA,NA,NA,NA,NA,NA,NA,NA,NA,TRUE,FALSE,FALSE,TRUE,TRUE,FALSE,2,TRUE,TRUE,FALSE,"DESeq2 + ALDEx2",0,0.00697321279918513,"contrast",0.00697321279918513,"Bacteria","Bacteroidota","Bacteroidia","Flavobacteriales","Flavobacteriaceae","Spongiivirga",NA,"Spongiivirga",7.31872984281583
"ASV223","DESeq2",92.7149650587744,-8.52338240333577,1.45781611728918,-5.84530844808934,5.05630473520474e-09,2.8371487680871e-08,"deseq2",2.8371487680871e-08,-8.52338240333577,TRUE,NA,NA,NA,NA,NA,NA,NA,NA,NA,NA,NA,NA,NA,TRUE,FALSE,FALSE,TRUE,FALSE,FALSE,1,TRUE,TRUE,FALSE,"DESeq2 + ALDEx2",0.0118902614101523,0,"control",0.0118902614101523,"Bacteria","Proteobacteria","Gammaproteobacteria","Pseudomonadales","Cellvibrionaceae","Aestuariicella",NA,"Aestuariicella",7.54711789104047
"ASV2291","DESeq2",32.0566409696781,8.15935090099234,1.3370595347199,6.09700112384866,1.08076760058076e-09,6.82234547866604e-09,"deseq2",6.82234547866604e-09,8.15935090099234,TRUE,NA,NA,NA,NA,NA,NA,NA,NA,NA,NA,NA,NA,NA,TRUE,FALSE,FALSE,TRUE,TRUE,FALSE,2,TRUE,TRUE,FALSE,"DESeq2 + ALDEx2",0,0.00538358125548379,"contrast",0.00538358125548379,"Bacteria","Actinobacteriota","Acidimicrobiia","Microtrichales",NA,NA,NA,NA,8.1660662920117
"ASV23","DESeq2",46.2085850949188,8.45264043095824,1.4653606484823,5.72741977466577,1.01969632216293e-08,4.80031964417918e-08,"deseq2",4.80031964417918e-08,8.45264043095824,TRUE,NA,NA,NA,NA,NA,NA,NA,NA,NA,NA,NA,NA,NA,TRUE,FALSE,FALSE,TRUE,TRUE,FALSE,2,TRUE,TRUE,FALSE,"DESeq2 + ALDEx2",0,0.00772384183286154,"contrast",0.00772384183286154,"Bacteria","Proteobacteria","Alphaproteobacteria","Sphingomonadales","Sphingomonadaceae","Sphingobium",NA,"Sphingobium",7.31872984281583
"ASV2303","DESeq2",32.2712112696251,-5.30119658820156,2.17915288882803,-2.4943310248588,0.0126194795315153,0.016994232435774,"deseq2",0.016994232435774,-5.30119658820156,TRUE,NA,NA,NA,NA,NA,NA,NA,NA,NA,NA,NA,NA,NA,TRUE,FALSE,FALSE,TRUE,FALSE,FALSE,1,TRUE,TRUE,FALSE,"DESeq2 + ALDEx2",0.00420326117277115,0,"control",0.00420326117277115,"Bacteria","Bacteroidota","Bacteroidia","Flavobacteriales","Flavobacteriaceae","Winogradskyella",NA,"Winogradskyella",1.76969844605214
"ASV236","DESeq2",112.243321265682,-2.39892118720649,2.11520640473389,-1.1642369420381,0.244328003122539,0.274190314615294,"deseq2",0.274190314615294,-2.39892118720649,FALSE,NA,NA,NA,NA,NA,NA,NA,NA,NA,NA,NA,NA,NA,FALSE,FALSE,FALSE,FALSE,FALSE,FALSE,0,FALSE,FALSE,FALSE,"DESeq2 only",0.0134912869552687,0.00122260885921189,"control",0.0134912869552687,"Bacteria","Bacteroidota","Bacteroidia","Flavobacteriales","Flavobacteriaceae","Aurantivirga",NA,"Aurantivirga",0.56194789011333
"ASV24","DESeq2",277.740675949646,-9.42227991766954,1.70215974690529,-5.49299196864313,3.95180770724586e-08,1.66305241013263e-07,"deseq2",1.66305241013263e-07,-9.42227991766954,TRUE,NA,NA,NA,NA,NA,NA,NA,NA,NA,NA,NA,NA,NA,TRUE,FALSE,FALSE,TRUE,FALSE,FALSE,1,TRUE,TRUE,FALSE,"DESeq2 + ALDEx2",0.0353401887892061,0,"control",0.0353401887892061,"Bacteria","Proteobacteria","Alphaproteobacteria","Rhodobacterales","Rhodobacteraceae","Pseudophaeobacter",NA,"Pseudophaeobacter",6.77909406402598
"ASV248","DESeq2",18.3865775569897,-4.9979894304239,2.1901615382881,-2.27079490952501,0.0231593962614446,0.0296088483848848,"deseq2",0.0296088483848848,-4.9979894304239,TRUE,NA,NA,NA,NA,NA,NA,NA,NA,NA,NA,NA,NA,NA,TRUE,FALSE,FALSE,TRUE,FALSE,FALSE,1,TRUE,TRUE,FALSE,"DESeq2 + ALDEx2",0.00225398240476077,0,"control",0.00225398240476077,"Bacteria","Proteobacteria","Gammaproteobacteria","Enterobacterales","Alteromonadaceae","Alteromonas","australica","Alteromonas",1.52857848385744
"ASV257","DESeq2",43.9415211282096,8.59475395784748,1.3178186713847,6.50689147707153,7.6721794827792e-11,8.60989030845221e-10,"deseq2",8.60989030845221e-10,8.59475395784748,TRUE,NA,NA,NA,NA,NA,NA,NA,NA,NA,NA,NA,NA,NA,TRUE,FALSE,FALSE,TRUE,TRUE,FALSE,2,TRUE,TRUE,FALSE,"DESeq2 + ALDEx2",0,0.00746029248783992,"contrast",0.00746029248783992,"Bacteria","Proteobacteria","Alphaproteobacteria","Rhodobacterales","Rhodobacteraceae","Ascidiaceihabitans",NA,"Ascidiaceihabitans",9.06500238150074
"ASV2656","DESeq2",28.3586722900647,-6.70215436062402,1.66004401527557,-4.03278425013586,5.51198808251403e-05,0.000103094591913688,"deseq2",0.000103094591913688,-6.70215436062402,TRUE,NA,NA,NA,NA,NA,NA,NA,NA,NA,NA,NA,NA,NA,TRUE,FALSE,FALSE,TRUE,FALSE,FALSE,1,TRUE,TRUE,FALSE,"DESeq2 + ALDEx2",0.0038452898239106,0,"control",0.0038452898239106,"Bacteria","Bacteroidota","Bacteroidia","Flavobacteriales","Flavobacteriaceae",NA,NA,NA,3.98676411612914
"ASV27","DESeq2",180.998579824786,-4.13964868549952,1.64462832777734,-2.52957756821496,0.0114199927996313,0.0162453418698981,"deseq2",0.0162453418698981,-4.13964868549952,TRUE,NA,NA,NA,NA,NA,NA,NA,NA,NA,NA,NA,NA,NA,TRUE,FALSE,FALSE,TRUE,FALSE,TRUE,2,TRUE,TRUE,TRUE,"DESeq2 + ALDEx2 + LEfSe",0.0224421901728577,0.000662910175671197,"control",0.0224421901728577,"Bacteria","Proteobacteria","Gammaproteobacteria","Pseudomonadales","Saccharospirillaceae","Oceaniserpentilla",NA,"Oceaniserpentilla",1.78927114485159
"ASV3","DESeq2",154.014042375799,-2.33430809942942,0.52726290492752,-4.42475900214703,9.65500056391454e-06,1.95031011391074e-05,"deseq2",1.95031011391074e-05,-2.33430809942942,TRUE,NA,NA,NA,NA,NA,NA,NA,NA,NA,NA,NA,NA,NA,TRUE,FALSE,FALSE,TRUE,FALSE,TRUE,2,TRUE,TRUE,TRUE,"DESeq2 + ALDEx2 + LEfSe",0.0177177965451487,0.00297393113371387,"control",0.0177177965451487,"Bacteria","Proteobacteria","Alphaproteobacteria","SAR11 clade","Clade I","Clade Ia",NA,"Clade Ia",4.70989632707235
"ASV30","DESeq2",51.3761108774013,-1.30017915132262,2.09529344812749,-0.626692365592231,0.530860909185267,0.558509914871999,"deseq2",0.558509914871999,-1.30017915132262,FALSE,NA,NA,NA,NA,NA,NA,NA,NA,NA,NA,NA,NA,NA,FALSE,FALSE,FALSE,FALSE,FALSE,FALSE,0,FALSE,FALSE,FALSE,"DESeq2 only",0.0052942406903676,0.00135896586012595,"control",0.0052942406903676,"Bacteria","Proteobacteria","Alphaproteobacteria","SAR11 clade","Clade II",NA,NA,NA,0.252969112725674
"ASV3131","DESeq2",26.5657178665629,-5.22782764043475,2.18020338856599,-2.42678367273845,0.0152333360800673,0.0199813888842441,"deseq2",0.0199813888842441,-5.22782764043475,TRUE,NA,NA,NA,NA,NA,NA,NA,NA,NA,NA,NA,NA,NA,TRUE,FALSE,FALSE,TRUE,FALSE,FALSE,1,TRUE,TRUE,FALSE,"DESeq2 + ALDEx2",0.00346862885271267,0,"control",0.00346862885271267,"Bacteria","Bacteroidota","Bacteroidia","Flavobacteriales","Flavobacteriaceae","Tenacibaculum",NA,"Tenacibaculum",1.69937432773169
"ASV319","DESeq2",87.4043335443404,-4.43677980081689,1.22699884280846,-3.59300607200118,0.000326884967666339,0.000550256362238337,"deseq2",0.000550256362238337,-4.43677980081689,TRUE,NA,NA,NA,NA,NA,NA,NA,NA,NA,NA,NA,NA,NA,TRUE,FALSE,FALSE,TRUE,FALSE,TRUE,2,TRUE,TRUE,TRUE,"DESeq2 + ALDEx2 + LEfSe",0.0110540438598011,0.000376187341295965,"control",0.0110540438598011,"Bacteria","Proteobacteria","Gammaproteobacteria","Pseudomonadales","Saccharospirillaceae","Oleispira",NA,"Oleispira",3.25943492729523
"ASV34","DESeq2",38.9726725316625,-7.4390761475156,1.41703669305912,-5.2497964436558,1.52267375461508e-07,4.96096932955235e-07,"deseq2",4.96096932955235e-07,-7.4390761475156,TRUE,NA,NA,NA,NA,NA,NA,NA,NA,NA,NA,NA,NA,NA,TRUE,FALSE,FALSE,TRUE,FALSE,FALSE,1,TRUE,TRUE,FALSE,"DESeq2 + ALDEx2",0.00517273491754979,0,"control",0.00517273491754979,"Bacteria","Proteobacteria","Alphaproteobacteria","SAR11 clade","Clade IV",NA,NA,NA,6.30443345791591
"ASV347","DESeq2",25.549778696395,-5.3444273537435,2.16371366599658,-2.47305107294755,0.0133964996463447,0.0178032429510633,"deseq2",0.0178032429510633,-5.3444273537435,TRUE,NA,NA,NA,NA,NA,NA,NA,NA,NA,NA,NA,NA,NA,TRUE,FALSE,FALSE,TRUE,FALSE,FALSE,1,TRUE,TRUE,FALSE,"DESeq2 + ALDEx2",0.00319758793963138,0,"control",0.00319758793963138,"Bacteria","Proteobacteria","Gammaproteobacteria","Enterobacterales","Alteromonadaceae","Alteromonas","genovensis","Alteromonas",1.74950088154106
"ASV35","DESeq2",112.566943372681,10.0005596312258,1.19463161077534,8.32906862477593,8.14808274602312e-17,6.08928675199026e-15,"deseq2",6.08928675199026e-15,10.0005596312258,TRUE,NA,NA,NA,NA,NA,NA,NA,NA,NA,NA,NA,NA,NA,TRUE,FALSE,FALSE,TRUE,TRUE,FALSE,2,TRUE,TRUE,FALSE,"DESeq2 + ALDEx2",0,0.0190492192257916,"contrast",0.0190492192257916,"Bacteria","Bacteroidota","Bacteroidia","Flavobacteriales","Crocinitomicaceae","Fluviicola",NA,"Fluviicola",14.2154335740035
"ASV354","DESeq2",37.3098376369338,0.33732285481848,1.52754030446434,0.220710991261014,0.825317472715213,0.833570647442365,"deseq2",0.833570647442365,0.33732285481848,FALSE,NA,NA,NA,NA,NA,NA,NA,NA,NA,NA,NA,NA,NA,FALSE,FALSE,FALSE,FALSE,FALSE,FALSE,0,FALSE,FALSE,FALSE,"DESeq2 only",0.00244422517136552,0.00291841949820013,"contrast",0.00291841949820013,"Bacteria","Bacteroidota","Bacteroidia","Flavobacteriales","Flavobacteriaceae","Winogradskyella",NA,"Winogradskyella",0.0790575866048313
"ASV363","DESeq2",87.0518274593837,9.59751251529565,1.2396651300414,7.70689073643289,1.28920086362502e-14,4.34030957420424e-13,"deseq2",4.34030957420424e-13,9.59751251529565,TRUE,NA,NA,NA,NA,NA,NA,NA,NA,NA,NA,NA,NA,NA,TRUE,FALSE,FALSE,TRUE,TRUE,FALSE,2,TRUE,TRUE,FALSE,"DESeq2 + ALDEx2",0,0.0149199085367251,"contrast",0.0149199085367251,"Bacteria","Proteobacteria","Gammaproteobacteria","Pseudomonadales","Alcanivoracaceae1","Alcanivorax","nanhaiticus","Alcanivorax",12.3624792931663
"ASV37","DESeq2",31.9765559678115,-7.18235722506388,1.41834833414054,-5.06395673953808,4.10642871598214e-07,1.25681606155817e-06,"deseq2",1.25681606155817e-06,-7.18235722506388,TRUE,NA,NA,NA,NA,NA,NA,NA,NA,NA,NA,NA,NA,NA,TRUE,FALSE,FALSE,TRUE,FALSE,FALSE,1,TRUE,TRUE,FALSE,"DESeq2 + ALDEx2",0.00419762075933019,0,"control",0.00419762075933019,"Bacteria","Cyanobacteria","Cyanobacteriia","Synechococcales","Cyanobiaceae","Synechococcus CC9902",NA,"Synechococcus CC9902",5.90072827783957
"ASV383","DESeq2",89.6561543476559,-3.58196604167583,0.718150013681344,-4.96939450147451,6.71623005913318e-07,1.93811210277843e-06,"deseq2",1.93811210277843e-06,-3.58196604167583,TRUE,NA,NA,NA,NA,NA,NA,NA,NA,NA,NA,NA,NA,NA,TRUE,FALSE,FALSE,TRUE,FALSE,TRUE,2,TRUE,TRUE,TRUE,"DESeq2 + ALDEx2 + LEfSe",0.0115377206435627,0.000732299720063376,"control",0.0115377206435627,"Bacteria","Proteobacteria","Gammaproteobacteria","Pseudomonadales","Saccharospirillaceae","Oleispira",NA,"Oleispira",5.71262110643384
"ASV39","DESeq2",27.2965964802913,-6.9588226059523,1.43156167694241,-4.86111031264005,1.16729179834416e-06,3.10253872717789e-06,"deseq2",3.10253872717789e-06,-6.9588226059523,TRUE,NA,NA,NA,NA,NA,NA,NA,NA,NA,NA,NA,NA,NA,TRUE,FALSE,FALSE,TRUE,FALSE,FALSE,1,TRUE,TRUE,FALSE,"DESeq2 + ALDEx2",0.00358986013560726,0,"control",0.00358986013560726,"Bacteria","Actinobacteriota","Acidimicrobiia","Actinomarinales","Actinomarinaceae","Candidatus Actinomarina",NA,"Candidatus Actinomarina",5.50828278875117
"ASV4","DESeq2",161.356636023844,-2.98525135642949,0.461417562252648,-6.4625008201425,1.02986587509733e-10,9.45604121680273e-10,"deseq2",9.45604121680273e-10,-2.98525135642949,TRUE,NA,NA,NA,NA,NA,NA,NA,NA,NA,NA,NA,NA,NA,TRUE,FALSE,FALSE,TRUE,FALSE,TRUE,2,TRUE,TRUE,TRUE,"DESeq2 + ALDEx2 + LEfSe",0.0195553223042447,0.00208129356075938,"control",0.0195553223042447,"Bacteria","Cyanobacteria","Cyanobacteriia","Synechococcales","Cyanobiaceae","Synechococcus CC9902",NA,"Synechococcus CC9902",9.02429064346462
"ASV42","DESeq2",20.2336842332935,-6.34730483107021,1.62907819137055,-3.89206638384526,9.93940384863039e-05,0.000173082722191667,"deseq2",0.000173082722191667,-6.34730483107021,TRUE,NA,NA,NA,NA,NA,NA,NA,NA,NA,NA,NA,NA,NA,TRUE,FALSE,FALSE,TRUE,FALSE,FALSE,1,TRUE,TRUE,FALSE,"DESeq2 + ALDEx2",0.00257987048556374,0,"control",0.00257987048556374,"Bacteria","Proteobacteria","Gammaproteobacteria","Pseudomonadales","Marinomonadaceae","Marinomonas",NA,"Marinomonas",3.76174628296995
"ASV424","DESeq2",13.6663861975314,-2.98022759459107,2.37664176917002,-1.52798597708579,0.126516019654607,0.150330799824886,"deseq2",0.150330799824886,-2.98022759459107,FALSE,NA,NA,NA,NA,NA,NA,NA,NA,NA,NA,NA,NA,NA,FALSE,FALSE,FALSE,FALSE,FALSE,FALSE,0,FALSE,FALSE,FALSE,"DESeq2 only",0.00171756207218812,0,"control",0.00171756207218812,"Bacteria","Proteobacteria","Alphaproteobacteria","Rhodobacterales","Rhodobacteraceae","Pseudophaeobacter","arcticus","Pseudophaeobacter",0.822952031897201
"ASV441","DESeq2",66.5090418144953,2.48785674454153,2.08298306324139,1.18624254831956,0.235526527773973,0.267282913541251,"deseq2",0.267282913541251,2.48785674454153,FALSE,NA,NA,NA,NA,NA,NA,NA,NA,NA,NA,NA,NA,NA,FALSE,FALSE,FALSE,FALSE,FALSE,TRUE,1,TRUE,TRUE,TRUE,"DESeq2 + ALDEx2 + LEfSe",0.00128661916072842,0.00995024245972406,"contrast",0.00995024245972406,"Bacteria","Bacteroidota","Bacteroidia","Flavobacteriales","Flavobacteriaceae","Winogradskyella",NA,"Winogradskyella",0.573028803278367
"ASV442","DESeq2",56.2155712411217,-7.39671842237869,1.75612714675773,-4.19938053097867,2.67646199180462e-05,5.19851271485128e-05,"deseq2",5.19851271485128e-05,-7.39671842237869,TRUE,NA,NA,NA,NA,NA,NA,NA,NA,NA,NA,NA,NA,NA,TRUE,FALSE,FALSE,TRUE,FALSE,FALSE,1,TRUE,TRUE,FALSE,"DESeq2 + ALDEx2",0.00702254426513058,0,"control",0.00702254426513058,"Bacteria","Proteobacteria","Gammaproteobacteria","Enterobacterales","Colwelliaceae","Colwellia","meonggei","Colwellia",4.28412088946569
"ASV45","DESeq2",41.3832623087836,-2.51201958163779,1.39786638545947,-1.79705512098931,0.0723268694844943,0.0869644502134991,"deseq2",0.0869644502134991,-2.51201958163779,FALSE,NA,NA,NA,NA,NA,NA,NA,NA,NA,NA,NA,NA,NA,FALSE,FALSE,FALSE,FALSE,FALSE,FALSE,0,FALSE,FALSE,FALSE,"DESeq2 only",0.00507084540337026,0.000658327847267939,"control",0.00507084540337026,"Bacteria","Proteobacteria","Alphaproteobacteria","SAR11 clade","Clade I","Clade Ib",NA,"Clade Ib",1.06065824429303
"ASV47","DESeq2",24.2515492973412,-5.52310565976421,2.12005685886289,-2.58647530109522,0.00969631193695298,0.0141931522555399,"deseq2",0.0141931522555399,-5.52310565976421,TRUE,NA,NA,NA,NA,NA,NA,NA,NA,NA,NA,NA,NA,NA,TRUE,FALSE,FALSE,TRUE,FALSE,FALSE,1,TRUE,TRUE,FALSE,"DESeq2 + ALDEx2",0.0029836053566374,0,"control",0.0029836053566374,"Bacteria","Proteobacteria","Alphaproteobacteria","SAR11 clade","Clade I","Clade Ib",NA,"Clade Ib",1.84792113835866
"ASV479","DESeq2",40.4597709074162,-7.3863197644299,1.50716360710663,-4.89899877790678,9.63262434879481e-07,2.62944610602237e-06,"deseq2",2.62944610602237e-06,-7.3863197644299,TRUE,NA,NA,NA,NA,NA,NA,NA,NA,NA,NA,NA,NA,NA,TRUE,FALSE,FALSE,TRUE,FALSE,FALSE,1,TRUE,TRUE,FALSE,"DESeq2 + ALDEx2",0.00512784894756487,0,"control",0.00512784894756487,"Bacteria","Proteobacteria","Gammaproteobacteria","Enterobacterales","Colwelliaceae","Thalassotalea",NA,"Thalassotalea",5.58013572619943
"ASV49","DESeq2",284.156562127011,-9.39523138999944,1.71974690811769,-5.41192842519824,6.23496119746106e-08,2.42204261901372e-07,"deseq2",2.42204261901372e-07,-9.39523138999944,TRUE,NA,NA,NA,NA,NA,NA,NA,NA,NA,NA,NA,NA,NA,TRUE,FALSE,FALSE,TRUE,FALSE,FALSE,1,TRUE,TRUE,FALSE,"DESeq2 + ALDEx2",0.0363997527598032,0,"control",0.0363997527598032,"Bacteria","Proteobacteria","Gammaproteobacteria","Enterobacterales","Colwelliaceae","Colwellia",NA,"Colwellia",6.61581821914522
"ASV495","DESeq2",90.2350041529198,4.62630882911273,1.72396357875278,2.6588590490719,0.0078405757223167,0.0118193753425968,"deseq2",0.0118193753425968,4.62630882911273,TRUE,NA,NA,NA,NA,NA,NA,NA,NA,NA,NA,NA,NA,NA,TRUE,FALSE,FALSE,TRUE,TRUE,TRUE,3,TRUE,TRUE,TRUE,"DESeq2 + ALDEx2 + LEfSe",0.00036624485362835,0.0147733176690437,"contrast",0.0147733176690437,"Bacteria","Proteobacteria","Gammaproteobacteria","Pseudomonadales","Oleiphilaceae","Oleiphilus",NA,"Oleiphilus",1.92740547543716
"ASV5","DESeq2",140.05522847544,-4.40023826698752,1.23553900329096,-3.55165607924243,0.0003828148734253,0.000623617777676698,"deseq2",0.000623617777676698,-4.40023826698752,TRUE,NA,NA,NA,NA,NA,NA,NA,NA,NA,NA,NA,NA,NA,TRUE,FALSE,FALSE,TRUE,FALSE,TRUE,2,TRUE,TRUE,TRUE,"DESeq2 + ALDEx2 + LEfSe",0.0178445331802186,0.000611304429605944,"control",0.0178445331802186,"Bacteria","Proteobacteria","Alphaproteobacteria","SAR11 clade","Clade II",NA,NA,NA,3.20508151273137
"ASV50","DESeq2",62.3523337218309,-2.43777496277912,1.24094720046317,-1.96336094785847,0.0496042481509668,0.0618522106573783,"deseq2",0.0618522106573783,-2.43777496277912,FALSE,NA,NA,NA,NA,NA,NA,NA,NA,NA,NA,NA,NA,NA,FALSE,FALSE,FALSE,FALSE,FALSE,FALSE,0,FALSE,FALSE,FALSE,"DESeq2 only",0.00715702746796533,0.00104219604379222,"control",0.00715702746796533,"Bacteria","Proteobacteria","Alphaproteobacteria","Rhodobacterales","Rhodobacteraceae","Pseudophaeobacter",NA,"Pseudophaeobacter",1.20864477365582
"ASV506","DESeq2",38.6535404399277,-5.20770398975243,2.19590226147475,-2.49879765767484,0.0124615440885009,0.016994232435774,"deseq2",0.016994232435774,-5.20770398975243,TRUE,NA,NA,NA,NA,NA,NA,NA,NA,NA,NA,NA,NA,NA,TRUE,FALSE,FALSE,TRUE,FALSE,FALSE,1,TRUE,TRUE,FALSE,"DESeq2 + ALDEx2",0.00503686419750105,0,"control",0.00503686419750105,"Bacteria","Bacteroidota","Bacteroidia","Flavobacteriales","Flavobacteriaceae","Aurantivirga",NA,"Aurantivirga",1.76969844605214
"ASV51","DESeq2",28.9151818428626,-7.09118348477628,1.39193041557698,-5.09455720787933,3.49557272745822e-07,1.103290142104e-06,"deseq2",1.103290142104e-06,-7.09118348477628,TRUE,NA,NA,NA,NA,NA,NA,NA,NA,NA,NA,NA,NA,NA,TRUE,FALSE,FALSE,TRUE,FALSE,FALSE,1,TRUE,TRUE,FALSE,"DESeq2 + ALDEx2",0.00375552223036324,0,"control",0.00375552223036324,"Bacteria","Proteobacteria","Alphaproteobacteria","SAR11 clade","Clade I","Clade Ib",NA,"Clade Ib",5.95731026222466
"ASV523","DESeq2",42.1910784592063,-7.35191713747415,1.56939440097592,-4.68102120234942,2.85449412102049e-06,6.55236150506976e-06,"deseq2",6.55236150506976e-06,-7.35191713747415,TRUE,NA,NA,NA,NA,NA,NA,NA,NA,NA,NA,NA,NA,NA,TRUE,FALSE,FALSE,TRUE,FALSE,FALSE,1,TRUE,TRUE,FALSE,"DESeq2 + ALDEx2",0.00540045096787335,0,"control",0.00540045096787335,"Bacteria","Proteobacteria","Gammaproteobacteria","Enterobacterales","Colwelliaceae","Colwellia","aquaemaris","Colwellia",5.18360214981206
"ASV53","DESeq2",252.436242679028,-8.80220523415822,1.84721191579421,-4.6924455997554,2.69958332803911e-06,6.34088177051047e-06,"deseq2",6.34088177051047e-06,-8.80220523415822,TRUE,NA,NA,NA,NA,NA,NA,NA,NA,NA,NA,NA,NA,NA,TRUE,FALSE,FALSE,TRUE,FALSE,FALSE,1,TRUE,TRUE,FALSE,"DESeq2 + ALDEx2",0.0320155532870732,0,"control",0.0320155532870732,"Bacteria","Proteobacteria","Gammaproteobacteria","Enterobacterales","Colwelliaceae","Colwellia",NA,"Colwellia",5.19785034441493
"ASV543","DESeq2",30.3009241027119,-3.6190914130215,1.24675616881935,-2.87541644421035,0.00403494924854919,0.00617469506217376,"deseq2",0.00617469506217376,-3.6190914130215,TRUE,NA,NA,NA,NA,NA,NA,NA,NA,NA,NA,NA,NA,NA,TRUE,FALSE,FALSE,TRUE,FALSE,FALSE,1,TRUE,TRUE,FALSE,"DESeq2 + ALDEx2",0.00392129002706355,0.000235117088309978,"control",0.00392129002706355,"Bacteria","Bacteroidota","Bacteroidia","Flavobacteriales","Flavobacteriaceae","Dokdonia","lutea","Dokdonia",2.20938448520762
"ASV56","DESeq2",51.1702388731295,-7.28595276886429,1.74954238773519,-4.15352747685367,3.2738888018978e-05,6.23892016965429e-05,"deseq2",6.23892016965429e-05,-7.28595276886429,TRUE,NA,NA,NA,NA,NA,NA,NA,NA,NA,NA,NA,NA,NA,TRUE,FALSE,FALSE,TRUE,FALSE,FALSE,1,TRUE,TRUE,FALSE,"DESeq2 + ALDEx2",0.00699521949089371,0,"control",0.00699521949089371,"Archaea","Crenarchaeota","Nitrososphaeria","Nitrosopumilales","Nitrosopumilaceae","Candidatus Nitrosopelagicus",NA,"Candidatus Nitrosopelagicus",4.20489057136602
"ASV566","DESeq2",24.4628805195701,-6.85847182321478,1.41248489399929,-4.85545420773752,1.20111109511715e-06,3.11056975914953e-06,"deseq2",3.11056975914953e-06,-6.85847182321478,TRUE,NA,NA,NA,NA,NA,NA,NA,NA,NA,NA,NA,NA,NA,TRUE,FALSE,FALSE,TRUE,FALSE,FALSE,1,TRUE,TRUE,FALSE,"DESeq2 + ALDEx2",0.00314781090803412,0,"control",0.00314781090803412,"Bacteria","Proteobacteria","Gammaproteobacteria","Enterobacterales","Shewanellaceae","Psychrobium",NA,"Psychrobium",5.50716005451293
"ASV578","DESeq2",34.274075307363,8.1279722417638,1.42379701422875,5.68519386592224,1.30664349320076e-08,5.73786925275116e-08,"deseq2",5.73786925275116e-08,8.1279722417638,TRUE,NA,NA,NA,NA,NA,NA,NA,NA,NA,NA,NA,NA,NA,TRUE,FALSE,FALSE,TRUE,TRUE,FALSE,2,TRUE,TRUE,FALSE,"DESeq2 + ALDEx2",0,0.00595028435529803,"contrast",0.00595028435529803,"Bacteria","Bacteroidota","Bacteroidia","Flavobacteriales","Flavobacteriaceae","Actibacter",NA,"Actibacter",7.24124935212621
"ASV579","DESeq2",48.5695127519079,-1.16714739199925,1.62696498621447,-0.718298465427126,0.472573276174552,0.502420009406628,"deseq2",0.502420009406628,-1.16714739199925,FALSE,NA,NA,NA,NA,NA,NA,NA,NA,NA,NA,NA,NA,NA,FALSE,FALSE,FALSE,FALSE,FALSE,FALSE,0,FALSE,FALSE,FALSE,"DESeq2 only",0.0047618492245385,0.00169971652843673,"control",0.0047618492245385,"Bacteria","Proteobacteria","Gammaproteobacteria","Enterobacterales","Alteromonadaceae",NA,NA,NA,0.298933072690767
"ASV582","DESeq2",36.4966537803938,-6.92587314306794,1.72548167070594,-4.00449587759367,6.21498748628875e-05,0.00011285144379919,"deseq2",0.00011285144379919,-6.92587314306794,TRUE,NA,NA,NA,NA,NA,NA,NA,NA,NA,NA,NA,NA,NA,TRUE,FALSE,FALSE,TRUE,FALSE,FALSE,1,TRUE,TRUE,FALSE,"DESeq2 + ALDEx2",0.00464387932549564,0,"control",0.00464387932549564,"Bacteria","Proteobacteria","Gammaproteobacteria","Pseudomonadales","Oleiphilaceae","Oleiphilus",NA,"Oleiphilus",3.94749288027244
"ASV6","DESeq2",140.157908855713,-3.28949151455245,1.36722771991829,-2.40683119330453,0.0160916059268915,0.0208365666489236,"deseq2",0.0208365666489236,-3.28949151455245,TRUE,NA,NA,NA,NA,NA,NA,NA,NA,NA,NA,NA,NA,NA,TRUE,FALSE,FALSE,TRUE,FALSE,TRUE,2,TRUE,TRUE,TRUE,"DESeq2 + ALDEx2 + LEfSe",0.0171588790002443,0.00116009280742459,"control",0.0171588790002443,"Bacteria","Proteobacteria","Alphaproteobacteria","SAR11 clade","Clade I","Clade Ia",NA,"Clade Ia",1.68117384047171
"ASV613","DESeq2",112.069387359701,9.98687139290783,1.19955947691981,8.2825355599856,1.20579935682975e-16,6.08928675199026e-15,"deseq2",6.08928675199026e-15,9.98687139290783,TRUE,NA,NA,NA,NA,NA,NA,NA,NA,NA,NA,NA,NA,NA,TRUE,FALSE,FALSE,TRUE,TRUE,FALSE,2,TRUE,TRUE,FALSE,"DESeq2 + ALDEx2",0,0.0192020071471231,"contrast",0.0192020071471231,"Bacteria","Proteobacteria","Gammaproteobacteria","Arenicellales","Arenicellaceae","HTCC5015",NA,"HTCC5015",14.2154335740035
"ASV62","DESeq2",26.2221685296963,-6.40218533520291,1.7922116266479,-3.56167504150273,0.000368496304512468,0.000610133225504251,"deseq2",0.000610133225504251,-6.40218533520291,TRUE,NA,NA,NA,NA,NA,NA,NA,NA,NA,NA,NA,NA,NA,TRUE,FALSE,FALSE,TRUE,FALSE,FALSE,1,TRUE,TRUE,FALSE,"DESeq2 + ALDEx2",0.00337154440198302,0,"control",0.00337154440198302,"Bacteria","Verrucomicrobiota","Verrucomicrobiae","Opitutales","Puniceicoccaceae","Lentimonas",NA,"Lentimonas",3.21457532435976
"ASV651","DESeq2",38.2483095149721,-7.42843606761452,1.40573649643371,-5.28449582980602,1.2605142036885e-07,4.24373115241796e-07,"deseq2",4.24373115241796e-07,-7.42843606761452,TRUE,NA,NA,NA,NA,NA,NA,NA,NA,NA,NA,NA,NA,NA,TRUE,FALSE,FALSE,TRUE,FALSE,FALSE,1,TRUE,TRUE,FALSE,"DESeq2 + ALDEx2",0.00506928591080089,0,"control",0.00506928591080089,"Bacteria","Bacteroidota","Bacteroidia","Flavobacteriales","Flavobacteriaceae","Tenacibaculum",NA,"Tenacibaculum",6.37225213719287
"ASV66","DESeq2",115.903164413711,0.960689696670242,1.00362451041123,0.95716272935287,0.338485125718553,0.371597801060586,"deseq2",0.371597801060586,0.960689696670242,FALSE,NA,NA,NA,NA,NA,NA,NA,NA,NA,NA,NA,NA,NA,FALSE,FALSE,FALSE,FALSE,TRUE,TRUE,2,TRUE,TRUE,TRUE,"DESeq2 + ALDEx2 + LEfSe",0.00656429195776298,0.0113199877019034,"contrast",0.0113199877019034,"Bacteria","Proteobacteria","Gammaproteobacteria","Enterobacterales","Vibrionaceae","Vibrio",NA,"Vibrio",0.429926864619405
"ASV691","DESeq2",40.5093658393906,1.59643612583106,0.849049603117604,1.87982764955213,0.060131570876432,0.0740644958356052,"deseq2",0.0740644958356052,1.59643612583106,FALSE,NA,NA,NA,NA,NA,NA,NA,NA,NA,NA,NA,NA,NA,FALSE,FALSE,FALSE,FALSE,TRUE,TRUE,2,TRUE,TRUE,TRUE,"DESeq2 + ALDEx2 + LEfSe",0.0016416434998056,0.00476391953169477,"contrast",0.00476391953169477,"Bacteria","Bacteroidota","Bacteroidia","Flavobacteriales","Flavobacteriaceae","Dokdonia",NA,"Dokdonia",1.13038992910357
"ASV714","DESeq2",50.1005677172267,-7.77231641533639,1.42105346744962,-5.46904758100007,4.52460284113869e-08,1.82793954782003e-07,"deseq2",1.82793954782003e-07,-7.77231641533639,TRUE,NA,NA,NA,NA,NA,NA,NA,NA,NA,NA,NA,NA,NA,TRUE,FALSE,FALSE,TRUE,FALSE,FALSE,1,TRUE,TRUE,FALSE,"DESeq2 + ALDEx2",0.00659960015119434,0,"control",0.00659960015119434,"Bacteria","Proteobacteria","Gammaproteobacteria","Enterobacterales","Alteromonadaceae","Aliiglaciecola",NA,"Aliiglaciecola",6.73803817101045
"ASV72","DESeq2",26.8574316766785,-5.48044416763554,2.14810901996914,-2.54508159721128,0.0109252205226898,0.0157635324684524,"deseq2",0.0157635324684524,-5.48044416763554,TRUE,NA,NA,NA,NA,NA,NA,NA,NA,NA,NA,NA,NA,NA,TRUE,FALSE,FALSE,TRUE,FALSE,FALSE,1,TRUE,TRUE,FALSE,"DESeq2 + ALDEx2",0.00327971582640429,0,"control",0.00327971582640429,"Bacteria","Proteobacteria","Alphaproteobacteria","Puniceispirillales","SAR116 clade",NA,NA,NA,1.80234645438131
"ASV725","DESeq2",70.0928530013612,3.83292703909145,1.908705356201,1.99245903095034,0.0463207160167051,0.0584799039710902,"deseq2",0.0584799039710902,3.83292703909145,FALSE,NA,NA,NA,NA,NA,NA,NA,NA,NA,NA,NA,NA,NA,FALSE,FALSE,FALSE,FALSE,TRUE,TRUE,2,TRUE,TRUE,TRUE,"DESeq2 + ALDEx2 + LEfSe",0.000444839857651246,0.0114318183355543,"contrast",0.0114318183355543,"Bacteria","Bacteroidota","Bacteroidia","Flavobacteriales","Crocinitomicaceae","Fluviicola",NA,"Fluviicola",1.23299334919759
"ASV76","DESeq2",384.075055321024,-10.1966101177277,1.5435755542016,-6.60036871705817,4.10136440005312e-11,5.91768292007664e-10,"deseq2",5.91768292007664e-10,-10.1966101177277,TRUE,NA,NA,NA,NA,NA,NA,NA,NA,NA,NA,NA,NA,NA,TRUE,FALSE,FALSE,TRUE,FALSE,FALSE,1,TRUE,TRUE,FALSE,"DESeq2 + ALDEx2",0.0492695738128566,0,"control",0.0492695738128566,"Bacteria","Proteobacteria","Gammaproteobacteria","Enterobacterales","Colwelliaceae","Colwellia",NA,"Colwellia",9.22784830881889
"ASV795","DESeq2",72.1181152647458,-8.24564425212824,1.41601949551227,-5.82287703335514,5.78431151532657e-09,3.07481822656833e-08,"deseq2",3.07481822656833e-08,-8.24564425212824,TRUE,NA,NA,NA,NA,NA,NA,NA,NA,NA,NA,NA,NA,NA,TRUE,FALSE,FALSE,TRUE,FALSE,FALSE,1,TRUE,TRUE,FALSE,"DESeq2 + ALDEx2",0.0096270898752598,0,"control",0.0096270898752598,"Bacteria","Bacteroidota","Bacteroidia","Cytophagales","Cyclobacteriaceae","Fabibacter",NA,"Fabibacter",7.51218055323221
"ASV81","DESeq2",85.283691999994,-8.02834085618651,1.69121293017017,-4.73679333048849,2.17126386174966e-06,5.34872317162721e-06,"deseq2",5.34872317162721e-06,-8.02834085618651,TRUE,NA,NA,NA,NA,NA,NA,NA,NA,NA,NA,NA,NA,NA,TRUE,FALSE,FALSE,TRUE,FALSE,FALSE,1,TRUE,TRUE,FALSE,"DESeq2 + ALDEx2",0.0108221510595221,0,"control",0.0108221510595221,"Bacteria","Proteobacteria","Alphaproteobacteria","Rhodobacterales","Rhodobacteraceae","Pseudophaeobacter",NA,"Pseudophaeobacter",5.27174987885687
"ASV814","DESeq2",40.2838121241898,7.66739487987037,1.26845567792493,5.80556783870925,6.4148224819e-09,3.2394853533595e-08,"deseq2",3.2394853533595e-08,7.66739487987037,TRUE,NA,NA,NA,NA,NA,NA,NA,NA,NA,NA,NA,NA,NA,TRUE,FALSE,FALSE,TRUE,TRUE,TRUE,3,TRUE,TRUE,TRUE,"DESeq2 + ALDEx2 + LEfSe",1.26291328837362e-05,0.00695084667245495,"contrast",0.00695084667245495,"Bacteria","Proteobacteria","Gammaproteobacteria","Pseudomonadales","Oleiphilaceae","Oleiphilus",NA,"Oleiphilus",7.48952397928387
"ASV829","DESeq2",24.4492471752178,-6.39053801064569,1.75511145827771,-3.6316312893371,0.000281635315517218,0.000482121472326084,"deseq2",0.000482121472326084,-6.39053801064569,TRUE,NA,NA,NA,NA,NA,NA,NA,NA,NA,NA,NA,NA,NA,TRUE,FALSE,FALSE,TRUE,FALSE,FALSE,1,TRUE,TRUE,FALSE,"DESeq2 + ALDEx2",0.00309180186723967,0,"control",0.00309180186723967,"Bacteria","Proteobacteria","Gammaproteobacteria","Enterobacterales","Colwelliaceae","Thalassotalea",NA,"Thalassotalea",3.31684352583899
"ASV853","DESeq2",37.436722007951,-0.765963351864191,0.827080378912122,-0.925919870882919,0.354487623822652,0.38498118286116,"deseq2",0.38498118286116,-0.765963351864191,FALSE,NA,NA,NA,NA,NA,NA,NA,NA,NA,NA,NA,NA,NA,FALSE,FALSE,FALSE,FALSE,FALSE,FALSE,0,FALSE,FALSE,FALSE,"DESeq2 only",0.00355412956904081,0.00180535010843753,"control",0.00355412956904081,"Bacteria","Proteobacteria","Gammaproteobacteria","Pseudomonadales","Saccharospirillaceae",NA,NA,NA,0.414560497450669
"ASV861","DESeq2",25.8813701222241,-6.81293329709378,1.51208072739751,-4.50402578404848,6.66781111852358e-06,1.46401939776279e-05,"deseq2",1.46401939776279e-05,-6.81293329709378,TRUE,NA,NA,NA,NA,NA,NA,NA,NA,NA,NA,NA,NA,NA,TRUE,FALSE,FALSE,TRUE,FALSE,FALSE,1,TRUE,TRUE,FALSE,"DESeq2 + ALDEx2",0.00333160886421632,0,"control",0.00333160886421632,"Bacteria","Proteobacteria","Gammaproteobacteria","Enterobacterales","Alteromonadaceae","Aestuariibacter",NA,"Aestuariibacter",4.83445316898423
"ASV882","DESeq2",30.9607239909162,-6.95536656972424,1.56715564956481,-4.43568229026144,9.17811271030215e-06,1.8918150688582e-05,"deseq2",1.8918150688582e-05,-6.95536656972424,TRUE,NA,NA,NA,NA,NA,NA,NA,NA,NA,NA,NA,NA,NA,TRUE,FALSE,FALSE,TRUE,FALSE,FALSE,1,TRUE,TRUE,FALSE,"DESeq2 + ALDEx2",0.0039618440054642,0,"control",0.0039618440054642,"Bacteria","Bacteroidota","Bacteroidia","Flavobacteriales","Flavobacteriaceae","Dokdonia",NA,"Dokdonia",4.7231213195726
"ASV901","DESeq2",42.1072369305991,1.3027242925295,1.64204408291477,0.792274041714859,0.428200904128242,0.460088205499494,"deseq2",0.460088205499494,1.3027242925295,FALSE,NA,NA,NA,NA,NA,NA,NA,NA,NA,NA,NA,NA,NA,FALSE,FALSE,FALSE,FALSE,FALSE,TRUE,1,TRUE,TRUE,TRUE,"DESeq2 + ALDEx2 + LEfSe",0.00195717461632374,0.00473306518711283,"contrast",0.00473306518711283,"Bacteria","Bacteroidota","Bacteroidia","Flavobacteriales","Flavobacteriaceae","Aurantivirga",NA,"Aurantivirga",0.337158899863093
"ASV92","DESeq2",36.8719048477685,-6.91574106369587,1.73202980115105,-3.98414839751571,6.77225448630624e-05,0.000119999597038058,"deseq2",0.000119999597038058,-6.91574106369587,TRUE,NA,NA,NA,NA,NA,NA,NA,NA,NA,NA,NA,NA,NA,TRUE,FALSE,FALSE,TRUE,FALSE,FALSE,1,TRUE,TRUE,FALSE,"DESeq2 + ALDEx2",0.00494468500669714,0,"control",0.00494468500669714,"Bacteria","Verrucomicrobiota","Verrucomicrobiae","Opitutales","Puniceicoccaceae","Coraliomargarita",NA,"Coraliomargarita",3.92082021232272
"ASV976","DESeq2",27.8140198444812,-1.94389168127711,1.35919234998953,-1.43015150520095,0.152673540412161,0.177241696340555,"deseq2",0.177241696340555,-1.94389168127711,FALSE,NA,NA,NA,NA,NA,NA,NA,NA,NA,NA,NA,NA,NA,FALSE,FALSE,FALSE,FALSE,FALSE,FALSE,0,FALSE,FALSE,FALSE,"DESeq2 only",0.0032299277838701,0.000658327847267939,"control",0.0032299277838701,"Bacteria","Proteobacteria","Alphaproteobacteria","Sphingomonadales","Sphingomonadaceae","Erythrobacter",NA,"Erythrobacter",0.751434102085376
