"TaxaID","source","baseMean","log2FoldChange","lfcSE","stat","pvalue","padj","method","adjusted_p_value","score","significant","Kingdom","Phylum","Class","Order","Family","Genus","Species","rab.all","rab.win.control","rab.win.S-2","diff.btw","diff.win","effect","overlap","we.ep","we.eBH","wi.ep","wi.eBH","Names","scores","significant_in_deseq2.x","significant_in_aldex2.x","significant_in_lefse.x","significant_in_deseq2.y","significant_in_aldex2.y","significant_in_lefse.y","n_methods","is_significant"
"ASV1","DESeq2",292.372653894209,-1.58737128012829,0.566277115139107,-2.80317045787441,0.00506029165578375,0.00872464078583405,"deseq2",0.00872464078583405,-1.58737128012829,TRUE,"Bacteria","Proteobacteria","Alphaproteobacteria","SAR11 clade","Clade I","Clade Ia",NA,NA,NA,NA,NA,NA,NA,NA,NA,NA,NA,NA,NA,NA,TRUE,FALSE,FALSE,TRUE,FALSE,TRUE,2,TRUE
"ASV1","ALDEx2",NA,NA,NA,NA,NA,NA,"aldex2",0.264208666152314,3.16276201104151,FALSE,"Bacteria","Proteobacteria","Alphaproteobacteria","SAR11 clade","Clade I","Clade Ia",NA,4.99591042513747,4.78263833575261,6.02488269168329,1.25912594452311,0.422912046610388,3.16276201104151,0.000547999460257121,0.061623096240982,0.264208666152314,0.0015625,0.00447048611111111,NA,NA,FALSE,FALSE,FALSE,TRUE,FALSE,TRUE,2,TRUE
"ASV1","LEfSe",NA,NA,NA,NA,NA,NA,"lefse",0.0832645166635506,-4.12386699350157,TRUE,"Bacteria","Proteobacteria","Alphaproteobacteria","SAR11 clade","Clade I","Clade Ia",NA,NA,NA,NA,NA,NA,NA,NA,NA,NA,NA,NA,"ASV1",-4.12386699350157,FALSE,FALSE,TRUE,TRUE,FALSE,TRUE,2,TRUE
"ASV100","ALDEx2",NA,NA,NA,NA,NA,NA,"aldex2",0.846072108910159,1.20380351363974,FALSE,"Bacteria","Proteobacteria","Alphaproteobacteria","Rhizobiales","Hyphomicrobiaceae","Hyphomicrobium",NA,-4.79592436828255,-6.21205424552992,3.96883551595206,10.3641142613027,8.44497587432318,1.20380351363974,0.0859442004378223,0.345859553162753,0.846072108910159,0.1375,0.274889871730447,NA,NA,FALSE,FALSE,FALSE,TRUE,FALSE,FALSE,1,TRUE
"ASV100","DESeq2",105.440938190462,24.1329505987483,4.32855870413985,5.5752855045416,2.47124230681739e-08,4.94248461363478e-07,"deseq2",4.94248461363478e-07,24.1329505987483,TRUE,"Bacteria","Proteobacteria","Alphaproteobacteria","Rhizobiales","Hyphomicrobiaceae","Hyphomicrobium",NA,NA,NA,NA,NA,NA,NA,NA,NA,NA,NA,NA,NA,NA,TRUE,FALSE,FALSE,TRUE,FALSE,FALSE,1,TRUE
"ASV1010","DESeq2",37.2280462340527,9.19464558163526,2.06441083458257,4.45388361057232,8.43308270860916e-06,3.51378446192048e-05,"deseq2",3.51378446192048e-05,9.19464558163526,TRUE,"Bacteria","Bacteroidota","Bacteroidia","Flavobacteriales","Crocinitomicaceae",NA,NA,NA,NA,NA,NA,NA,NA,NA,NA,NA,NA,NA,NA,NA,TRUE,FALSE,FALSE,TRUE,TRUE,TRUE,3,TRUE
"ASV1010","ALDEx2",NA,NA,NA,NA,NA,NA,"aldex2",0.14244662504468,4.45826256960636,TRUE,"Bacteria","Bacteroidota","Bacteroidia","Flavobacteriales","Crocinitomicaceae",NA,NA,-4.19372715593008,-6.43555432449921,5.47080762214022,11.8796265031207,2.71029143909294,4.45826256960636,0.000547999460257121,0.0162067372802764,0.14244662504468,0,0,NA,NA,FALSE,TRUE,FALSE,TRUE,TRUE,TRUE,3,TRUE
"ASV1010","LEfSe",NA,NA,NA,NA,NA,NA,"lefse",0.0832645166635506,3.89650630329836,TRUE,"Bacteria","Bacteroidota","Bacteroidia","Flavobacteriales","Crocinitomicaceae",NA,NA,NA,NA,NA,NA,NA,NA,NA,NA,NA,NA,NA,"ASV1010",3.89650630329836,FALSE,FALSE,TRUE,TRUE,TRUE,TRUE,3,TRUE
"ASV102","ALDEx2",NA,NA,NA,NA,NA,NA,"aldex2",0.187846505711358,3.68774351428665,TRUE,"Bacteria","Bacteroidota","Bacteroidia","Flavobacteriales","NS9 marine group",NA,NA,-0.848092207582329,-4.69464864209277,8.55861146635841,13.1561040113084,3.40170598586279,3.68774351428665,0.000547999460257121,0.0295650414499179,0.187846505711358,0,0,NA,NA,FALSE,TRUE,FALSE,TRUE,TRUE,TRUE,3,TRUE
"ASV102","DESeq2",314.227976248598,7.87245541999811,2.35221121141381,3.34683185837989,0.000817407742560993,0.00151371804177962,"deseq2",0.00151371804177962,7.87245541999811,TRUE,"Bacteria","Bacteroidota","Bacteroidia","Flavobacteriales","NS9 marine group",NA,NA,NA,NA,NA,NA,NA,NA,NA,NA,NA,NA,NA,NA,NA,TRUE,FALSE,FALSE,TRUE,TRUE,TRUE,3,TRUE
"ASV102","LEfSe",NA,NA,NA,NA,NA,NA,"lefse",0.0832645166635506,4.79815180162166,TRUE,"Bacteria","Bacteroidota","Bacteroidia","Flavobacteriales","NS9 marine group",NA,NA,NA,NA,NA,NA,NA,NA,NA,NA,NA,NA,NA,"ASV102",4.79815180162166,FALSE,FALSE,TRUE,TRUE,TRUE,TRUE,3,TRUE
"ASV1030","DESeq2",23.6766001493599,-7.43600523885766,1.74802420138245,-4.25394867701304,2.10033460689888e-05,7.24253312723753e-05,"deseq2",7.24253312723753e-05,-7.43600523885766,TRUE,"Bacteria","Proteobacteria","Gammaproteobacteria","Enterobacterales","Alteromonadaceae","Aliiglaciecola",NA,NA,NA,NA,NA,NA,NA,NA,NA,NA,NA,NA,NA,NA,TRUE,FALSE,FALSE,TRUE,FALSE,FALSE,1,TRUE
"ASV1030","ALDEx2",NA,NA,NA,NA,NA,NA,"aldex2",0.555082203342214,-1.86672386550664,FALSE,"Bacteria","Proteobacteria","Gammaproteobacteria","Enterobacterales","Alteromonadaceae","Aliiglaciecola",NA,0.863184258860608,1.30400000789261,-3.17888195459678,-4.68497014396953,2.5276286300923,-1.86672386550664,0.00789046640005469,0.151902987443106,0.555082203342214,0.2171875,0.545402039696916,NA,NA,FALSE,FALSE,FALSE,TRUE,FALSE,FALSE,1,TRUE
"ASV104","DESeq2",65.365443425926,3.39256112348985,3.12286819611418,1.0863606500304,0.277319463705127,0.308132737450142,"deseq2",0.308132737450142,3.39256112348985,FALSE,"Bacteria","Bacteroidota","Bacteroidia","Flavobacteriales","Flavobacteriaceae","NS2b marine group",NA,NA,NA,NA,NA,NA,NA,NA,NA,NA,NA,NA,NA,NA,FALSE,FALSE,FALSE,FALSE,FALSE,TRUE,1,TRUE
"ASV104","LEfSe",NA,NA,NA,NA,NA,NA,"lefse",0.0832645166635506,4.04818789368561,TRUE,"Bacteria","Bacteroidota","Bacteroidia","Flavobacteriales","Flavobacteriaceae","NS2b marine group",NA,NA,NA,NA,NA,NA,NA,NA,NA,NA,NA,NA,"ASV104",4.04818789368561,FALSE,FALSE,TRUE,FALSE,FALSE,TRUE,1,TRUE
"ASV104","ALDEx2",NA,NA,NA,NA,NA,NA,"aldex2",0.305480193212181,2.19030257835988,FALSE,"Bacteria","Bacteroidota","Bacteroidia","Flavobacteriales","Flavobacteriaceae","NS2b marine group",NA,1.47116790560438,-5.04542106627859,6.09135508739746,11.1149786424641,4.57131578440591,2.19030257835988,0.000547999460257121,0.0763523428381853,0.305480193212181,0,0,NA,NA,FALSE,FALSE,FALSE,FALSE,FALSE,TRUE,1,TRUE
"ASV111","ALDEx2",NA,NA,NA,NA,NA,NA,"aldex2",1,0.25358390078144,FALSE,"Bacteria","Proteobacteria","Gammaproteobacteria","Pseudomonadales","SAR86 clade",NA,NA,2.25376221360467,2.25376221360467,2.96057780146119,2.17567457317177,8.0403086929357,0.25358390078144,0.356589929803013,0.766693240486603,1,0.443749999999999,0.985222181323198,NA,NA,FALSE,FALSE,FALSE,FALSE,FALSE,FALSE,0,FALSE
"ASV111","DESeq2",57.4382926793368,-1.15439735372599,3.34617522079293,-0.344990108871956,0.730101806753777,0.747967047077159,"deseq2",0.747967047077159,-1.15439735372599,FALSE,"Bacteria","Proteobacteria","Gammaproteobacteria","Pseudomonadales","SAR86 clade",NA,NA,NA,NA,NA,NA,NA,NA,NA,NA,NA,NA,NA,NA,NA,FALSE,FALSE,FALSE,FALSE,FALSE,FALSE,0,FALSE
"ASV1133","LEfSe",NA,NA,NA,NA,NA,NA,"lefse",0.0832645166635506,-3.75887835352447,TRUE,"Bacteria","Bacteroidota","Bacteroidia","Flavobacteriales","Flavobacteriaceae","Aurantivirga",NA,NA,NA,NA,NA,NA,NA,NA,NA,NA,NA,NA,"ASV1133",-3.75887835352447,FALSE,FALSE,TRUE,TRUE,FALSE,TRUE,2,TRUE
"ASV1133","DESeq2",47.3815677266827,-8.42488850051239,2.09415974930007,-4.02304002993478,5.74517271336659e-05,0.000168975668040194,"deseq2",0.000168975668040194,-8.42488850051239,TRUE,"Bacteria","Bacteroidota","Bacteroidia","Flavobacteriales","Flavobacteriaceae","Aurantivirga",NA,NA,NA,NA,NA,NA,NA,NA,NA,NA,NA,NA,NA,NA,TRUE,FALSE,FALSE,TRUE,FALSE,TRUE,2,TRUE
"ASV1133","ALDEx2",NA,NA,NA,NA,NA,NA,"aldex2",0.540085833114809,-1.70519435655195,FALSE,"Bacteria","Bacteroidota","Bacteroidia","Flavobacteriales","Flavobacteriaceae","Aurantivirga",NA,0.530065963840554,2.54941521572398,-2.7577050946011,-5.13761351117873,2.80725065885209,-1.70519435655195,0.0310272461563087,0.133886737817073,0.540085833114809,0.221875,0.565707826239166,NA,NA,FALSE,FALSE,FALSE,TRUE,FALSE,TRUE,2,TRUE
"ASV1152","ALDEx2",NA,NA,NA,NA,NA,NA,"aldex2",0.144677292848057,5.17688713799121,TRUE,"Bacteria","Bacteroidota","Bacteroidia","Chitinophagales","Saprospiraceae","Aureispira",NA,-4.26957458217217,-6.34293066147943,5.71981454899835,12.0561250255268,2.4331985354955,5.17688713799121,0.000547999460257121,0.016358847021516,0.144677292848057,0,0,NA,NA,FALSE,TRUE,FALSE,TRUE,TRUE,TRUE,3,TRUE
"ASV1152","DESeq2",42.8663782208769,9.3980445263152,1.99781736930128,4.70415598078523,2.54918306296666e-06,1.45866642492738e-05,"deseq2",1.45866642492738e-05,9.3980445263152,TRUE,"Bacteria","Bacteroidota","Bacteroidia","Chitinophagales","Saprospiraceae","Aureispira",NA,NA,NA,NA,NA,NA,NA,NA,NA,NA,NA,NA,NA,NA,TRUE,FALSE,FALSE,TRUE,TRUE,TRUE,3,TRUE
"ASV1152","LEfSe",NA,NA,NA,NA,NA,NA,"lefse",0.0832645166635506,3.91888961134127,TRUE,"Bacteria","Bacteroidota","Bacteroidia","Chitinophagales","Saprospiraceae","Aureispira",NA,NA,NA,NA,NA,NA,NA,NA,NA,NA,NA,NA,"ASV1152",3.91888961134127,FALSE,FALSE,TRUE,TRUE,TRUE,TRUE,3,TRUE
"ASV1157","LEfSe",NA,NA,NA,NA,NA,NA,"lefse",0.0832645166635506,3.81280191265735,TRUE,"Bacteria","Bacteroidota","Bacteroidia","Chitinophagales","Saprospiraceae","Aureispira",NA,NA,NA,NA,NA,NA,NA,NA,NA,NA,NA,NA,"ASV1157",3.81280191265735,FALSE,FALSE,TRUE,FALSE,TRUE,TRUE,2,TRUE
"ASV1157","DESeq2",35.530144680078,5.21545424366014,2.62184857195911,1.98922786748246,0.0466760572950047,0.0663945378361547,"deseq2",0.0663945378361547,5.21545424366014,FALSE,"Bacteria","Bacteroidota","Bacteroidia","Chitinophagales","Saprospiraceae","Aureispira",NA,NA,NA,NA,NA,NA,NA,NA,NA,NA,NA,NA,NA,NA,FALSE,FALSE,FALSE,FALSE,TRUE,TRUE,2,TRUE
"ASV1157","ALDEx2",NA,NA,NA,NA,NA,NA,"aldex2",0.235698319273997,2.91554888879827,TRUE,"Bacteria","Bacteroidota","Bacteroidia","Chitinophagales","Saprospiraceae","Aureispira",NA,-0.87406802059657,-5.29090251799544,5.40250985768096,10.7264252810845,3.94075902025687,2.91554888879827,0.000547999460257121,0.0493705717570193,0.235698319273997,0,0,NA,NA,FALSE,TRUE,FALSE,FALSE,TRUE,TRUE,2,TRUE
"ASV116","ALDEx2",NA,NA,NA,NA,NA,NA,"aldex2",0.990673541361595,0.130327313734896,FALSE,"Bacteria","Proteobacteria","Alphaproteobacteria","Rhodobacterales","Rhodobacteraceae","Sedimentitalea",NA,-3.4070941993643,-4.17833270617364,-2.74148093606571,0.979057765035116,6.92303957985782,0.130327313734896,0.457364556151575,0.825699171109282,0.990673541361595,0.68125,0.988872025906909,NA,NA,FALSE,FALSE,FALSE,FALSE,FALSE,FALSE,0,FALSE
"ASV116","DESeq2",36.4494550945273,-21.5774012427672,4.40873902950014,-4.89423417861357,NA,NA,"deseq2",NA,-21.5774012427672,NA,"Bacteria","Proteobacteria","Alphaproteobacteria","Rhodobacterales","Rhodobacteraceae","Sedimentitalea",NA,NA,NA,NA,NA,NA,NA,NA,NA,NA,NA,NA,NA,NA,FALSE,FALSE,FALSE,FALSE,FALSE,FALSE,0,FALSE
"ASV118","LEfSe",NA,NA,NA,NA,NA,NA,"lefse",0.0832645166635506,3.7910493687132,TRUE,"Bacteria","Bacteroidota","Bacteroidia","Flavobacteriales","Flavobacteriaceae","NS4 marine group",NA,NA,NA,NA,NA,NA,NA,NA,NA,NA,NA,NA,"ASV118",3.7910493687132,FALSE,FALSE,TRUE,FALSE,TRUE,TRUE,2,TRUE
"ASV118","ALDEx2",NA,NA,NA,NA,NA,NA,"aldex2",0.161985484526612,4.37478732028656,TRUE,"Bacteria","Bacteroidota","Bacteroidia","Flavobacteriales","Flavobacteriaceae","NS4 marine group",NA,1.60726605071857,-0.124097314209335,5.51187960594408,5.63308291619928,1.1112955404468,4.37478732028656,0.000547999460257121,0.019318739866224,0.161985484526612,0,0,NA,NA,FALSE,TRUE,FALSE,FALSE,TRUE,TRUE,2,TRUE
"ASV118","DESeq2",50.144726868929,2.13388152330562,1.13946222110646,1.87270932180054,0.0611085354235156,0.0804059676625206,"deseq2",0.0804059676625206,2.13388152330562,FALSE,"Bacteria","Bacteroidota","Bacteroidia","Flavobacteriales","Flavobacteriaceae","NS4 marine group",NA,NA,NA,NA,NA,NA,NA,NA,NA,NA,NA,NA,NA,NA,FALSE,FALSE,FALSE,FALSE,TRUE,TRUE,2,TRUE
"ASV1194","DESeq2",37.581066418813,-8.09080300462002,2.30213596761385,-3.51447660713371,0.000440621478062208,0.00088856971968052,"deseq2",0.00088856971968052,-8.09080300462002,TRUE,"Bacteria","Bacteroidota","Bacteroidia","Flavobacteriales","Flavobacteriaceae",NA,NA,NA,NA,NA,NA,NA,NA,NA,NA,NA,NA,NA,NA,NA,TRUE,FALSE,FALSE,TRUE,FALSE,TRUE,2,TRUE
"ASV1194","LEfSe",NA,NA,NA,NA,NA,NA,"lefse",0.0832645166635506,-3.64272472719887,TRUE,"Bacteria","Bacteroidota","Bacteroidia","Flavobacteriales","Flavobacteriaceae",NA,NA,NA,NA,NA,NA,NA,NA,NA,NA,NA,NA,NA,"ASV1194",-3.64272472719887,FALSE,FALSE,TRUE,TRUE,FALSE,TRUE,2,TRUE
"ASV1194","ALDEx2",NA,NA,NA,NA,NA,NA,"aldex2",0.606758184507485,-1.40516675351036,FALSE,"Bacteria","Bacteroidota","Bacteroidia","Flavobacteriales","Flavobacteriaceae",NA,NA,-0.526493976327109,2.30552531004308,-2.76558133107133,-4.71814651221322,3.44077004105786,-1.40516675351036,0.0697757370552277,0.172246949740936,0.606758184507485,0.2640625,0.640889370810646,NA,NA,FALSE,FALSE,FALSE,TRUE,FALSE,TRUE,2,TRUE
"ASV1218","ALDEx2",NA,NA,NA,NA,NA,NA,"aldex2",0.995885371987298,0.138259055447119,FALSE,"Bacteria","Bacteroidota","Bacteroidia","Flavobacteriales","Flavobacteriaceae","Aureicoccus","marinus",1.85892429727939,1.95733588348497,1.72190321580666,0.235256308248803,1.85168728670059,0.138259055447119,0.457364556151575,0.74413184351507,0.995885371987298,0.734375,0.96848156030674,NA,NA,FALSE,FALSE,FALSE,TRUE,FALSE,FALSE,1,TRUE
"ASV1218","DESeq2",35.2480928127867,-3.14825779987704,1.40436887247175,-2.24175988345283,0.0249768952660529,0.0402853149452466,"deseq2",0.0402853149452466,-3.14825779987704,TRUE,"Bacteria","Bacteroidota","Bacteroidia","Flavobacteriales","Flavobacteriaceae","Aureicoccus","marinus",NA,NA,NA,NA,NA,NA,NA,NA,NA,NA,NA,NA,NA,TRUE,FALSE,FALSE,TRUE,FALSE,FALSE,1,TRUE
"ASV1232","DESeq2",32.3478392209026,-7.87592943658651,3.96764449135134,-1.9850390965608,0.0471401218636699,0.0663945378361547,"deseq2",0.0663945378361547,-7.87592943658651,FALSE,"Bacteria","Bacteroidota","Bacteroidia","Flavobacteriales","Flavobacteriaceae",NA,NA,NA,NA,NA,NA,NA,NA,NA,NA,NA,NA,NA,NA,NA,FALSE,FALSE,FALSE,FALSE,FALSE,FALSE,0,FALSE
"ASV1232","ALDEx2",NA,NA,NA,NA,NA,NA,"aldex2",0.924920478732304,-0.591892503847672,FALSE,"Bacteria","Bacteroidota","Bacteroidia","Flavobacteriales","Flavobacteriaceae",NA,NA,-1.31840256813567,1.52201170146549,-2.79860611507156,-3.71141466930607,5.42375180065838,-0.591892503847672,0.2868230100843,0.60826717453101,0.924920478732304,0.685937499999999,0.957998596779172,NA,NA,FALSE,FALSE,FALSE,FALSE,FALSE,FALSE,0,FALSE
"ASV1233","ALDEx2",NA,NA,NA,NA,NA,NA,"aldex2",0.542727079289777,-1.78217325378571,FALSE,"Bacteria","Proteobacteria","Gammaproteobacteria","Enterobacterales","Alteromonadaceae",NA,NA,1.5789762015745,1.98880224560475,-2.85028144277259,-5.03466954248832,2.69066444783106,-1.78217325378571,0.000547999460257121,0.151059696973179,0.542727079289777,0.2,0.531993710124935,NA,NA,FALSE,FALSE,FALSE,TRUE,FALSE,TRUE,2,TRUE
"ASV1233","LEfSe",NA,NA,NA,NA,NA,NA,"lefse",0.0832645166635506,-3.60383258629144,TRUE,"Bacteria","Proteobacteria","Gammaproteobacteria","Enterobacterales","Alteromonadaceae",NA,NA,NA,NA,NA,NA,NA,NA,NA,NA,NA,NA,NA,"ASV1233",-3.60383258629144,FALSE,FALSE,TRUE,TRUE,FALSE,TRUE,2,TRUE
"ASV1233","DESeq2",39.9321066732964,-8.17346054906278,1.74300192473007,-4.6893009313966,2.7413997987195e-06,1.45866642492738e-05,"deseq2",1.45866642492738e-05,-8.17346054906278,TRUE,"Bacteria","Proteobacteria","Gammaproteobacteria","Enterobacterales","Alteromonadaceae",NA,NA,NA,NA,NA,NA,NA,NA,NA,NA,NA,NA,NA,NA,NA,TRUE,FALSE,FALSE,TRUE,FALSE,TRUE,2,TRUE
"ASV1253","LEfSe",NA,NA,NA,NA,NA,NA,"lefse",0.0832645166635506,-3.62754545828225,TRUE,"Bacteria","Proteobacteria","Gammaproteobacteria","Arenicellales","Arenicellaceae","Arenicella",NA,NA,NA,NA,NA,NA,NA,NA,NA,NA,NA,NA,"ASV1253",-3.62754545828225,FALSE,FALSE,TRUE,TRUE,FALSE,TRUE,2,TRUE
"ASV1253","DESeq2",40.0870194516371,-8.17953410680975,1.69736581235438,-4.81895773278484,1.44310119242074e-06,9.01938245262961e-06,"deseq2",9.01938245262961e-06,-8.17953410680975,TRUE,"Bacteria","Proteobacteria","Gammaproteobacteria","Arenicellales","Arenicellaceae","Arenicella",NA,NA,NA,NA,NA,NA,NA,NA,NA,NA,NA,NA,NA,NA,TRUE,FALSE,FALSE,TRUE,FALSE,TRUE,2,TRUE
"ASV1253","ALDEx2",NA,NA,NA,NA,NA,NA,"aldex2",0.548486728012055,-2.33869758619285,FALSE,"Bacteria","Proteobacteria","Gammaproteobacteria","Arenicellales","Arenicellaceae","Arenicella",NA,1.68382659140786,2.0363112738162,-2.7642044412238,-4.87938779473737,2.30467448361702,-2.33869758619285,0.000547999460257121,0.14099690142511,0.548486728012055,0.2,0.531993710124935,NA,NA,FALSE,FALSE,FALSE,TRUE,FALSE,TRUE,2,TRUE
"ASV126","DESeq2",164.29169438979,24.6987408646305,4.3283543287059,5.7062659359533,1.15481524535383e-08,2.88703811338457e-07,"deseq2",2.88703811338457e-07,24.6987408646305,TRUE,"Bacteria","Proteobacteria","Alphaproteobacteria","Rhizobiales","Rhizobiaceae","Jiella",NA,NA,NA,NA,NA,NA,NA,NA,NA,NA,NA,NA,NA,NA,TRUE,FALSE,FALSE,TRUE,FALSE,FALSE,1,TRUE
"ASV126","ALDEx2",NA,NA,NA,NA,NA,NA,"aldex2",0.892889780595013,1.21406274160063,FALSE,"Bacteria","Proteobacteria","Alphaproteobacteria","Rhizobiales","Rhizobiaceae","Jiella",NA,-5.03668330359136,-6.33700824500153,4.3307592375217,11.1198720575589,8.71017545634423,1.21406274160063,0.116283743887406,0.392428402386854,0.892889780595013,0.1734375,0.318821890274299,NA,NA,FALSE,FALSE,FALSE,TRUE,FALSE,FALSE,1,TRUE
"ASV13","ALDEx2",NA,NA,NA,NA,NA,NA,"aldex2",0.415597416270786,1.63501685431868,FALSE,"Bacteria","Proteobacteria","Alphaproteobacteria","SAR11 clade","Clade I","Clade Ib",NA,3.44577265646201,3.1857563721208,4.53393412388877,1.60067198801835,1.03037888033179,1.63501685431868,0.00782930484115282,0.120110565712929,0.415597416270786,0.0109375,0.0275598698781838,NA,NA,FALSE,FALSE,FALSE,FALSE,FALSE,FALSE,0,FALSE
"ASV13","DESeq2",86.1391176514131,-1.23941955745295,0.601698529174877,-2.05986801920988,0.0394111597853851,0.057957587919684,"deseq2",0.057957587919684,-1.23941955745295,FALSE,"Bacteria","Proteobacteria","Alphaproteobacteria","SAR11 clade","Clade I","Clade Ib",NA,NA,NA,NA,NA,NA,NA,NA,NA,NA,NA,NA,NA,NA,FALSE,FALSE,FALSE,FALSE,FALSE,FALSE,0,FALSE
"ASV1328","ALDEx2",NA,NA,NA,NA,NA,NA,"aldex2",0.627908888759917,-1.37634829966946,FALSE,"Bacteria","Proteobacteria","Alphaproteobacteria","Rhodobacterales","Rhodobacteraceae",NA,NA,0.36353618301357,1.00342051318857,-2.71026805375086,-3.99963206085971,2.9221060322044,-1.37634829966946,0.0312696412751581,0.185827125161617,0.627908888759917,0.2515625,0.591533423590272,NA,NA,FALSE,FALSE,FALSE,TRUE,FALSE,TRUE,2,TRUE
"ASV1328","DESeq2",35.9528642746687,-8.02266298091499,2.21483739607416,-3.62223565266476,0.000292067866597507,0.000632011979385244,"deseq2",0.000632011979385244,-8.02266298091499,TRUE,"Bacteria","Proteobacteria","Alphaproteobacteria","Rhodobacterales","Rhodobacteraceae",NA,NA,NA,NA,NA,NA,NA,NA,NA,NA,NA,NA,NA,NA,NA,TRUE,FALSE,FALSE,TRUE,FALSE,TRUE,2,TRUE
"ASV1328","LEfSe",NA,NA,NA,NA,NA,NA,"lefse",0.0832645166635506,-3.62175591064136,TRUE,"Bacteria","Proteobacteria","Alphaproteobacteria","Rhodobacterales","Rhodobacteraceae",NA,NA,NA,NA,NA,NA,NA,NA,NA,NA,NA,NA,NA,"ASV1328",-3.62175591064136,FALSE,FALSE,TRUE,TRUE,FALSE,TRUE,2,TRUE
"ASV1334","DESeq2",22.075590674988,-7.33438729040259,1.75069782175954,-4.18940790309042,2.79683262288085e-05,9.02204071897048e-05,"deseq2",9.02204071897048e-05,-7.33438729040259,TRUE,"Bacteria","Proteobacteria","Gammaproteobacteria","Pseudomonadales","Spongiibacteraceae","Dasania",NA,NA,NA,NA,NA,NA,NA,NA,NA,NA,NA,NA,NA,NA,TRUE,FALSE,FALSE,TRUE,FALSE,FALSE,1,TRUE
"ASV1334","ALDEx2",NA,NA,NA,NA,NA,NA,"aldex2",0.613600669373628,-1.40312510831573,FALSE,"Bacteria","Proteobacteria","Gammaproteobacteria","Pseudomonadales","Spongiibacteraceae","Dasania",NA,0.723207864811717,1.1890731166269,-3.18384045600805,-4.49176530533661,2.62646121827264,-1.40312510831573,0.00782930484115282,0.195806585432043,0.613600669373628,0.2125,0.550387162993998,NA,NA,FALSE,FALSE,FALSE,TRUE,FALSE,FALSE,1,TRUE
"ASV138","DESeq2",92.1989519463847,10.5028097275114,1.82149030982993,5.76605303406308,8.11495326823596e-09,2.88703811338457e-07,"deseq2",2.88703811338457e-07,10.5028097275114,TRUE,"Bacteria","Verrucomicrobiota","Verrucomicrobiae","Verrucomicrobiales","DEV007",NA,NA,NA,NA,NA,NA,NA,NA,NA,NA,NA,NA,NA,NA,NA,TRUE,FALSE,FALSE,TRUE,TRUE,TRUE,3,TRUE
"ASV138","ALDEx2",NA,NA,NA,NA,NA,NA,"aldex2",0.138720089621107,4.30293743358879,TRUE,"Bacteria","Verrucomicrobiota","Verrucomicrobiae","Verrucomicrobiales","DEV007",NA,NA,-3.87590998286193,-6.18200558193571,6.80622611241934,12.8176724980631,3.1297172789598,4.30293743358879,0.000547999460257121,0.0151688644455996,0.138720089621107,0,0,NA,NA,FALSE,TRUE,FALSE,TRUE,TRUE,TRUE,3,TRUE
"ASV138","LEfSe",NA,NA,NA,NA,NA,NA,"lefse",0.0832645166635506,4.25306015066176,TRUE,"Bacteria","Verrucomicrobiota","Verrucomicrobiae","Verrucomicrobiales","DEV007",NA,NA,NA,NA,NA,NA,NA,NA,NA,NA,NA,NA,NA,"ASV138",4.25306015066176,FALSE,FALSE,TRUE,TRUE,TRUE,TRUE,3,TRUE
"ASV1387","ALDEx2",NA,NA,NA,NA,NA,NA,"aldex2",1,0.20768102676419,FALSE,"Bacteria","Proteobacteria","Alphaproteobacteria","Caulobacterales","Hyphomonadaceae","Maricaulis",NA,0.971654566829354,0.971654566829354,2.41810549109995,2.08238396964996,5.51987588169054,0.20768102676419,0.480620252231404,0.891742415902484,1,0.753124999999999,0.997139821176885,NA,NA,FALSE,FALSE,FALSE,FALSE,FALSE,FALSE,0,FALSE
"ASV1387","DESeq2",29.2969158683214,-0.206293369659463,2.1467478222993,-0.0960957628635251,0.923444516479863,0.923444516479863,"deseq2",0.923444516479863,-0.206293369659463,FALSE,"Bacteria","Proteobacteria","Alphaproteobacteria","Caulobacterales","Hyphomonadaceae","Maricaulis",NA,NA,NA,NA,NA,NA,NA,NA,NA,NA,NA,NA,NA,NA,FALSE,FALSE,FALSE,FALSE,FALSE,FALSE,0,FALSE
"ASV141","ALDEx2",NA,NA,NA,NA,NA,NA,"aldex2",0.576815519736468,-1.51676557208704,FALSE,"Bacteria","Cyanobacteria","Cyanobacteriia","Synechococcales","Cyanobiaceae","Synechococcus CC9902",NA,0.234045442550865,1.3265576532119,-2.80393377110955,-3.92346144758726,2.5134089285718,-1.51676557208704,0.0310272461563087,0.166807868836487,0.576815519736468,0.2171875,0.563539996400622,NA,NA,FALSE,FALSE,FALSE,TRUE,FALSE,FALSE,1,TRUE
"ASV141","DESeq2",19.1605981487749,-7.11584967532329,1.80976316756051,-3.93192313937694,8.42690107236385e-05,0.00023408058534344,"deseq2",0.00023408058534344,-7.11584967532329,TRUE,"Bacteria","Cyanobacteria","Cyanobacteriia","Synechococcales","Cyanobiaceae","Synechococcus CC9902",NA,NA,NA,NA,NA,NA,NA,NA,NA,NA,NA,NA,NA,NA,TRUE,FALSE,FALSE,TRUE,FALSE,FALSE,1,TRUE
"ASV1415","LEfSe",NA,NA,NA,NA,NA,NA,"lefse",0.0832645166635506,-3.56957494226147,TRUE,"Bacteria","Proteobacteria","Alphaproteobacteria","Rhodobacterales","Rhodobacteraceae","Yoonia-Loktanella",NA,NA,NA,NA,NA,NA,NA,NA,NA,NA,NA,NA,"ASV1415",-3.56957494226147,FALSE,FALSE,TRUE,TRUE,FALSE,TRUE,2,TRUE
"ASV1415","ALDEx2",NA,NA,NA,NA,NA,NA,"aldex2",0.564799651993273,-1.65080535398286,FALSE,"Bacteria","Proteobacteria","Alphaproteobacteria","Rhodobacterales","Rhodobacteraceae","Yoonia-Loktanella",NA,0.936860638758265,1.44590101172744,-3.02962776250126,-4.9449814890262,2.75928933521862,-1.65080535398286,0.00782930484115282,0.152846832492394,0.564799651993273,0.203125,0.5386601383148,NA,NA,FALSE,FALSE,FALSE,TRUE,FALSE,TRUE,2,TRUE
"ASV1415","DESeq2",34.0250862425808,-7.94152971836532,1.9367088796217,-4.10052837673597,4.12207883626099e-05,0.000128814963633156,"deseq2",0.000128814963633156,-7.94152971836532,TRUE,"Bacteria","Proteobacteria","Alphaproteobacteria","Rhodobacterales","Rhodobacteraceae","Yoonia-Loktanella",NA,NA,NA,NA,NA,NA,NA,NA,NA,NA,NA,NA,NA,NA,TRUE,FALSE,FALSE,TRUE,FALSE,TRUE,2,TRUE
"ASV1498","DESeq2",21.8875567431352,-7.30316797199835,1.95012409218266,-3.74497602551249,0.00018041100289092,0.000410025006570273,"deseq2",0.000410025006570273,-7.30316797199835,TRUE,"Bacteria","Proteobacteria","Gammaproteobacteria","Pseudomonadales","Marinobacteraceae","Marinobacter","guineae",NA,NA,NA,NA,NA,NA,NA,NA,NA,NA,NA,NA,NA,TRUE,FALSE,FALSE,TRUE,FALSE,FALSE,1,TRUE
"ASV1498","ALDEx2",NA,NA,NA,NA,NA,NA,"aldex2",0.63251597363222,-1.51021508447253,FALSE,"Bacteria","Proteobacteria","Gammaproteobacteria","Pseudomonadales","Marinobacteraceae","Marinobacter","guineae",0.203603370903421,1.26895829222722,-2.83265871387254,-3.93211243098645,2.46802335173441,-1.51021508447253,0.0387751645274906,0.19600722343366,0.63251597363222,0.2375,0.594236449618068,NA,NA,FALSE,FALSE,FALSE,TRUE,FALSE,FALSE,1,TRUE
"ASV1510","DESeq2",29.8978066899526,-7.75418361696816,1.83225354013226,-4.23204728337348,2.31573708079315e-05,7.71912360264385e-05,"deseq2",7.71912360264385e-05,-7.75418361696816,TRUE,"Bacteria","Proteobacteria","Alphaproteobacteria","Rhodobacterales","Rhodobacteraceae","Yoonia-Loktanella",NA,NA,NA,NA,NA,NA,NA,NA,NA,NA,NA,NA,NA,NA,TRUE,FALSE,FALSE,TRUE,FALSE,TRUE,2,TRUE
"ASV1510","LEfSe",NA,NA,NA,NA,NA,NA,"lefse",0.0832645166635506,-3.51138648703479,TRUE,"Bacteria","Proteobacteria","Alphaproteobacteria","Rhodobacterales","Rhodobacteraceae","Yoonia-Loktanella",NA,NA,NA,NA,NA,NA,NA,NA,NA,NA,NA,NA,"ASV1510",-3.51138648703479,FALSE,FALSE,TRUE,TRUE,FALSE,TRUE,2,TRUE
"ASV1510","ALDEx2",NA,NA,NA,NA,NA,NA,"aldex2",0.566210852293233,-1.85714652177484,FALSE,"Bacteria","Proteobacteria","Alphaproteobacteria","Rhodobacterales","Rhodobacteraceae","Yoonia-Loktanella",NA,1.10669412882798,1.41324368358584,-3.22994625097758,-5.04815438794103,2.49784953679293,-1.85714652177484,0.000547999460257121,0.161574395808995,0.566210852293233,0.2,0.531993710124935,NA,NA,FALSE,FALSE,FALSE,TRUE,FALSE,TRUE,2,TRUE
"ASV160","ALDEx2",NA,NA,NA,NA,NA,NA,"aldex2",0.509955555598115,-2.3916803580521,FALSE,"Bacteria","Bacteroidota","Bacteroidia","Flavobacteriales","Flavobacteriaceae","Polaribacter","dokdonensis",2.63232918080503,2.86075436096774,-2.9647245743657,-5.90455166558676,2.67927889775325,-2.3916803580521,0.000547999460257121,0.130692530929856,0.509955555598115,0.2,0.531993710124935,NA,NA,FALSE,FALSE,FALSE,TRUE,FALSE,TRUE,2,TRUE
"ASV160","LEfSe",NA,NA,NA,NA,NA,NA,"lefse",0.0832645166635506,-3.88746409399612,TRUE,"Bacteria","Bacteroidota","Bacteroidia","Flavobacteriales","Flavobacteriaceae","Polaribacter","dokdonensis",NA,NA,NA,NA,NA,NA,NA,NA,NA,NA,NA,"ASV160",-3.88746409399612,FALSE,FALSE,TRUE,TRUE,FALSE,TRUE,2,TRUE
"ASV160","DESeq2",71.5207511156367,-9.01795657127079,1.65179645274464,-5.45948416119098,4.77519931953423e-08,7.95866553255705e-07,"deseq2",7.95866553255705e-07,-9.01795657127079,TRUE,"Bacteria","Bacteroidota","Bacteroidia","Flavobacteriales","Flavobacteriaceae","Polaribacter","dokdonensis",NA,NA,NA,NA,NA,NA,NA,NA,NA,NA,NA,NA,NA,TRUE,FALSE,FALSE,TRUE,FALSE,TRUE,2,TRUE
"ASV169","DESeq2",40.2151659749421,-3.75101468256253,3.17494794950165,-1.18144131564465,0.237427453259515,0.276078434022691,"deseq2",0.276078434022691,-3.75101468256253,FALSE,"Bacteria","Proteobacteria","Gammaproteobacteria","Enterobacterales","Colwelliaceae","Thalassotalea","eurytherma",NA,NA,NA,NA,NA,NA,NA,NA,NA,NA,NA,NA,NA,FALSE,FALSE,FALSE,FALSE,FALSE,FALSE,0,FALSE
"ASV169","ALDEx2",NA,NA,NA,NA,NA,NA,"aldex2",1,-0.0574325472024448,FALSE,"Bacteria","Proteobacteria","Gammaproteobacteria","Enterobacterales","Colwelliaceae","Thalassotalea","eurytherma",-0.408637320321765,-0.496391537887183,0.62421942198668,-0.376544421319932,5.08966641852608,-0.0574325472024448,0.476562619469233,0.870599947236745,1,0.795312499999999,0.997090999278499,NA,NA,FALSE,FALSE,FALSE,FALSE,FALSE,FALSE,0,FALSE
"ASV172","DESeq2",54.2189837206769,9.73669615374791,4.32909768468297,2.24912830869996,0.0245043339590949,0.0401710392772048,"deseq2",0.0401710392772048,9.73669615374791,TRUE,"Bacteria","Proteobacteria","Alphaproteobacteria","Rhizobiales","Rhizobiaceae","Jiella","aquimaris",NA,NA,NA,NA,NA,NA,NA,NA,NA,NA,NA,NA,NA,TRUE,FALSE,FALSE,TRUE,FALSE,FALSE,1,TRUE
"ASV172","ALDEx2",NA,NA,NA,NA,NA,NA,"aldex2",0.811339441732429,1.28799223829129,FALSE,"Bacteria","Proteobacteria","Alphaproteobacteria","Rhizobiales","Rhizobiaceae","Jiella","aquimaris",-4.81179102081697,-6.50987981763997,3.92726383734322,10.8051852502678,7.18737907654183,1.28799223829129,0.1093800979602,0.322741743005543,0.811339441732429,0.1171875,0.224094000217461,NA,NA,FALSE,FALSE,FALSE,TRUE,FALSE,FALSE,1,TRUE
"ASV1733","DESeq2",29.3244575511779,-7.72615529629614,1.81520224180418,-4.25636059628095,2.07781490479485e-05,7.24253312723753e-05,"deseq2",7.24253312723753e-05,-7.72615529629614,TRUE,"Bacteria","Proteobacteria","Alphaproteobacteria","Rhodobacterales","Rhodobacteraceae","Tateyamaria",NA,NA,NA,NA,NA,NA,NA,NA,NA,NA,NA,NA,NA,NA,TRUE,FALSE,FALSE,TRUE,FALSE,FALSE,1,TRUE
"ASV1733","ALDEx2",NA,NA,NA,NA,NA,NA,"aldex2",0.542663214475761,-1.63816493619218,FALSE,"Bacteria","Proteobacteria","Alphaproteobacteria","Rhodobacterales","Rhodobacteraceae","Tateyamaria",NA,0.987510485109792,1.5610829178615,-2.88805260085176,-4.50442192610516,2.72414335189406,-1.63816493619218,0.000547999460257121,0.152840380851477,0.542663214475761,0.2,0.531993710124935,NA,NA,FALSE,FALSE,FALSE,TRUE,FALSE,FALSE,1,TRUE
"ASV175","ALDEx2",NA,NA,NA,NA,NA,NA,"aldex2",0.485451662798495,-2.63260934550522,FALSE,"Bacteria","Proteobacteria","Gammaproteobacteria","Enterobacterales","Colwelliaceae","Colwellia",NA,3.35855876522519,4.03924580617257,-2.98254900831725,-6.729310472102,2.72137163887597,-2.63260934550522,0.000547999460257121,0.116646800026397,0.485451662798495,0.2,0.531993710124935,NA,NA,FALSE,FALSE,FALSE,TRUE,FALSE,TRUE,2,TRUE
"ASV175","DESeq2",146.699483009516,-10.0585368038045,1.75017705444536,-5.74715385409513,9.07581417119744e-09,2.88703811338457e-07,"deseq2",2.88703811338457e-07,-10.0585368038045,TRUE,"Bacteria","Proteobacteria","Gammaproteobacteria","Enterobacterales","Colwelliaceae","Colwellia",NA,NA,NA,NA,NA,NA,NA,NA,NA,NA,NA,NA,NA,NA,TRUE,FALSE,FALSE,TRUE,FALSE,TRUE,2,TRUE
"ASV175","LEfSe",NA,NA,NA,NA,NA,NA,"lefse",0.0832645166635506,-4.22241875448876,TRUE,"Bacteria","Proteobacteria","Gammaproteobacteria","Enterobacterales","Colwelliaceae","Colwellia",NA,NA,NA,NA,NA,NA,NA,NA,NA,NA,NA,NA,"ASV175",-4.22241875448876,FALSE,FALSE,TRUE,TRUE,FALSE,TRUE,2,TRUE
"ASV178","ALDEx2",NA,NA,NA,NA,NA,NA,"aldex2",0.186905250033783,6.12007795104366,TRUE,"Bacteria","Bacteroidota","Bacteroidia","Flavobacteriales","NS9 marine group",NA,NA,-0.38132440574075,-1.33273584008791,6.42761086175454,7.7899018096737,1.4072833255592,6.12007795104366,0.000547999460257121,0.0323401241688522,0.186905250033783,0,0,NA,NA,FALSE,TRUE,FALSE,TRUE,TRUE,TRUE,3,TRUE
"ASV178","LEfSe",NA,NA,NA,NA,NA,NA,"lefse",0.0832645166635506,4.14416822584511,TRUE,"Bacteria","Bacteroidota","Bacteroidia","Flavobacteriales","NS9 marine group",NA,NA,NA,NA,NA,NA,NA,NA,NA,NA,NA,NA,NA,"ASV178",4.14416822584511,FALSE,FALSE,TRUE,TRUE,TRUE,TRUE,3,TRUE
"ASV178","DESeq2",74.8637454878592,4.93593225681501,1.25374159585179,3.93696139072545,8.25198775431161e-05,0.00023408058534344,"deseq2",0.00023408058534344,4.93593225681501,TRUE,"Bacteria","Bacteroidota","Bacteroidia","Flavobacteriales","NS9 marine group",NA,NA,NA,NA,NA,NA,NA,NA,NA,NA,NA,NA,NA,NA,NA,TRUE,FALSE,FALSE,TRUE,TRUE,TRUE,3,TRUE
"ASV180","ALDEx2",NA,NA,NA,NA,NA,NA,"aldex2",0.653797160449378,0.921418684490947,FALSE,"Bacteria","Proteobacteria","Gammaproteobacteria","Enterobacterales","Pseudoalteromonadaceae","Pseudoalteromonas",NA,3.08680217923153,2.2682653671113,3.83875301671184,1.73901347388741,1.9600811714906,0.921418684490947,0.0930292930848227,0.216258521192497,0.653797160449378,0.121875,0.341089135854963,NA,NA,FALSE,FALSE,FALSE,FALSE,FALSE,FALSE,0,FALSE
"ASV180","DESeq2",60.2006072775273,-1.39531585634659,1.27334691060396,-1.09578610881836,0.273172388970137,0.306935268505772,"deseq2",0.306935268505772,-1.39531585634659,FALSE,"Bacteria","Proteobacteria","Gammaproteobacteria","Enterobacterales","Pseudoalteromonadaceae","Pseudoalteromonas",NA,NA,NA,NA,NA,NA,NA,NA,NA,NA,NA,NA,NA,NA,FALSE,FALSE,FALSE,FALSE,FALSE,FALSE,0,FALSE
"ASV1836","DESeq2",33.936941793878,-7.94808357969146,3.72610621817207,-2.13308024900873,0.0329181437109492,0.0498759753196201,"deseq2",0.0498759753196201,-7.94808357969146,TRUE,"Bacteria","Proteobacteria","Gammaproteobacteria","Pseudomonadales","Alcanivoracaceae1","Alcanivorax",NA,NA,NA,NA,NA,NA,NA,NA,NA,NA,NA,NA,NA,NA,TRUE,FALSE,FALSE,TRUE,FALSE,FALSE,1,TRUE
"ASV1836","ALDEx2",NA,NA,NA,NA,NA,NA,"aldex2",0.88149431742169,-0.603268847132759,FALSE,"Bacteria","Proteobacteria","Gammaproteobacteria","Pseudomonadales","Alcanivoracaceae1","Alcanivorax",NA,-1.04769715019689,1.64226123790581,-2.85191711459204,-3.65311293810783,5.8479831646052,-0.603268847132759,0.226564484085857,0.481707378652173,0.88149431742169,0.573437499999999,0.91363393738104,NA,NA,FALSE,FALSE,FALSE,TRUE,FALSE,FALSE,1,TRUE
"ASV192","ALDEx2",NA,NA,NA,NA,NA,NA,"aldex2",0.424885955883212,2.95936327614281,FALSE,"Bacteria","Bacteroidota","Bacteroidia","Flavobacteriales","Flavobacteriaceae","NS2b marine group",NA,1.2780790891598,0.705682639990192,5.47695387901842,4.78904303370376,2.87176140194424,2.95936327614281,0.000547999460257121,0.124306561941716,0.424885955883212,0,0,NA,NA,FALSE,FALSE,FALSE,FALSE,FALSE,TRUE,1,TRUE
"ASV192","DESeq2",49.4698857784382,2.1171022544251,2.0941812562276,1.01094508802872,0.31204271239629,0.339176861300316,"deseq2",0.339176861300316,2.1171022544251,FALSE,"Bacteria","Bacteroidota","Bacteroidia","Flavobacteriales","Flavobacteriaceae","NS2b marine group",NA,NA,NA,NA,NA,NA,NA,NA,NA,NA,NA,NA,NA,NA,FALSE,FALSE,FALSE,FALSE,FALSE,TRUE,1,TRUE
"ASV192","LEfSe",NA,NA,NA,NA,NA,NA,"lefse",0.0832645166635506,3.76124514005831,TRUE,"Bacteria","Bacteroidota","Bacteroidia","Flavobacteriales","Flavobacteriaceae","NS2b marine group",NA,NA,NA,NA,NA,NA,NA,NA,NA,NA,NA,NA,"ASV192",3.76124514005831,FALSE,FALSE,TRUE,FALSE,FALSE,TRUE,1,TRUE
"ASV2","DESeq2",37.1439477902274,-2.24431978072065,1.72657811292597,-1.2998657656544,0.193646980287162,0.230532119389478,"deseq2",0.230532119389478,-2.24431978072065,FALSE,"Bacteria","Cyanobacteria","Cyanobacteriia","Synechococcales","Cyanobiaceae","Prochlorococcus MIT9313","marinus",NA,NA,NA,NA,NA,NA,NA,NA,NA,NA,NA,NA,NA,FALSE,FALSE,FALSE,FALSE,FALSE,FALSE,0,FALSE
"ASV2","ALDEx2",NA,NA,NA,NA,NA,NA,"aldex2",1,0.0706905856568402,FALSE,"Bacteria","Cyanobacteria","Cyanobacteriia","Synechococcales","Cyanobiaceae","Prochlorococcus MIT9313","marinus",1.9462261938234,1.9462261938234,2.11922295407813,0.340647201519481,3.50223192979941,0.0706905856568402,0.492187539745284,0.757848376919591,1,0.793749999999998,0.999524155592469,NA,NA,FALSE,FALSE,FALSE,FALSE,FALSE,FALSE,0,FALSE
"ASV20","ALDEx2",NA,NA,NA,NA,NA,NA,"aldex2",0.302067553700915,4.04694656434609,FALSE,"Bacteria","Proteobacteria","Alphaproteobacteria","SAR11 clade","Clade I","Clade Ia",NA,2.69419498006542,2.48978241719708,4.21030531575948,1.74315150259202,0.411462601275097,4.04694656434609,0.000547999460257121,0.0789749830393088,0.302067553700915,0.0015625,0.00447048611111111,NA,NA,FALSE,FALSE,FALSE,FALSE,FALSE,FALSE,0,FALSE
"ASV20","DESeq2",65.0775341820752,-1.06003190781987,0.617036915956168,-1.71793920332503,0.0858077051667601,0.108617348312355,"deseq2",0.108617348312355,-1.06003190781987,FALSE,"Bacteria","Proteobacteria","Alphaproteobacteria","SAR11 clade","Clade I","Clade Ia",NA,NA,NA,NA,NA,NA,NA,NA,NA,NA,NA,NA,NA,NA,FALSE,FALSE,FALSE,FALSE,FALSE,FALSE,0,FALSE
"ASV21","ALDEx2",NA,NA,NA,NA,NA,NA,"aldex2",0.219641291395116,2.91646022231602,TRUE,"Bacteria","Proteobacteria","Alphaproteobacteria","Rhodospirillales","AEGEAN-169 marine group",NA,NA,1.86472843118438,1.02197023290526,4.24983210546234,3.22356346256864,1.04218792154255,2.91646022231602,0.000547999460257121,0.0422355786484131,0.219641291395116,0,0,NA,NA,FALSE,TRUE,FALSE,FALSE,TRUE,FALSE,1,TRUE
"ASV21","DESeq2",34.9864165068977,0.185213450323021,0.872190562542603,0.21235433892232,0.831830605620227,0.840232934969927,"deseq2",0.840232934969927,0.185213450323021,FALSE,"Bacteria","Proteobacteria","Alphaproteobacteria","Rhodospirillales","AEGEAN-169 marine group",NA,NA,NA,NA,NA,NA,NA,NA,NA,NA,NA,NA,NA,NA,NA,FALSE,FALSE,FALSE,FALSE,TRUE,FALSE,1,TRUE
"ASV211","LEfSe",NA,NA,NA,NA,NA,NA,"lefse",0.0832645166635506,3.70701462582701,TRUE,"Bacteria","Bacteroidota","Bacteroidia","Flavobacteriales","Flavobacteriaceae","NS4 marine group",NA,NA,NA,NA,NA,NA,NA,NA,NA,NA,NA,NA,"ASV211",3.70701462582701,FALSE,FALSE,TRUE,FALSE,TRUE,TRUE,2,TRUE
"ASV211","DESeq2",31.0720112843296,3.04943811888927,1.47469688507362,2.06784061847193,0.0386550127832711,0.0576940489302553,"deseq2",0.0576940489302553,3.04943811888927,FALSE,"Bacteria","Bacteroidota","Bacteroidia","Flavobacteriales","Flavobacteriaceae","NS4 marine group",NA,NA,NA,NA,NA,NA,NA,NA,NA,NA,NA,NA,NA,NA,FALSE,FALSE,FALSE,FALSE,TRUE,TRUE,2,TRUE
"ASV211","ALDEx2",NA,NA,NA,NA,NA,NA,"aldex2",0.240825366344919,3.72816690446673,TRUE,"Bacteria","Bacteroidota","Bacteroidia","Flavobacteriales","Flavobacteriaceae","NS4 marine group",NA,-0.143165293111334,-0.564336519228574,4.99689969975866,5.80197536261856,1.69587338717955,3.72816690446673,0.000547999460257121,0.0506527747921187,0.240825366344919,0,0,NA,NA,FALSE,TRUE,FALSE,FALSE,TRUE,TRUE,2,TRUE
"ASV223","LEfSe",NA,NA,NA,NA,NA,NA,"lefse",0.0832645166635506,-3.93363524711978,TRUE,"Bacteria","Proteobacteria","Gammaproteobacteria","Pseudomonadales","Cellvibrionaceae","Aestuariicella",NA,NA,NA,NA,NA,NA,NA,NA,NA,NA,NA,NA,"ASV223",-3.93363524711978,FALSE,FALSE,TRUE,TRUE,FALSE,TRUE,2,TRUE
"ASV223","DESeq2",86.4339513505482,-9.29916767788203,1.71598732889066,-5.41913539879905,5.98879501029432e-08,8.5554214432776e-07,"deseq2",8.5554214432776e-07,-9.29916767788203,TRUE,"Bacteria","Proteobacteria","Gammaproteobacteria","Pseudomonadales","Cellvibrionaceae","Aestuariicella",NA,NA,NA,NA,NA,NA,NA,NA,NA,NA,NA,NA,NA,NA,TRUE,FALSE,FALSE,TRUE,FALSE,TRUE,2,TRUE
"ASV223","ALDEx2",NA,NA,NA,NA,NA,NA,"aldex2",0.524184499177554,-2.32579192860054,FALSE,"Bacteria","Proteobacteria","Gammaproteobacteria","Pseudomonadales","Cellvibrionaceae","Aestuariicella",NA,2.62074491666888,2.8939763633355,-2.78566821354685,-5.78444145150559,2.71699050807998,-2.32579192860054,0.000547999460257121,0.131975396529612,0.524184499177554,0.2,0.531993710124935,NA,NA,FALSE,FALSE,FALSE,TRUE,FALSE,TRUE,2,TRUE
"ASV2303","ALDEx2",NA,NA,NA,NA,NA,NA,"aldex2",0.927377498575367,-0.575533629461077,FALSE,"Bacteria","Bacteroidota","Bacteroidia","Flavobacteriales","Flavobacteriaceae","Winogradskyella",NA,-1.386048803969,2.10967448159289,-3.05421575737248,-3.74435049315857,6.20393201573708,-0.575533629461077,0.294574880995797,0.578846055501568,0.927377498575367,0.668749999999999,0.954388703865446,NA,NA,FALSE,FALSE,FALSE,FALSE,FALSE,FALSE,0,FALSE
"ASV2303","DESeq2",30.6461971888965,-7.79894913299372,3.95457763018561,-1.97213201062579,0.048594538584635,0.0674924147008819,"deseq2",0.0674924147008819,-7.79894913299372,FALSE,"Bacteria","Bacteroidota","Bacteroidia","Flavobacteriales","Flavobacteriaceae","Winogradskyella",NA,NA,NA,NA,NA,NA,NA,NA,NA,NA,NA,NA,NA,NA,FALSE,FALSE,FALSE,FALSE,FALSE,FALSE,0,FALSE
"ASV236","ALDEx2",NA,NA,NA,NA,NA,NA,"aldex2",0.910330271304031,-0.638672448107116,FALSE,"Bacteria","Bacteroidota","Bacteroidia","Flavobacteriales","Flavobacteriaceae","Aurantivirga",NA,-1.16590411097989,3.44919747285257,-3.08306283063188,-5.21596668383526,7.54440524494025,-0.638672448107116,0.2868230100843,0.510381640290462,0.910330271304031,0.670312499999999,0.953476231812404,NA,NA,FALSE,FALSE,FALSE,TRUE,FALSE,FALSE,1,TRUE
"ASV236","DESeq2",97.7508967151573,-9.47291553050247,3.91076051652899,-2.42226940014987,0.0154239114329505,0.0261422227677128,"deseq2",0.0261422227677128,-9.47291553050247,TRUE,"Bacteria","Bacteroidota","Bacteroidia","Flavobacteriales","Flavobacteriaceae","Aurantivirga",NA,NA,NA,NA,NA,NA,NA,NA,NA,NA,NA,NA,NA,NA,TRUE,FALSE,FALSE,TRUE,FALSE,FALSE,1,TRUE
"ASV24","DESeq2",256.474036353116,-10.8656779600875,2.08892552313316,-5.20156311929695,1.97619332437922e-07,1.64682777031602e-06,"deseq2",1.64682777031602e-06,-10.8656779600875,TRUE,"Bacteria","Proteobacteria","Alphaproteobacteria","Rhodobacterales","Rhodobacteraceae","Pseudophaeobacter",NA,NA,NA,NA,NA,NA,NA,NA,NA,NA,NA,NA,NA,NA,TRUE,FALSE,FALSE,TRUE,FALSE,TRUE,2,TRUE
"ASV24","LEfSe",NA,NA,NA,NA,NA,NA,"lefse",0.0832645166635506,-4.33439757007428,TRUE,"Bacteria","Proteobacteria","Alphaproteobacteria","Rhodobacterales","Rhodobacteraceae","Pseudophaeobacter",NA,NA,NA,NA,NA,NA,NA,NA,NA,NA,NA,NA,"ASV24",-4.33439757007428,FALSE,FALSE,TRUE,TRUE,FALSE,TRUE,2,TRUE
"ASV24","ALDEx2",NA,NA,NA,NA,NA,NA,"aldex2",0.458703412454672,-2.45549555178795,FALSE,"Bacteria","Proteobacteria","Alphaproteobacteria","Rhodobacterales","Rhodobacteraceae","Pseudophaeobacter",NA,3.17814611337077,3.52586459112076,-2.96794152874418,-7.54671054910687,3.05137379896016,-2.45549555178795,0.000547999460257121,0.0955034498751944,0.458703412454672,0.2,0.531993710124935,NA,NA,FALSE,FALSE,FALSE,TRUE,FALSE,TRUE,2,TRUE
"ASV246","ALDEx2",NA,NA,NA,NA,NA,NA,"aldex2",0.149971115824484,4.25304679446012,TRUE,"Bacteria","Proteobacteria","Gammaproteobacteria","Enterobacterales","Vibrionaceae","Vibrio",NA,-4.00335676573249,-6.4378150104839,6.38057980119202,12.6562326862853,2.85537477323523,4.25304679446012,0.000547999460257121,0.0180146807017168,0.149971115824484,0,0,NA,NA,FALSE,TRUE,FALSE,TRUE,TRUE,TRUE,3,TRUE
"ASV246","LEfSe",NA,NA,NA,NA,NA,NA,"lefse",0.0832645166635506,4.15159327294441,TRUE,"Bacteria","Proteobacteria","Gammaproteobacteria","Enterobacterales","Vibrionaceae","Vibrio",NA,NA,NA,NA,NA,NA,NA,NA,NA,NA,NA,NA,"ASV246",4.15159327294441,FALSE,FALSE,TRUE,TRUE,TRUE,TRUE,3,TRUE
"ASV246","DESeq2",69.6787651766438,10.0987362143671,1.90844250288153,5.29161145757296,1.21243263234369e-07,1.34714736927076e-06,"deseq2",1.34714736927076e-06,10.0987362143671,TRUE,"Bacteria","Proteobacteria","Gammaproteobacteria","Enterobacterales","Vibrionaceae","Vibrio",NA,NA,NA,NA,NA,NA,NA,NA,NA,NA,NA,NA,NA,NA,TRUE,FALSE,FALSE,TRUE,TRUE,TRUE,3,TRUE
"ASV248","DESeq2",16.0904100417098,-6.87284480493084,3.81076822451676,-1.80353262124788,0.0713046070669561,0.091416162906354,"deseq2",0.091416162906354,-6.87284480493084,FALSE,"Bacteria","Proteobacteria","Gammaproteobacteria","Enterobacterales","Alteromonadaceae","Alteromonas","australica",NA,NA,NA,NA,NA,NA,NA,NA,NA,NA,NA,NA,NA,FALSE,FALSE,FALSE,FALSE,FALSE,FALSE,0,FALSE
"ASV248","ALDEx2",NA,NA,NA,NA,NA,NA,"aldex2",0.881097014617328,-0.591115785107864,FALSE,"Bacteria","Proteobacteria","Gammaproteobacteria","Enterobacterales","Alteromonadaceae","Alteromonas","australica",-1.24471515375962,0.918369614935792,-2.78380539213838,-2.80938714216409,4.4592886032371,-0.591115785107864,0.257814109363974,0.530333896101557,0.881097014617328,0.6125,0.908287550203025,NA,NA,FALSE,FALSE,FALSE,FALSE,FALSE,FALSE,0,FALSE
"ASV256","DESeq2",22.655300409631,-20.9425367648127,4.40954627778051,-4.74936318739665,NA,NA,"deseq2",NA,-20.9425367648127,NA,"Bacteria","Proteobacteria","Alphaproteobacteria","Rhodobacterales","Rhodobacteraceae","Amylibacter",NA,NA,NA,NA,NA,NA,NA,NA,NA,NA,NA,NA,NA,NA,FALSE,FALSE,FALSE,FALSE,FALSE,FALSE,0,FALSE
"ASV256","ALDEx2",NA,NA,NA,NA,NA,NA,"aldex2",0.979927359055779,0.151113067210243,FALSE,"Bacteria","Proteobacteria","Alphaproteobacteria","Rhodobacterales","Rhodobacteraceae","Amylibacter",NA,-3.66765598886074,-4.53206389254855,-2.85508884509732,1.02757139569882,6.79829410353569,0.151113067210243,0.437500322930131,0.833202056199992,0.979927359055779,0.6265625,0.970862634278438,NA,NA,FALSE,FALSE,FALSE,FALSE,FALSE,FALSE,0,FALSE
"ASV257","ALDEx2",NA,NA,NA,NA,NA,NA,"aldex2",0.14463494623268,4.3751852974839,TRUE,"Bacteria","Proteobacteria","Alphaproteobacteria","Rhodobacterales","Rhodobacteraceae","Ascidiaceihabitans",NA,-3.9311642034844,-6.28841488430984,5.62747873786456,11.8585670966424,2.81491760745035,4.3751852974839,0.000547999460257121,0.0171160819047774,0.14463494623268,0,0,NA,NA,FALSE,TRUE,FALSE,TRUE,TRUE,TRUE,3,TRUE
"ASV257","LEfSe",NA,NA,NA,NA,NA,NA,"lefse",0.0832645166635506,3.90702711006338,TRUE,"Bacteria","Proteobacteria","Alphaproteobacteria","Rhodobacterales","Rhodobacteraceae","Ascidiaceihabitans",NA,NA,NA,NA,NA,NA,NA,NA,NA,NA,NA,NA,"ASV257",3.90702711006338,FALSE,FALSE,TRUE,TRUE,TRUE,TRUE,3,TRUE
"ASV257","DESeq2",39.4077038710648,9.2766723777544,2.03268268975202,4.56375824152177,5.02459365455778e-06,2.28390620661718e-05,"deseq2",2.28390620661718e-05,9.2766723777544,TRUE,"Bacteria","Proteobacteria","Alphaproteobacteria","Rhodobacterales","Rhodobacteraceae","Ascidiaceihabitans",NA,NA,NA,NA,NA,NA,NA,NA,NA,NA,NA,NA,NA,NA,TRUE,FALSE,FALSE,TRUE,TRUE,TRUE,3,TRUE
"ASV2656","ALDEx2",NA,NA,NA,NA,NA,NA,"aldex2",0.655288933124367,-1.29903390172679,FALSE,"Bacteria","Bacteroidota","Bacteroidia","Flavobacteriales","Flavobacteriaceae",NA,NA,-0.348372085162606,1.36165800352523,-2.53625875738422,-3.69757388366394,3.10278243913723,-1.29903390172679,0.0620249244046617,0.20780896345338,0.655288933124367,0.2875,0.666177030552782,NA,NA,FALSE,FALSE,FALSE,TRUE,FALSE,FALSE,1,TRUE
"ASV2656","DESeq2",28.4403574891941,-7.68492779302665,2.25506678168894,-3.40784931755812,0.000654770411291667,0.00128386355155229,"deseq2",0.00128386355155229,-7.68492779302665,TRUE,"Bacteria","Bacteroidota","Bacteroidia","Flavobacteriales","Flavobacteriaceae",NA,NA,NA,NA,NA,NA,NA,NA,NA,NA,NA,NA,NA,NA,NA,TRUE,FALSE,FALSE,TRUE,FALSE,FALSE,1,TRUE
"ASV27","DESeq2",178.958034932287,-2.74435824057554,2.29879392560328,-1.1938252533251,0.232546331092798,0.273583918932704,"deseq2",0.273583918932704,-2.74435824057554,FALSE,"Bacteria","Proteobacteria","Gammaproteobacteria","Pseudomonadales","Saccharospirillaceae","Oceaniserpentilla",NA,NA,NA,NA,NA,NA,NA,NA,NA,NA,NA,NA,NA,NA,FALSE,FALSE,FALSE,FALSE,FALSE,FALSE,0,FALSE
"ASV27","ALDEx2",NA,NA,NA,NA,NA,NA,"aldex2",1,-0.286035156805613,FALSE,"Bacteria","Proteobacteria","Gammaproteobacteria","Pseudomonadales","Saccharospirillaceae","Oceaniserpentilla",NA,2.30284826283964,2.30284826283964,3.35872322981845,-0.991732582026684,6.0637907677974,-0.286035156805613,0.375000678151136,0.729979564622287,1,0.843749999999999,1,NA,NA,FALSE,FALSE,FALSE,FALSE,FALSE,FALSE,0,FALSE
"ASV3","ALDEx2",NA,NA,NA,NA,NA,NA,"aldex2",0.664355493616596,1.45516921911875,FALSE,"Bacteria","Proteobacteria","Alphaproteobacteria","SAR11 clade","Clade I","Clade Ia",NA,4.03879764803408,3.86186926479263,4.76623410366816,0.963236676488121,0.587331646733132,1.45516921911875,0.0937560784418437,0.255772028913012,0.664355493616596,0.0828125,0.207511290275376,NA,NA,FALSE,FALSE,FALSE,TRUE,FALSE,TRUE,2,TRUE
"ASV3","DESeq2",151.320989864072,-1.95751857395717,0.580721777945688,-3.37083720345726,0.000749401289872886,0.00141396469787337,"deseq2",0.00141396469787337,-1.95751857395717,TRUE,"Bacteria","Proteobacteria","Alphaproteobacteria","SAR11 clade","Clade I","Clade Ia",NA,NA,NA,NA,NA,NA,NA,NA,NA,NA,NA,NA,NA,NA,TRUE,FALSE,FALSE,TRUE,FALSE,TRUE,2,TRUE
"ASV3","LEfSe",NA,NA,NA,NA,NA,NA,"lefse",0.0832645166635506,-3.9856208213991,TRUE,"Bacteria","Proteobacteria","Alphaproteobacteria","SAR11 clade","Clade I","Clade Ia",NA,NA,NA,NA,NA,NA,NA,NA,NA,NA,NA,NA,"ASV3",-3.9856208213991,FALSE,FALSE,TRUE,TRUE,FALSE,TRUE,2,TRUE
"ASV30","DESeq2",37.8879720315093,-8.1071002955511,3.64680744340235,-2.22306782613876,0.0262112267580882,0.0416051218382353,"deseq2",0.0416051218382353,-8.1071002955511,TRUE,"Bacteria","Proteobacteria","Alphaproteobacteria","SAR11 clade","Clade II",NA,NA,NA,NA,NA,NA,NA,NA,NA,NA,NA,NA,NA,NA,NA,TRUE,FALSE,FALSE,TRUE,FALSE,FALSE,1,TRUE
"ASV30","ALDEx2",NA,NA,NA,NA,NA,NA,"aldex2",0.878584990745077,-0.765935632128095,FALSE,"Bacteria","Proteobacteria","Alphaproteobacteria","SAR11 clade","Clade II",NA,NA,-1.15841631181955,2.54809352338821,-2.95473198526067,-4.65898426998221,5.63639571178726,-0.765935632128095,0.224808178412025,0.481254897470986,0.878584990745077,0.624999999999999,0.925799452071302,NA,NA,FALSE,FALSE,FALSE,TRUE,FALSE,FALSE,1,TRUE
"ASV3131","DESeq2",25.3121269814642,-7.5228756558185,3.98214198989501,-1.88915304248527,0.0588713247227428,0.0784950996303237,"deseq2",0.0784950996303237,-7.5228756558185,FALSE,"Bacteria","Bacteroidota","Bacteroidia","Flavobacteriales","Flavobacteriaceae","Tenacibaculum",NA,NA,NA,NA,NA,NA,NA,NA,NA,NA,NA,NA,NA,NA,FALSE,FALSE,FALSE,FALSE,FALSE,FALSE,0,FALSE
"ASV3131","ALDEx2",NA,NA,NA,NA,NA,NA,"aldex2",0.916473701117564,-0.527313163039207,FALSE,"Bacteria","Bacteroidota","Bacteroidia","Flavobacteriales","Flavobacteriaceae","Tenacibaculum",NA,-1.44702919158499,1.79657417922808,-3.03500732465641,-3.61548480875659,6.62654250942023,-0.527313163039207,0.302326754637769,0.557121010238294,0.916473701117564,0.651562499999999,0.948886982787064,NA,NA,FALSE,FALSE,FALSE,FALSE,FALSE,FALSE,0,FALSE
"ASV319","LEfSe",NA,NA,NA,NA,NA,NA,"lefse",0.0832645166635506,-3.89633847303798,TRUE,"Bacteria","Proteobacteria","Gammaproteobacteria","Pseudomonadales","Saccharospirillaceae","Oleispira",NA,NA,NA,NA,NA,NA,NA,NA,NA,NA,NA,NA,"ASV319",-3.89633847303798,FALSE,FALSE,TRUE,TRUE,FALSE,TRUE,2,TRUE
"ASV319","DESeq2",80.6643634661719,-9.19823838356206,1.73738912946054,-5.2942879793533,1.19481020962179e-07,1.34714736927076e-06,"deseq2",1.34714736927076e-06,-9.19823838356206,TRUE,"Bacteria","Proteobacteria","Gammaproteobacteria","Pseudomonadales","Saccharospirillaceae","Oleispira",NA,NA,NA,NA,NA,NA,NA,NA,NA,NA,NA,NA,NA,NA,TRUE,FALSE,FALSE,TRUE,FALSE,TRUE,2,TRUE
"ASV319","ALDEx2",NA,NA,NA,NA,NA,NA,"aldex2",0.500733676280172,-2.23933318092618,FALSE,"Bacteria","Proteobacteria","Gammaproteobacteria","Pseudomonadales","Saccharospirillaceae","Oleispira",NA,2.24903336414569,2.99254073786934,-3.39825399557608,-6.67844991620919,2.64891531186401,-2.23933318092618,0.000547999460257121,0.120757254514056,0.500733676280172,0.2,0.531993710124935,NA,NA,FALSE,FALSE,FALSE,TRUE,FALSE,TRUE,2,TRUE
"ASV34","ALDEx2",NA,NA,NA,NA,NA,NA,"aldex2",0.276192859402649,2.37775225119836,FALSE,"Bacteria","Proteobacteria","Alphaproteobacteria","SAR11 clade","Clade IV",NA,NA,2.70110144224612,1.91655748899029,3.79219517167894,1.72970603423812,0.705561529636649,2.37775225119836,0.00789046640005469,0.0658529737022871,0.276192859402649,0.003125,0.0090831180445151,NA,NA,FALSE,FALSE,FALSE,FALSE,FALSE,FALSE,0,FALSE
"ASV34","DESeq2",49.3799691034833,-1.14395678500544,0.71666868252961,-1.5962142798924,0.110440960486046,0.138051200607557,"deseq2",0.138051200607557,-1.14395678500544,FALSE,"Bacteria","Proteobacteria","Alphaproteobacteria","SAR11 clade","Clade IV",NA,NA,NA,NA,NA,NA,NA,NA,NA,NA,NA,NA,NA,NA,NA,FALSE,FALSE,FALSE,FALSE,FALSE,FALSE,0,FALSE
"ASV343","ALDEx2",NA,NA,NA,NA,NA,NA,"aldex2",0.970712272221225,-0.01414270190436,FALSE,"Bacteria","Proteobacteria","Gammaproteobacteria","Enterobacterales","Colwelliaceae","Colwellia",NA,-3.73036325979649,-4.43373733011472,-3.17021658145003,-0.165060010645912,7.74039974170424,-0.01414270190436,0.496124050418246,0.793085452095851,0.970712272221225,0.66875,0.981566760214856,NA,NA,FALSE,FALSE,FALSE,FALSE,FALSE,FALSE,0,FALSE
"ASV343","DESeq2",31.1510380632426,-20.269089823292,4.40896491683063,-4.59724452465419,NA,NA,"deseq2",NA,-20.269089823292,NA,"Bacteria","Proteobacteria","Gammaproteobacteria","Enterobacterales","Colwelliaceae","Colwellia",NA,NA,NA,NA,NA,NA,NA,NA,NA,NA,NA,NA,NA,NA,FALSE,FALSE,FALSE,FALSE,FALSE,FALSE,0,FALSE
"ASV347","DESeq2",23.0789503391648,-7.3931777574806,3.89183463705254,-1.89966389812486,0.0574772409142259,0.0776719471813864,"deseq2",0.0776719471813864,-7.3931777574806,FALSE,"Bacteria","Proteobacteria","Gammaproteobacteria","Enterobacterales","Alteromonadaceae","Alteromonas","genovensis",NA,NA,NA,NA,NA,NA,NA,NA,NA,NA,NA,NA,NA,FALSE,FALSE,FALSE,FALSE,FALSE,FALSE,0,FALSE
"ASV347","ALDEx2",NA,NA,NA,NA,NA,NA,"aldex2",0.915678622993585,-0.435864904610077,FALSE,"Bacteria","Proteobacteria","Gammaproteobacteria","Enterobacterales","Alteromonadaceae","Alteromonas","genovensis",-1.32682294606517,-0.373818354300695,-2.74414426964347,-2.82358418656631,4.91307137518993,-0.435864904610077,0.294574880995797,0.558199171446255,0.915678622993585,0.668749999999999,0.933392518998886,NA,NA,FALSE,FALSE,FALSE,FALSE,FALSE,FALSE,0,FALSE
"ASV354","ALDEx2",NA,NA,NA,NA,NA,NA,"aldex2",0.899865121495074,-0.537967066506933,FALSE,"Bacteria","Bacteroidota","Bacteroidia","Flavobacteriales","Flavobacteriaceae","Winogradskyella",NA,-1.20976340774765,1.03343689401447,-2.82345502503716,-2.88026389431258,4.9898951340563,-0.537967066506933,0.250001695344365,0.561123899894237,0.899865121495074,0.615625,0.922626963841674,NA,NA,FALSE,FALSE,FALSE,FALSE,FALSE,FALSE,0,FALSE
"ASV354","DESeq2",17.4496535886313,-6.98967278761683,3.7910641839904,-1.84372314695544,0.0652234979011721,0.0847058414300937,"deseq2",0.0847058414300937,-6.98967278761683,FALSE,"Bacteria","Bacteroidota","Bacteroidia","Flavobacteriales","Flavobacteriaceae","Winogradskyella",NA,NA,NA,NA,NA,NA,NA,NA,NA,NA,NA,NA,NA,NA,FALSE,FALSE,FALSE,FALSE,FALSE,FALSE,0,FALSE
"ASV37","DESeq2",81.3746808945842,1.32361379419052,0.598557950470789,2.21133775459743,0.0270124567458794,0.0422069636654365,"deseq2",0.0422069636654365,1.32361379419052,TRUE,"Bacteria","Cyanobacteria","Cyanobacteriia","Synechococcales","Cyanobiaceae","Synechococcus CC9902",NA,NA,NA,NA,NA,NA,NA,NA,NA,NA,NA,NA,NA,NA,TRUE,FALSE,FALSE,TRUE,TRUE,TRUE,3,TRUE
"ASV37","LEfSe",NA,NA,NA,NA,NA,NA,"lefse",0.0832645166635506,3.81465962518435,TRUE,"Bacteria","Cyanobacteria","Cyanobacteriia","Synechococcales","Cyanobiaceae","Synechococcus CC9902",NA,NA,NA,NA,NA,NA,NA,NA,NA,NA,NA,NA,"ASV37",3.81465962518435,FALSE,FALSE,TRUE,TRUE,TRUE,TRUE,3,TRUE
"ASV37","ALDEx2",NA,NA,NA,NA,NA,NA,"aldex2",0.152753536085416,6.74048771745898,TRUE,"Bacteria","Cyanobacteria","Cyanobacteriia","Synechococcales","Cyanobiaceae","Synechococcus CC9902",NA,2.17867250022786,1.71770837985007,5.99691151094115,4.22361169763888,0.607242111995016,6.74048771745898,0.000547999460257121,0.0222567728580662,0.152753536085416,0,0,NA,NA,FALSE,TRUE,FALSE,TRUE,TRUE,TRUE,3,TRUE
"ASV383","ALDEx2",NA,NA,NA,NA,NA,NA,"aldex2",0.496863591563289,-2.1719642416465,FALSE,"Bacteria","Proteobacteria","Gammaproteobacteria","Pseudomonadales","Saccharospirillaceae","Oleispira",NA,2.34896430023122,2.90078063274175,-2.51249650697744,-5.74066770275705,2.42025722003338,-2.1719642416465,0.000547999460257121,0.118899533340448,0.496863591563289,0.2,0.531993710124935,NA,NA,FALSE,FALSE,FALSE,TRUE,FALSE,TRUE,2,TRUE
"ASV383","DESeq2",85.341938166546,-9.27282962323805,1.81176969428904,-5.11810615469911,3.0861889377852e-07,2.25986159870078e-06,"deseq2",2.25986159870078e-06,-9.27282962323805,TRUE,"Bacteria","Proteobacteria","Gammaproteobacteria","Pseudomonadales","Saccharospirillaceae","Oleispira",NA,NA,NA,NA,NA,NA,NA,NA,NA,NA,NA,NA,NA,NA,TRUE,FALSE,FALSE,TRUE,FALSE,TRUE,2,TRUE
"ASV383","LEfSe",NA,NA,NA,NA,NA,NA,"lefse",0.0832645166635506,-3.96417751972678,TRUE,"Bacteria","Proteobacteria","Gammaproteobacteria","Pseudomonadales","Saccharospirillaceae","Oleispira",NA,NA,NA,NA,NA,NA,NA,NA,NA,NA,NA,NA,"ASV383",-3.96417751972678,FALSE,FALSE,TRUE,TRUE,FALSE,TRUE,2,TRUE
"ASV39","ALDEx2",NA,NA,NA,NA,NA,NA,"aldex2",0.302055696613554,2.99271570964788,FALSE,"Bacteria","Actinobacteriota","Acidimicrobiia","Actinomarinales","Actinomarinaceae","Candidatus Actinomarina",NA,2.0186038808761,1.50587798844708,4.10813630984483,2.58662605478155,0.838590207993327,2.99271570964788,0.000547999460257121,0.0749942618778967,0.302055696613554,0,0,NA,NA,FALSE,FALSE,FALSE,FALSE,FALSE,FALSE,0,FALSE
"ASV39","DESeq2",40.2196240905002,-0.312588187469216,0.72921883143922,-0.428661704816752,0.668169433384927,0.696009826442632,"deseq2",0.696009826442632,-0.312588187469216,FALSE,"Bacteria","Actinobacteriota","Acidimicrobiia","Actinomarinales","Actinomarinaceae","Candidatus Actinomarina",NA,NA,NA,NA,NA,NA,NA,NA,NA,NA,NA,NA,NA,NA,FALSE,FALSE,FALSE,FALSE,FALSE,FALSE,0,FALSE
"ASV391","ALDEx2",NA,NA,NA,NA,NA,NA,"aldex2",0.151580546924003,4.67615082232422,TRUE,"Bacteria","Verrucomicrobiota","Kiritimatiellae","Kiritimatiellales","Kiritimatiellaceae","R76-B128",NA,-3.96167128627177,-6.49818006857497,6.00370059211454,12.3548929053754,2.52894518772556,4.67615082232422,0.000547999460257121,0.0171948708366482,0.151580546924003,0,0,NA,NA,FALSE,TRUE,FALSE,TRUE,TRUE,TRUE,3,TRUE
"ASV391","DESeq2",53.2375716847928,9.71088448774633,2.11121450931002,4.59966736914859,4.23166088930676e-06,2.11583044465338e-05,"deseq2",2.11583044465338e-05,9.71088448774633,TRUE,"Bacteria","Verrucomicrobiota","Kiritimatiellae","Kiritimatiellales","Kiritimatiellaceae","R76-B128",NA,NA,NA,NA,NA,NA,NA,NA,NA,NA,NA,NA,NA,NA,TRUE,FALSE,FALSE,TRUE,TRUE,TRUE,3,TRUE
"ASV391","LEfSe",NA,NA,NA,NA,NA,NA,"lefse",0.0832645166635506,4.06682869409443,TRUE,"Bacteria","Verrucomicrobiota","Kiritimatiellae","Kiritimatiellales","Kiritimatiellaceae","R76-B128",NA,NA,NA,NA,NA,NA,NA,NA,NA,NA,NA,NA,"ASV391",4.06682869409443,FALSE,FALSE,TRUE,TRUE,TRUE,TRUE,3,TRUE
"ASV4","DESeq2",203.962948635054,-0.653827607826536,0.574462248292895,-1.13815591846024,0.255055381908289,0.293167105641711,"deseq2",0.293167105641711,-0.653827607826536,FALSE,"Bacteria","Cyanobacteria","Cyanobacteriia","Synechococcales","Cyanobiaceae","Synechococcus CC9902",NA,NA,NA,NA,NA,NA,NA,NA,NA,NA,NA,NA,NA,NA,FALSE,FALSE,FALSE,FALSE,TRUE,FALSE,1,TRUE
"ASV4","ALDEx2",NA,NA,NA,NA,NA,NA,"aldex2",0.194112296848713,3.00539631255357,TRUE,"Bacteria","Cyanobacteria","Cyanobacteriia","Synechococcales","Cyanobiaceae","Synechococcus CC9902",NA,4.58381123662793,4.22246371380727,6.19473635873083,2.06891999476966,0.693904029117107,3.00539631255357,0.000547999460257121,0.0314959439715356,0.194112296848713,0,0,NA,NA,FALSE,TRUE,FALSE,FALSE,TRUE,FALSE,1,TRUE
"ASV410","ALDEx2",NA,NA,NA,NA,NA,NA,"aldex2",0.31814867972817,1.94729365773938,FALSE,"Bacteria","Proteobacteria","Gammaproteobacteria","Enterobacterales","Pseudoalteromonadaceae","Pseudoalteromonas","citrea",1.05269756054748,-4.44156775044596,4.72978528109303,8.82934096904131,4.73132275687305,1.94729365773938,0.000547999460257121,0.0830139588410984,0.31814867972817,0,0,NA,NA,FALSE,FALSE,FALSE,FALSE,FALSE,FALSE,0,FALSE
"ASV410","DESeq2",27.6218495664614,2.07805826845878,3.10379963164279,0.669520753618652,0.503163346473039,0.536069305539461,"deseq2",0.536069305539461,2.07805826845878,FALSE,"Bacteria","Proteobacteria","Gammaproteobacteria","Enterobacterales","Pseudoalteromonadaceae","Pseudoalteromonas","citrea",NA,NA,NA,NA,NA,NA,NA,NA,NA,NA,NA,NA,NA,FALSE,FALSE,FALSE,FALSE,FALSE,FALSE,0,FALSE
"ASV42","DESeq2",18.7267425270712,-7.09864738169072,2.10220841556034,-3.3767571897949,0.00073345765843661,0.00141049549699348,"deseq2",0.00141049549699348,-7.09864738169072,TRUE,"Bacteria","Proteobacteria","Gammaproteobacteria","Pseudomonadales","Marinomonadaceae","Marinomonas",NA,NA,NA,NA,NA,NA,NA,NA,NA,NA,NA,NA,NA,NA,TRUE,FALSE,FALSE,TRUE,FALSE,FALSE,1,TRUE
"ASV42","ALDEx2",NA,NA,NA,NA,NA,NA,"aldex2",0.644791615049576,-1.3042633645301,FALSE,"Bacteria","Proteobacteria","Gammaproteobacteria","Pseudomonadales","Marinomonadaceae","Marinomonas",NA,-0.171260213862283,0.374810190879228,-2.7018611199926,-3.57301231575154,2.62429235600964,-1.3042633645301,0.0697757370552277,0.204085874682741,0.644791615049576,0.2859375,0.611367445292879,NA,NA,FALSE,FALSE,FALSE,TRUE,FALSE,FALSE,1,TRUE
"ASV424","DESeq2",12.4238744181847,-6.5009831076393,4.41129700947302,-1.47371240106454,0.140559042479775,0.17141346643875,"deseq2",0.17141346643875,-6.5009831076393,FALSE,"Bacteria","Proteobacteria","Alphaproteobacteria","Rhodobacterales","Rhodobacteraceae","Pseudophaeobacter","arcticus",NA,NA,NA,NA,NA,NA,NA,NA,NA,NA,NA,NA,NA,FALSE,FALSE,FALSE,FALSE,FALSE,FALSE,0,FALSE
"ASV424","ALDEx2",NA,NA,NA,NA,NA,NA,"aldex2",0.991216926623176,0.0873167317555225,FALSE,"Bacteria","Proteobacteria","Alphaproteobacteria","Rhodobacterales","Rhodobacteraceae","Pseudophaeobacter","arcticus",-3.38645074494914,-4.20766071007385,-2.77390831253338,0.616659752760244,6.19299525723413,0.0873167317555225,0.457364556151575,0.83418889979464,0.991216926623176,0.646875,0.988507474034363,NA,NA,FALSE,FALSE,FALSE,FALSE,FALSE,FALSE,0,FALSE
"ASV442","ALDEx2",NA,NA,NA,NA,NA,NA,"aldex2",0.580543737992319,-1.51011117416245,FALSE,"Bacteria","Proteobacteria","Gammaproteobacteria","Enterobacterales","Colwelliaceae","Colwellia","meonggei",0.0931634839447408,2.40954043140908,-2.71601474009862,-5.14582357046185,3.31438234967085,-1.51011117416245,0.0156646691693825,0.147984759755606,0.580543737992319,0.2296875,0.587542392627692,NA,NA,FALSE,FALSE,FALSE,TRUE,FALSE,TRUE,2,TRUE
"ASV442","LEfSe",NA,NA,NA,NA,NA,NA,"lefse",0.0832645166635506,-3.65872588250023,TRUE,"Bacteria","Proteobacteria","Gammaproteobacteria","Enterobacterales","Colwelliaceae","Colwellia","meonggei",NA,NA,NA,NA,NA,NA,NA,NA,NA,NA,NA,"ASV442",-3.65872588250023,FALSE,FALSE,TRUE,TRUE,FALSE,TRUE,2,TRUE
"ASV442","DESeq2",50.572921139706,-8.52652006858253,2.20531110883036,-3.86635701168929,0.000110473185372378,0.000283264577877893,"deseq2",0.000283264577877893,-8.52652006858253,TRUE,"Bacteria","Proteobacteria","Gammaproteobacteria","Enterobacterales","Colwelliaceae","Colwellia","meonggei",NA,NA,NA,NA,NA,NA,NA,NA,NA,NA,NA,NA,NA,TRUE,FALSE,FALSE,TRUE,FALSE,TRUE,2,TRUE
"ASV45","ALDEx2",NA,NA,NA,NA,NA,NA,"aldex2",1,0.00332896696335574,FALSE,"Bacteria","Proteobacteria","Alphaproteobacteria","SAR11 clade","Clade I","Clade Ib",NA,1.84754466036602,1.84754466036602,2.60069211233859,-0.173057044046558,4.19125102063934,0.00332896696335574,0.5,0.832410146860909,1,0.796874999999998,0.99985119047619,NA,NA,FALSE,FALSE,FALSE,FALSE,FALSE,FALSE,0,FALSE
"ASV45","DESeq2",49.1537755257302,-1.09082692022995,2.03822963042457,-0.535183525912501,0.592522956834916,0.623708375615701,"deseq2",0.623708375615701,-1.09082692022995,FALSE,"Bacteria","Proteobacteria","Alphaproteobacteria","SAR11 clade","Clade I","Clade Ib",NA,NA,NA,NA,NA,NA,NA,NA,NA,NA,NA,NA,NA,NA,FALSE,FALSE,FALSE,FALSE,FALSE,FALSE,0,FALSE
"ASV47","DESeq2",21.3399818674175,-7.27984856599344,3.71935457361641,-1.95728813209521,0.0503136020278736,0.0689227425039364,"deseq2",0.0689227425039364,-7.27984856599344,FALSE,"Bacteria","Proteobacteria","Alphaproteobacteria","SAR11 clade","Clade I","Clade Ib",NA,NA,NA,NA,NA,NA,NA,NA,NA,NA,NA,NA,NA,NA,FALSE,FALSE,FALSE,FALSE,FALSE,FALSE,0,FALSE
"ASV47","ALDEx2",NA,NA,NA,NA,NA,NA,"aldex2",0.860271063149031,-0.723643340473916,FALSE,"Bacteria","Proteobacteria","Alphaproteobacteria","SAR11 clade","Clade I","Clade Ib",NA,-1.13399169407489,1.70583490734877,-3.09581232554639,-3.39714293033698,5.20344713776199,-0.723643340473916,0.210939708203646,0.470654907750137,0.860271063149031,0.56875,0.892170233369636,NA,NA,FALSE,FALSE,FALSE,FALSE,FALSE,FALSE,0,FALSE
"ASV479","LEfSe",NA,NA,NA,NA,NA,NA,"lefse",0.0832645166635506,-3.55883547364549,TRUE,"Bacteria","Proteobacteria","Gammaproteobacteria","Enterobacterales","Colwelliaceae","Thalassotalea",NA,NA,NA,NA,NA,NA,NA,NA,NA,NA,NA,NA,"ASV479",-3.55883547364549,FALSE,FALSE,TRUE,TRUE,FALSE,TRUE,2,TRUE
"ASV479","ALDEx2",NA,NA,NA,NA,NA,NA,"aldex2",0.550778912282292,-1.93266704886045,FALSE,"Bacteria","Proteobacteria","Gammaproteobacteria","Enterobacterales","Colwelliaceae","Thalassotalea",NA,1.29551604469108,2.2065768963045,-2.88394991259863,-4.80734401975639,2.55856062984558,-1.93266704886045,0.000547999460257121,0.146955140747923,0.550778912282292,0.203125,0.538053128514516,NA,NA,FALSE,FALSE,FALSE,TRUE,FALSE,TRUE,2,TRUE
"ASV479","DESeq2",37.0880657746662,-8.08152244938548,1.78050001806137,-4.53890613165212,5.6546799583158e-06,2.45855650361556e-05,"deseq2",2.45855650361556e-05,-8.08152244938548,TRUE,"Bacteria","Proteobacteria","Gammaproteobacteria","Enterobacterales","Colwelliaceae","Thalassotalea",NA,NA,NA,NA,NA,NA,NA,NA,NA,NA,NA,NA,NA,NA,TRUE,FALSE,FALSE,TRUE,FALSE,TRUE,2,TRUE
"ASV49","LEfSe",NA,NA,NA,NA,NA,NA,"lefse",0.0832645166635506,-4.39556986550197,TRUE,"Bacteria","Proteobacteria","Gammaproteobacteria","Enterobacterales","Colwelliaceae","Colwellia",NA,NA,NA,NA,NA,NA,NA,NA,NA,NA,NA,NA,"ASV49",-4.39556986550197,FALSE,FALSE,TRUE,TRUE,FALSE,TRUE,2,TRUE
"ASV49","ALDEx2",NA,NA,NA,NA,NA,NA,"aldex2",0.438820292578623,-2.16230852825246,FALSE,"Bacteria","Proteobacteria","Gammaproteobacteria","Enterobacterales","Colwelliaceae","Colwellia",NA,2.66166560465375,3.94256926019392,-2.92547117781156,-7.425575304997,3.43478830599834,-2.16230852825246,0.000547999460257121,0.0836097914856154,0.438820292578623,0.2,0.531993710124935,NA,NA,FALSE,FALSE,FALSE,TRUE,FALSE,TRUE,2,TRUE
"ASV49","DESeq2",264.82414176824,-10.9117097745012,2.13393646473353,-5.1134183022004,3.16380623818109e-07,2.25986159870078e-06,"deseq2",2.25986159870078e-06,-10.9117097745012,TRUE,"Bacteria","Proteobacteria","Gammaproteobacteria","Enterobacterales","Colwelliaceae","Colwellia",NA,NA,NA,NA,NA,NA,NA,NA,NA,NA,NA,NA,NA,NA,TRUE,FALSE,FALSE,TRUE,FALSE,TRUE,2,TRUE
"ASV5","LEfSe",NA,NA,NA,NA,NA,NA,"lefse",0.0832645166635506,-3.85035169459483,TRUE,"Bacteria","Proteobacteria","Alphaproteobacteria","SAR11 clade","Clade II",NA,NA,NA,NA,NA,NA,NA,NA,NA,NA,NA,NA,NA,"ASV5",-3.85035169459483,FALSE,FALSE,TRUE,TRUE,FALSE,TRUE,2,TRUE
"ASV5","DESeq2",162.701154757407,-1.42388075529755,0.377645467113918,-3.7704166454831,0.000162975231087694,0.000386330873625117,"deseq2",0.000386330873625117,-1.42388075529755,TRUE,"Bacteria","Proteobacteria","Alphaproteobacteria","SAR11 clade","Clade II",NA,NA,NA,NA,NA,NA,NA,NA,NA,NA,NA,NA,NA,NA,NA,TRUE,FALSE,FALSE,TRUE,FALSE,TRUE,2,TRUE
"ASV5","ALDEx2",NA,NA,NA,NA,NA,NA,"aldex2",0.448612647665393,2.3281774143774,FALSE,"Bacteria","Proteobacteria","Alphaproteobacteria","SAR11 clade","Clade II",NA,NA,4.15362577001416,3.9128527703279,5.35957594789892,1.47215300710111,0.587681349319464,2.3281774143774,0.000547999460257121,0.13330776215728,0.448612647665393,0.0015625,0.00473345588235294,NA,NA,FALSE,FALSE,FALSE,TRUE,FALSE,TRUE,2,TRUE
"ASV50","LEfSe",NA,NA,NA,NA,NA,NA,"lefse",0.0832645166635506,-3.65677267217827,TRUE,"Bacteria","Proteobacteria","Alphaproteobacteria","Rhodobacterales","Rhodobacteraceae","Pseudophaeobacter",NA,NA,NA,NA,NA,NA,NA,NA,NA,NA,NA,NA,"ASV50",-3.65677267217827,FALSE,FALSE,TRUE,TRUE,FALSE,TRUE,2,TRUE
"ASV50","DESeq2",51.954038882673,-8.56448951740602,2.36727860633953,-3.61786293107641,0.000297045630311065,0.000632011979385244,"deseq2",0.000632011979385244,-8.56448951740602,TRUE,"Bacteria","Proteobacteria","Alphaproteobacteria","Rhodobacterales","Rhodobacteraceae","Pseudophaeobacter",NA,NA,NA,NA,NA,NA,NA,NA,NA,NA,NA,NA,NA,NA,TRUE,FALSE,FALSE,TRUE,FALSE,TRUE,2,TRUE
"ASV50","ALDEx2",NA,NA,NA,NA,NA,NA,"aldex2",0.597471601210927,-1.42845732949633,FALSE,"Bacteria","Proteobacteria","Alphaproteobacteria","Rhodobacterales","Rhodobacteraceae","Pseudophaeobacter",NA,0.0950290042222122,0.966819756015619,-2.88668296481593,-5.02740290803511,3.47600589480518,-1.42845732949633,0.0310272461563087,0.152674243706297,0.597471601210927,0.2265625,0.566003087820488,NA,NA,FALSE,FALSE,FALSE,TRUE,FALSE,TRUE,2,TRUE
"ASV506","ALDEx2",NA,NA,NA,NA,NA,NA,"aldex2",0.92573081194373,-0.513901486225712,FALSE,"Bacteria","Bacteroidota","Bacteroidia","Flavobacteriales","Flavobacteriaceae","Aurantivirga",NA,-1.47722437753741,2.39443321087769,-2.85728085324398,-3.59097786688203,6.30863783154019,-0.513901486225712,0.294574880995797,0.588199020835309,0.92573081194373,0.673437499999999,0.958315826985988,NA,NA,FALSE,FALSE,FALSE,FALSE,FALSE,FALSE,0,FALSE
"ASV506","DESeq2",36.7300875103414,-8.06029745153876,3.93156105347966,-2.05015192232737,0.0403496079257715,0.0584776926460456,"deseq2",0.0584776926460456,-8.06029745153876,FALSE,"Bacteria","Bacteroidota","Bacteroidia","Flavobacteriales","Flavobacteriaceae","Aurantivirga",NA,NA,NA,NA,NA,NA,NA,NA,NA,NA,NA,NA,NA,NA,FALSE,FALSE,FALSE,FALSE,FALSE,FALSE,0,FALSE
"ASV51","ALDEx2",NA,NA,NA,NA,NA,NA,"aldex2",0.610642294597802,-1.82547821027484,FALSE,"Bacteria","Proteobacteria","Alphaproteobacteria","SAR11 clade","Clade I","Clade Ib",NA,1.41888161144507,1.63315867225803,-2.48642389019369,-4.08991685752006,2.49331854914178,-1.82547821027484,0.00782930484115282,0.182504758750916,0.610642294597802,0.209375,0.53914244539867,NA,NA,FALSE,FALSE,FALSE,TRUE,FALSE,FALSE,1,TRUE
"ASV51","DESeq2",27.3925905600524,-7.63571571210922,1.66784164950183,-4.57820184211729,4.68990045077518e-06,2.23328592894056e-05,"deseq2",2.23328592894056e-05,-7.63571571210922,TRUE,"Bacteria","Proteobacteria","Alphaproteobacteria","SAR11 clade","Clade I","Clade Ib",NA,NA,NA,NA,NA,NA,NA,NA,NA,NA,NA,NA,NA,NA,TRUE,FALSE,FALSE,TRUE,FALSE,FALSE,1,TRUE
"ASV523","ALDEx2",NA,NA,NA,NA,NA,NA,"aldex2",0.544045292381546,-1.67753901778071,FALSE,"Bacteria","Proteobacteria","Gammaproteobacteria","Enterobacterales","Colwelliaceae","Colwellia","aquaemaris",1.09710358434532,1.52103761486118,-2.76084484462155,-4.88703060977437,2.55217015377612,-1.67753901778071,0.000547999460257121,0.136966442070359,0.544045292381546,0.2,0.531993710124935,NA,NA,FALSE,FALSE,FALSE,TRUE,FALSE,TRUE,2,TRUE
"ASV523","LEfSe",NA,NA,NA,NA,NA,NA,"lefse",0.0832645166635506,-3.5787871680463,TRUE,"Bacteria","Proteobacteria","Gammaproteobacteria","Enterobacterales","Colwelliaceae","Colwellia","aquaemaris",NA,NA,NA,NA,NA,NA,NA,NA,NA,NA,NA,"ASV523",-3.5787871680463,FALSE,FALSE,TRUE,TRUE,FALSE,TRUE,2,TRUE
"ASV523","DESeq2",39.2484347416117,-8.16231833478038,1.91536924458303,-4.26148553750914,2.03072497937224e-05,7.24253312723753e-05,"deseq2",7.24253312723753e-05,-8.16231833478038,TRUE,"Bacteria","Proteobacteria","Gammaproteobacteria","Enterobacterales","Colwelliaceae","Colwellia","aquaemaris",NA,NA,NA,NA,NA,NA,NA,NA,NA,NA,NA,NA,NA,TRUE,FALSE,FALSE,TRUE,FALSE,TRUE,2,TRUE
"ASV53","ALDEx2",NA,NA,NA,NA,NA,NA,"aldex2",0.504250224296516,-1.69378435446888,FALSE,"Bacteria","Proteobacteria","Gammaproteobacteria","Enterobacterales","Colwelliaceae","Colwellia",NA,1.52623053905924,2.69516299825544,-2.7275736168774,-6.20702013166088,3.86049135464989,-1.69378435446888,0.000547999460257121,0.0998001308771021,0.504250224296516,0.2,0.531993710124935,NA,NA,FALSE,FALSE,FALSE,TRUE,FALSE,TRUE,2,TRUE
"ASV53","LEfSe",NA,NA,NA,NA,NA,NA,"lefse",0.0832645166635506,-4.3201589662418,TRUE,"Bacteria","Proteobacteria","Gammaproteobacteria","Enterobacterales","Colwelliaceae","Colwellia",NA,NA,NA,NA,NA,NA,NA,NA,NA,NA,NA,NA,"ASV53",-4.3201589662418,FALSE,FALSE,TRUE,TRUE,FALSE,TRUE,2,TRUE
"ASV53","DESeq2",232.222386284177,-10.7221702050867,2.45546881417591,-4.36664890353545,1.26167286696685e-05,5.04669146786741e-05,"deseq2",5.04669146786741e-05,-10.7221702050867,TRUE,"Bacteria","Proteobacteria","Gammaproteobacteria","Enterobacterales","Colwelliaceae","Colwellia",NA,NA,NA,NA,NA,NA,NA,NA,NA,NA,NA,NA,NA,NA,TRUE,FALSE,FALSE,TRUE,FALSE,TRUE,2,TRUE
"ASV543","ALDEx2",NA,NA,NA,NA,NA,NA,"aldex2",0.555758445722464,-1.66558129441792,FALSE,"Bacteria","Bacteroidota","Bacteroidia","Flavobacteriales","Flavobacteriaceae","Dokdonia","lutea",0.614483865460327,1.21578159715166,-2.7754616745951,-4.49801938279833,2.46931712665516,-1.66558129441792,0.0155432426385351,0.155017597835203,0.555758445722464,0.2203125,0.552973489894945,NA,NA,FALSE,FALSE,FALSE,TRUE,FALSE,FALSE,1,TRUE
"ASV543","DESeq2",28.9900043297856,-7.7105889993879,2.02863010674408,-3.80088463330719,0.000144180423185043,0.000351659568744008,"deseq2",0.000351659568744008,-7.7105889993879,TRUE,"Bacteria","Bacteroidota","Bacteroidia","Flavobacteriales","Flavobacteriaceae","Dokdonia","lutea",NA,NA,NA,NA,NA,NA,NA,NA,NA,NA,NA,NA,NA,TRUE,FALSE,FALSE,TRUE,FALSE,FALSE,1,TRUE
"ASV56","ALDEx2",NA,NA,NA,NA,NA,NA,"aldex2",0.584608270333138,-1.38334908806166,FALSE,"Archaea","Crenarchaeota","Nitrososphaeria","Nitrosopumilales","Nitrosopumilaceae","Candidatus Nitrosopelagicus",NA,-0.018188799493756,2.0957384943934,-2.7955045168907,-4.86717387191574,3.3897588674717,-1.38334908806166,0.0390780901701758,0.15592945854982,0.584608270333138,0.2390625,0.599415894496324,NA,NA,FALSE,FALSE,FALSE,TRUE,FALSE,TRUE,2,TRUE
"ASV56","DESeq2",51.8759785479447,-8.55492762374607,2.29256968280967,-3.73158891871131,0.000190275823490313,0.000422835163311806,"deseq2",0.000422835163311806,-8.55492762374607,TRUE,"Archaea","Crenarchaeota","Nitrososphaeria","Nitrosopumilales","Nitrosopumilaceae","Candidatus Nitrosopelagicus",NA,NA,NA,NA,NA,NA,NA,NA,NA,NA,NA,NA,NA,NA,TRUE,FALSE,FALSE,TRUE,FALSE,TRUE,2,TRUE
"ASV56","LEfSe",NA,NA,NA,NA,NA,NA,"lefse",0.0832645166635506,-3.76663111719667,TRUE,"Archaea","Crenarchaeota","Nitrososphaeria","Nitrosopumilales","Nitrosopumilaceae","Candidatus Nitrosopelagicus",NA,NA,NA,NA,NA,NA,NA,NA,NA,NA,NA,NA,"ASV56",-3.76663111719667,FALSE,FALSE,TRUE,TRUE,FALSE,TRUE,2,TRUE
"ASV566","ALDEx2",NA,NA,NA,NA,NA,NA,"aldex2",0.856741670171465,-0.740348042123594,FALSE,"Bacteria","Proteobacteria","Gammaproteobacteria","Enterobacterales","Shewanellaceae","Psychrobium",NA,1.23853564874886,1.41553848071115,-0.107595065834652,-1.48569530450494,2.01579662106867,-0.740348042123594,0.13281655334062,0.385661112934363,0.856741670171465,0.4140625,0.715661905279864,NA,NA,FALSE,FALSE,FALSE,TRUE,FALSE,FALSE,1,TRUE
"ASV566","DESeq2",23.7065426211858,-4.29212653259593,1.33159917494093,-3.2232871673162,0.00126728435610121,0.00230415337472947,"deseq2",0.00230415337472947,-4.29212653259593,TRUE,"Bacteria","Proteobacteria","Gammaproteobacteria","Enterobacterales","Shewanellaceae","Psychrobium",NA,NA,NA,NA,NA,NA,NA,NA,NA,NA,NA,NA,NA,NA,TRUE,FALSE,FALSE,TRUE,FALSE,FALSE,1,TRUE
"ASV576","LEfSe",NA,NA,NA,NA,NA,NA,"lefse",0.0832645166635506,4.29766562916697,TRUE,"Bacteria","Bacteroidota","Bacteroidia","Flavobacteriales","NS9 marine group",NA,NA,NA,NA,NA,NA,NA,NA,NA,NA,NA,NA,NA,"ASV576",4.29766562916697,FALSE,FALSE,TRUE,TRUE,TRUE,TRUE,3,TRUE
"ASV576","DESeq2",95.7683414263052,7.23863730969113,1.88026826765396,3.84978964662468,0.000118219309505819,0.000295548273764549,"deseq2",0.000295548273764549,7.23863730969113,TRUE,"Bacteria","Bacteroidota","Bacteroidia","Flavobacteriales","NS9 marine group",NA,NA,NA,NA,NA,NA,NA,NA,NA,NA,NA,NA,NA,NA,NA,TRUE,FALSE,FALSE,TRUE,TRUE,TRUE,3,TRUE
"ASV576","ALDEx2",NA,NA,NA,NA,NA,NA,"aldex2",0.1960802446492,3.6744576541554,TRUE,"Bacteria","Bacteroidota","Bacteroidia","Flavobacteriales","NS9 marine group",NA,NA,-1.54531513780509,-4.57036424766276,6.83702637202633,11.4564659787909,3.23889552616058,3.6744576541554,0.000547999460257121,0.0332390870011008,0.1960802446492,0,0,NA,NA,FALSE,TRUE,FALSE,TRUE,TRUE,TRUE,3,TRUE
"ASV579","ALDEx2",NA,NA,NA,NA,NA,NA,"aldex2",0.889602770601556,-0.687645583864699,FALSE,"Bacteria","Proteobacteria","Gammaproteobacteria","Enterobacterales","Alteromonadaceae",NA,NA,-1.12147506008559,2.08490269454784,-2.67456923300243,-3.88237701211735,5.82707672682576,-0.687645583864699,0.257814109363974,0.487055938256638,0.889602770601556,0.621874999999999,0.933873442026182,NA,NA,FALSE,FALSE,FALSE,TRUE,FALSE,FALSE,1,TRUE
"ASV579","DESeq2",34.1662528090341,-7.95824050849131,3.65357941963309,-2.17820378167406,0.0293908686618909,0.0452167210182937,"deseq2",0.0452167210182937,-7.95824050849131,TRUE,"Bacteria","Proteobacteria","Gammaproteobacteria","Enterobacterales","Alteromonadaceae",NA,NA,NA,NA,NA,NA,NA,NA,NA,NA,NA,NA,NA,NA,NA,TRUE,FALSE,FALSE,TRUE,FALSE,FALSE,1,TRUE
"ASV582","DESeq2",33.7046892748751,-7.94225689804633,2.26128438782296,-3.51227689043248,0.00044428485984026,0.00088856971968052,"deseq2",0.00088856971968052,-7.94225689804633,TRUE,"Bacteria","Proteobacteria","Gammaproteobacteria","Pseudomonadales","Oleiphilaceae","Oleiphilus",NA,NA,NA,NA,NA,NA,NA,NA,NA,NA,NA,NA,NA,NA,TRUE,FALSE,FALSE,TRUE,FALSE,FALSE,1,TRUE
"ASV582","ALDEx2",NA,NA,NA,NA,NA,NA,"aldex2",0.638332099509146,-1.37772464860138,FALSE,"Bacteria","Proteobacteria","Gammaproteobacteria","Pseudomonadales","Oleiphilaceae","Oleiphilus",NA,0.119372959807857,0.618086069330333,-2.97574990503227,-4.47891165549737,3.12484359579506,-1.37772464860138,0.0310272461563087,0.183632512267656,0.638332099509146,0.2421875,0.591236209387528,NA,NA,FALSE,FALSE,FALSE,TRUE,FALSE,FALSE,1,TRUE
"ASV6","LEfSe",NA,NA,NA,NA,NA,NA,"lefse",0.0832645166635506,-3.84387267535738,TRUE,"Bacteria","Proteobacteria","Alphaproteobacteria","SAR11 clade","Clade I","Clade Ia",NA,NA,NA,NA,NA,NA,NA,NA,NA,NA,NA,NA,"ASV6",-3.84387267535738,FALSE,FALSE,TRUE,TRUE,TRUE,TRUE,3,TRUE
"ASV6","DESeq2",156.022189527859,-1.42697262330056,0.403921309742534,-3.5327985646762,0.000411185640840431,0.000856636751750898,"deseq2",0.000856636751750898,-1.42697262330056,TRUE,"Bacteria","Proteobacteria","Alphaproteobacteria","SAR11 clade","Clade I","Clade Ia",NA,NA,NA,NA,NA,NA,NA,NA,NA,NA,NA,NA,NA,NA,TRUE,FALSE,FALSE,TRUE,TRUE,TRUE,3,TRUE
"ASV6","ALDEx2",NA,NA,NA,NA,NA,NA,"aldex2",0.241275871586308,2.92169008551621,TRUE,"Bacteria","Proteobacteria","Alphaproteobacteria","SAR11 clade","Clade I","Clade Ia",NA,4.1592825389446,3.79374342376602,5.23107705323322,1.42351362029385,0.46969805316516,2.92169008551621,0.000547999460257121,0.0503051776192274,0.241275871586308,0,0,NA,NA,FALSE,TRUE,FALSE,TRUE,TRUE,TRUE,3,TRUE
"ASV60","DESeq2",28.7105174052028,3.73685924243385,2.65718979465461,1.40632003402662,0.15962911374271,0.192324233424952,"deseq2",0.192324233424952,3.73685924243385,FALSE,"Bacteria","Marinimicrobia (SAR406 clade)",NA,NA,NA,NA,NA,NA,NA,NA,NA,NA,NA,NA,NA,NA,NA,NA,NA,NA,FALSE,FALSE,FALSE,FALSE,FALSE,TRUE,1,TRUE
"ASV60","LEfSe",NA,NA,NA,NA,NA,NA,"lefse",0.0832645166635506,3.67610807753123,TRUE,"Bacteria","Marinimicrobia (SAR406 clade)",NA,NA,NA,NA,NA,NA,NA,NA,NA,NA,NA,NA,NA,NA,NA,NA,"ASV60",3.67610807753123,FALSE,FALSE,TRUE,FALSE,FALSE,TRUE,1,TRUE
"ASV60","ALDEx2",NA,NA,NA,NA,NA,NA,"aldex2",0.283339319003763,2.33028992676388,FALSE,"Bacteria","Marinimicrobia (SAR406 clade)",NA,NA,NA,NA,NA,0.228223115539659,-4.4186000380063,4.90953454865979,9.04589635237608,3.90067423080811,2.33028992676388,0.000547999460257121,0.0680279056617088,0.283339319003763,0,0,NA,NA,FALSE,FALSE,FALSE,FALSE,FALSE,TRUE,1,TRUE
"ASV62","ALDEx2",NA,NA,NA,NA,NA,NA,"aldex2",0.154423367965829,5.13908918661398,TRUE,"Bacteria","Verrucomicrobiota","Verrucomicrobiae","Opitutales","Puniceicoccaceae","Lentimonas",NA,2.18738774767381,1.51114210641829,8.5102598126191,7.20109905039492,1.33940348204889,5.13908918661398,0.000547999460257121,0.015110484367115,0.154423367965829,0,0,NA,NA,FALSE,TRUE,FALSE,TRUE,TRUE,TRUE,3,TRUE
"ASV62","DESeq2",329.425858565209,4.2276680077307,1.3362625241274,3.16380047438017,0.00155723513419284,0.00278077702534436,"deseq2",0.00278077702534436,4.2276680077307,TRUE,"Bacteria","Verrucomicrobiota","Verrucomicrobiae","Opitutales","Puniceicoccaceae","Lentimonas",NA,NA,NA,NA,NA,NA,NA,NA,NA,NA,NA,NA,NA,NA,TRUE,FALSE,FALSE,TRUE,TRUE,TRUE,3,TRUE
"ASV62","LEfSe",NA,NA,NA,NA,NA,NA,"lefse",0.0832645166635506,4.81354341343895,TRUE,"Bacteria","Verrucomicrobiota","Verrucomicrobiae","Opitutales","Puniceicoccaceae","Lentimonas",NA,NA,NA,NA,NA,NA,NA,NA,NA,NA,NA,NA,"ASV62",4.81354341343895,FALSE,FALSE,TRUE,TRUE,TRUE,TRUE,3,TRUE
"ASV64","DESeq2",60.7777573867946,1.03140125858024,1.54318699923142,0.66835792363072,0.503905147207093,0.536069305539461,"deseq2",0.536069305539461,1.03140125858024,FALSE,"Bacteria","Planctomycetota","Planctomycetes","Pirellulales","Pirellulaceae",NA,NA,NA,NA,NA,NA,NA,NA,NA,NA,NA,NA,NA,NA,NA,FALSE,FALSE,FALSE,FALSE,FALSE,FALSE,0,FALSE
"ASV64","ALDEx2",NA,NA,NA,NA,NA,NA,"aldex2",0.270387161331621,2.78071412220894,FALSE,"Bacteria","Planctomycetota","Planctomycetes","Pirellulales","Pirellulaceae",NA,NA,2.94822405039764,-0.267180572476954,5.39904691187325,5.68789264094183,1.43951116405634,2.78071412220894,0.000547999460257121,0.062808070387108,0.270387161331621,0,0,NA,NA,FALSE,FALSE,FALSE,FALSE,FALSE,FALSE,0,FALSE
"ASV651","LEfSe",NA,NA,NA,NA,NA,NA,"lefse",0.0832645166635506,-3.63016696095099,TRUE,"Bacteria","Bacteroidota","Bacteroidia","Flavobacteriales","Flavobacteriaceae","Tenacibaculum",NA,NA,NA,NA,NA,NA,NA,NA,NA,NA,NA,NA,"ASV651",-3.63016696095099,FALSE,FALSE,TRUE,TRUE,FALSE,TRUE,2,TRUE
"ASV651","ALDEx2",NA,NA,NA,NA,NA,NA,"aldex2",0.57291954869729,-1.80466616822724,FALSE,"Bacteria","Bacteroidota","Bacteroidia","Flavobacteriales","Flavobacteriaceae","Tenacibaculum",NA,1.58778146356095,1.92037860824045,-2.71083979070651,-4.725280798407,2.89178565427654,-1.80466616822724,0.000547999460257121,0.170405474543551,0.57291954869729,0.2015625,0.53422895318049,NA,NA,FALSE,FALSE,FALSE,TRUE,FALSE,TRUE,2,TRUE
"ASV651","DESeq2",37.2321193026787,-8.07268508055167,1.72233147097329,-4.68706820760222,2.77146620736201e-06,1.45866642492738e-05,"deseq2",1.45866642492738e-05,-8.07268508055167,TRUE,"Bacteria","Bacteroidota","Bacteroidia","Flavobacteriales","Flavobacteriaceae","Tenacibaculum",NA,NA,NA,NA,NA,NA,NA,NA,NA,NA,NA,NA,NA,NA,TRUE,FALSE,FALSE,TRUE,FALSE,TRUE,2,TRUE
"ASV66","DESeq2",126.547317953925,1.29469820373756,1.21625557357665,1.06449518659161,0.287104433773399,0.315499377772966,"deseq2",0.315499377772966,1.29469820373756,FALSE,"Bacteria","Proteobacteria","Gammaproteobacteria","Enterobacterales","Vibrionaceae","Vibrio",NA,NA,NA,NA,NA,NA,NA,NA,NA,NA,NA,NA,NA,NA,FALSE,FALSE,FALSE,FALSE,TRUE,TRUE,2,TRUE
"ASV66","ALDEx2",NA,NA,NA,NA,NA,NA,"aldex2",0.204884446647505,4.17318579773604,TRUE,"Bacteria","Proteobacteria","Gammaproteobacteria","Enterobacterales","Vibrionaceae","Vibrio",NA,3.05209649137442,2.63895558075009,6.58011591096619,4.09692845062583,1.00347728394316,4.17318579773604,0.000547999460257121,0.035991847188833,0.204884446647505,0,0,NA,NA,FALSE,TRUE,FALSE,FALSE,TRUE,TRUE,2,TRUE
"ASV66","LEfSe",NA,NA,NA,NA,NA,NA,"lefse",0.0832645166635506,4.01653445740547,TRUE,"Bacteria","Proteobacteria","Gammaproteobacteria","Enterobacterales","Vibrionaceae","Vibrio",NA,NA,NA,NA,NA,NA,NA,NA,NA,NA,NA,NA,"ASV66",4.01653445740547,FALSE,FALSE,TRUE,FALSE,TRUE,TRUE,2,TRUE
"ASV71","LEfSe",NA,NA,NA,NA,NA,NA,"lefse",0.0832645166635506,3.70134081288982,TRUE,"Bacteria","Proteobacteria","Gammaproteobacteria","Pseudomonadales","SAR86 clade",NA,NA,NA,NA,NA,NA,NA,NA,NA,NA,NA,NA,NA,"ASV71",3.70134081288982,FALSE,FALSE,TRUE,FALSE,FALSE,TRUE,1,TRUE
"ASV71","DESeq2",37.6522028744522,2.30860866715499,2.10657517993956,1.09590613671867,0.273119853240461,0.306935268505772,"deseq2",0.306935268505772,2.30860866715499,FALSE,"Bacteria","Proteobacteria","Gammaproteobacteria","Pseudomonadales","SAR86 clade",NA,NA,NA,NA,NA,NA,NA,NA,NA,NA,NA,NA,NA,NA,NA,FALSE,FALSE,FALSE,FALSE,FALSE,TRUE,1,TRUE
"ASV71","ALDEx2",NA,NA,NA,NA,NA,NA,"aldex2",0.378010772057086,2.0962747320779,FALSE,"Bacteria","Proteobacteria","Gammaproteobacteria","Pseudomonadales","SAR86 clade",NA,NA,1.2619327763788,-0.72959017434868,5.13993224284578,5.87752342209675,3.01627064867362,2.0962747320779,0.000547999460257121,0.105349311106598,0.378010772057086,0,0,NA,NA,FALSE,FALSE,FALSE,FALSE,FALSE,TRUE,1,TRUE
"ASV714","ALDEx2",NA,NA,NA,NA,NA,NA,"aldex2",0.521526629690418,-2.24802103196978,FALSE,"Bacteria","Proteobacteria","Gammaproteobacteria","Enterobacterales","Alteromonadaceae","Aliiglaciecola",NA,1.58442893614451,2.69533210091291,-3.05403792132031,-5.50409351286018,2.35349734418535,-2.24802103196978,0.00782930484115282,0.130019005919699,0.521526629690418,0.2,0.531993710124935,NA,NA,FALSE,FALSE,FALSE,TRUE,FALSE,TRUE,2,TRUE
"ASV714","DESeq2",48.4088403551416,-8.45731076623334,1.68831939520151,-5.00930735633935,5.46262748439085e-07,3.64175165626057e-06,"deseq2",3.64175165626057e-06,-8.45731076623334,TRUE,"Bacteria","Proteobacteria","Gammaproteobacteria","Enterobacterales","Alteromonadaceae","Aliiglaciecola",NA,NA,NA,NA,NA,NA,NA,NA,NA,NA,NA,NA,NA,NA,TRUE,FALSE,FALSE,TRUE,FALSE,TRUE,2,TRUE
"ASV714","LEfSe",NA,NA,NA,NA,NA,NA,"lefse",0.0832645166635506,-3.68201266886504,TRUE,"Bacteria","Proteobacteria","Gammaproteobacteria","Enterobacterales","Alteromonadaceae","Aliiglaciecola",NA,NA,NA,NA,NA,NA,NA,NA,NA,NA,NA,NA,"ASV714",-3.68201266886504,FALSE,FALSE,TRUE,TRUE,FALSE,TRUE,2,TRUE
"ASV72","DESeq2",30.720165762761,-1.0857871168495,3.18293766281776,-0.341127358393906,0.733007706135616,0.747967047077159,"deseq2",0.747967047077159,-1.0857871168495,FALSE,"Bacteria","Proteobacteria","Alphaproteobacteria","Puniceispirillales","SAR116 clade",NA,NA,NA,NA,NA,NA,NA,NA,NA,NA,NA,NA,NA,NA,NA,FALSE,FALSE,FALSE,FALSE,FALSE,FALSE,0,FALSE
"ASV72","ALDEx2",NA,NA,NA,NA,NA,NA,"aldex2",0.997616061356535,0.232972515061126,FALSE,"Bacteria","Proteobacteria","Alphaproteobacteria","Puniceispirillales","SAR116 clade",NA,NA,0.788180855285065,0.769918907880109,1.96453856715059,1.47802536652376,6.19693694335616,0.232972515061126,0.395349385268813,0.762337481173306,0.997616061356535,0.529687499999999,0.969593021525396,NA,NA,FALSE,FALSE,FALSE,FALSE,FALSE,FALSE,0,FALSE
"ASV76","ALDEx2",NA,NA,NA,NA,NA,NA,"aldex2",0.458778851835303,-3.0763414619561,FALSE,"Bacteria","Proteobacteria","Gammaproteobacteria","Enterobacterales","Colwelliaceae","Colwellia",NA,4.67779716119797,5.21321049834193,-2.92675035174409,-8.15409199804211,2.93878584058868,-3.0763414619561,0.000547999460257121,0.0984088421735053,0.458778851835303,0.2,0.531993710124935,NA,NA,FALSE,FALSE,FALSE,TRUE,FALSE,TRUE,2,TRUE
"ASV76","LEfSe",NA,NA,NA,NA,NA,NA,"lefse",0.0832645166635506,-4.60264945547815,TRUE,"Bacteria","Proteobacteria","Gammaproteobacteria","Enterobacterales","Colwelliaceae","Colwellia",NA,NA,NA,NA,NA,NA,NA,NA,NA,NA,NA,NA,"ASV76",-4.60264945547815,FALSE,FALSE,TRUE,TRUE,FALSE,TRUE,2,TRUE
"ASV76","DESeq2",357.584312680095,-11.3442573362502,1.73741909933384,-6.52937298812923,6.60455911667403e-11,6.60455911667403e-09,"deseq2",6.60455911667403e-09,-11.3442573362502,TRUE,"Bacteria","Proteobacteria","Gammaproteobacteria","Enterobacterales","Colwelliaceae","Colwellia",NA,NA,NA,NA,NA,NA,NA,NA,NA,NA,NA,NA,NA,NA,TRUE,FALSE,FALSE,TRUE,FALSE,TRUE,2,TRUE
"ASV795","ALDEx2",NA,NA,NA,NA,NA,NA,"aldex2",0.531478934890201,-2.58818167629946,FALSE,"Bacteria","Bacteroidota","Bacteroidia","Cytophagales","Cyclobacteriaceae","Fabibacter",NA,2.44586099772498,2.70093963905968,-2.7959723150919,-5.77574151308147,2.23898554234681,-2.58818167629946,0.000547999460257121,0.135629242379044,0.531478934890201,0.2,0.531993710124935,NA,NA,FALSE,FALSE,FALSE,TRUE,FALSE,TRUE,2,TRUE
"ASV795","DESeq2",70.8828107309362,-9.00410790732132,1.7171487546052,-5.24363884210574,1.57440234006371e-07,1.51620715774041e-06,"deseq2",1.51620715774041e-06,-9.00410790732132,TRUE,"Bacteria","Bacteroidota","Bacteroidia","Cytophagales","Cyclobacteriaceae","Fabibacter",NA,NA,NA,NA,NA,NA,NA,NA,NA,NA,NA,NA,NA,NA,TRUE,FALSE,FALSE,TRUE,FALSE,TRUE,2,TRUE
"ASV795","LEfSe",NA,NA,NA,NA,NA,NA,"lefse",0.0832645166635506,-3.88073751595912,TRUE,"Bacteria","Bacteroidota","Bacteroidia","Cytophagales","Cyclobacteriaceae","Fabibacter",NA,NA,NA,NA,NA,NA,NA,NA,NA,NA,NA,NA,"ASV795",-3.88073751595912,FALSE,FALSE,TRUE,TRUE,FALSE,TRUE,2,TRUE
"ASV81","LEfSe",NA,NA,NA,NA,NA,NA,"lefse",0.0832645166635506,-3.87521245147496,TRUE,"Bacteria","Proteobacteria","Alphaproteobacteria","Rhodobacterales","Rhodobacteraceae","Pseudophaeobacter",NA,NA,NA,NA,NA,NA,NA,NA,NA,NA,NA,NA,"ASV81",-3.87521245147496,FALSE,FALSE,TRUE,TRUE,FALSE,TRUE,2,TRUE
"ASV81","DESeq2",78.4606179338384,-9.15879843967279,2.14859270618898,-4.262696421379,2.01974826705713e-05,7.24253312723753e-05,"deseq2",7.24253312723753e-05,-9.15879843967279,TRUE,"Bacteria","Proteobacteria","Alphaproteobacteria","Rhodobacterales","Rhodobacteraceae","Pseudophaeobacter",NA,NA,NA,NA,NA,NA,NA,NA,NA,NA,NA,NA,NA,NA,TRUE,FALSE,FALSE,TRUE,FALSE,TRUE,2,TRUE
"ASV81","ALDEx2",NA,NA,NA,NA,NA,NA,"aldex2",0.538985017058808,-1.74354921646696,FALSE,"Bacteria","Proteobacteria","Alphaproteobacteria","Rhodobacterales","Rhodobacteraceae","Pseudophaeobacter",NA,1.43161526620064,1.79361223090767,-2.89161673584889,-5.73476051592194,3.07852443831869,-1.74354921646696,0.00782930484115282,0.131928486846549,0.538985017058808,0.2046875,0.540206789087856,NA,NA,FALSE,FALSE,FALSE,TRUE,FALSE,TRUE,2,TRUE
"ASV829","ALDEx2",NA,NA,NA,NA,NA,NA,"aldex2",0.678265248074645,-1.14216042708294,FALSE,"Bacteria","Proteobacteria","Gammaproteobacteria","Enterobacterales","Colwelliaceae","Thalassotalea",NA,-0.414721655753444,-0.0301858855102086,-2.99622305696134,-3.68024541016874,3.23592147926838,-1.14216042708294,0.0852779721736082,0.239151089714324,0.678265248074645,0.3390625,0.660090273720246,NA,NA,FALSE,FALSE,FALSE,TRUE,FALSE,FALSE,1,TRUE
"ASV829","DESeq2",22.3901257664395,-7.35446945839015,2.37817910470467,-3.09247921817203,0.00198492131234744,0.00348231809183761,"deseq2",0.00348231809183761,-7.35446945839015,TRUE,"Bacteria","Proteobacteria","Gammaproteobacteria","Enterobacterales","Colwelliaceae","Thalassotalea",NA,NA,NA,NA,NA,NA,NA,NA,NA,NA,NA,NA,NA,NA,TRUE,FALSE,FALSE,TRUE,FALSE,FALSE,1,TRUE
"ASV853","DESeq2",26.0933342715473,-7.56798477942124,2.00974670116204,-3.76564110046576,0.0001661222756588,0.000386330873625117,"deseq2",0.000386330873625117,-7.56798477942124,TRUE,"Bacteria","Proteobacteria","Gammaproteobacteria","Pseudomonadales","Saccharospirillaceae",NA,NA,NA,NA,NA,NA,NA,NA,NA,NA,NA,NA,NA,NA,NA,TRUE,FALSE,FALSE,TRUE,FALSE,FALSE,1,TRUE
"ASV853","ALDEx2",NA,NA,NA,NA,NA,NA,"aldex2",0.621151472072143,-1.34943907722824,FALSE,"Bacteria","Proteobacteria","Gammaproteobacteria","Pseudomonadales","Saccharospirillaceae",NA,NA,-0.0694671067366466,1.77035990834195,-3.03978063766754,-4.53861674253211,2.92942651624322,-1.34943907722824,0.0390780901701758,0.179227349444315,0.621151472072143,0.245312499999999,0.600575921716271,NA,NA,FALSE,FALSE,FALSE,TRUE,FALSE,FALSE,1,TRUE
"ASV861","ALDEx2",NA,NA,NA,NA,NA,NA,"aldex2",0.643911261412658,-1.47979512606816,FALSE,"Bacteria","Proteobacteria","Gammaproteobacteria","Enterobacterales","Alteromonadaceae","Aestuariibacter",NA,0.541903862719924,1.07406873857896,-2.61631113490339,-4.15212785382947,2.60923762838724,-1.47979512606816,0.0234638632116018,0.200302735935386,0.643911261412658,0.24375,0.587490311367648,NA,NA,FALSE,FALSE,FALSE,TRUE,FALSE,FALSE,1,TRUE
"ASV861","DESeq2",24.2578224154146,-7.46948266771298,1.90749455889847,-3.91586053698964,9.00823133569141e-05,0.000243465711775444,"deseq2",0.000243465711775444,-7.46948266771298,TRUE,"Bacteria","Proteobacteria","Gammaproteobacteria","Enterobacterales","Alteromonadaceae","Aestuariibacter",NA,NA,NA,NA,NA,NA,NA,NA,NA,NA,NA,NA,NA,NA,TRUE,FALSE,FALSE,TRUE,FALSE,FALSE,1,TRUE
"ASV882","ALDEx2",NA,NA,NA,NA,NA,NA,"aldex2",0.581375944282655,-1.64060560324533,FALSE,"Bacteria","Bacteroidota","Bacteroidia","Flavobacteriales","Flavobacteriaceae","Dokdonia",NA,0.703581269646306,1.52790674089264,-3.1267370700163,-4.42045038316302,2.70855802789463,-1.64060560324533,0.00789046640005469,0.165825698582036,0.581375944282655,0.2140625,0.55195086300451,NA,NA,FALSE,FALSE,FALSE,TRUE,FALSE,FALSE,1,TRUE
"ASV882","DESeq2",28.7216880823681,-7.70597440523443,1.98402518784111,-3.88401037066449,0.000102747522065352,0.000270388215961453,"deseq2",0.000270388215961453,-7.70597440523443,TRUE,"Bacteria","Bacteroidota","Bacteroidia","Flavobacteriales","Flavobacteriaceae","Dokdonia",NA,NA,NA,NA,NA,NA,NA,NA,NA,NA,NA,NA,NA,NA,TRUE,FALSE,FALSE,TRUE,FALSE,FALSE,1,TRUE
"ASV889","DESeq2",14.6163228449232,-6.73485632792102,4.41071632314887,-1.52693028399363,0.126778348100412,0.156516479136311,"deseq2",0.156516479136311,-6.73485632792102,FALSE,"Bacteria","Proteobacteria","Gammaproteobacteria","Pseudomonadales","Oleiphilaceae","Oleiphilus",NA,NA,NA,NA,NA,NA,NA,NA,NA,NA,NA,NA,NA,NA,FALSE,FALSE,FALSE,FALSE,FALSE,FALSE,0,FALSE
"ASV889","ALDEx2",NA,NA,NA,NA,NA,NA,"aldex2",0.992213633401919,0.0629601825175069,FALSE,"Bacteria","Proteobacteria","Gammaproteobacteria","Pseudomonadales","Oleiphilaceae","Oleiphilus",NA,-3.7299222085949,-4.520618407348,-3.11528989019936,0.759000990733161,6.48763240437442,0.0629601825175069,0.457364556151575,0.834685887179577,0.992213633401919,0.6640625,0.988365224939614,NA,NA,FALSE,FALSE,FALSE,FALSE,FALSE,FALSE,0,FALSE
"ASV92","ALDEx2",NA,NA,NA,NA,NA,NA,"aldex2",0.164898039205955,4.8770510129474,TRUE,"Bacteria","Verrucomicrobiota","Verrucomicrobiae","Opitutales","Puniceicoccaceae","Coraliomargarita",NA,2.86895750210904,2.02387127562287,7.82436885884689,5.99523336333973,1.24317314522591,4.8770510129474,0.000547999460257121,0.0210583039326911,0.164898039205955,0,0,NA,NA,FALSE,TRUE,FALSE,TRUE,TRUE,TRUE,3,TRUE
"ASV92","DESeq2",227.875554646095,2.98781179621728,1.25621865125732,2.37841700027844,0.0173871507431157,0.0289785845718595,"deseq2",0.0289785845718595,2.98781179621728,TRUE,"Bacteria","Verrucomicrobiota","Verrucomicrobiae","Opitutales","Puniceicoccaceae","Coraliomargarita",NA,NA,NA,NA,NA,NA,NA,NA,NA,NA,NA,NA,NA,NA,TRUE,FALSE,FALSE,TRUE,TRUE,TRUE,3,TRUE
"ASV92","LEfSe",NA,NA,NA,NA,NA,NA,"lefse",0.0832645166635506,4.5159329776486,TRUE,"Bacteria","Verrucomicrobiota","Verrucomicrobiae","Opitutales","Puniceicoccaceae","Coraliomargarita",NA,NA,NA,NA,NA,NA,NA,NA,NA,NA,NA,NA,"ASV92",4.5159329776486,FALSE,FALSE,TRUE,TRUE,TRUE,TRUE,3,TRUE
"ASV946","LEfSe",NA,NA,NA,NA,NA,NA,"lefse",0.0832645166635506,4.1542577138307,TRUE,"Bacteria","Bacteroidota","Bacteroidia","Flavobacteriales","Crocinitomicaceae","Crocinitomix",NA,NA,NA,NA,NA,NA,NA,NA,NA,NA,NA,NA,"ASV946",4.1542577138307,FALSE,FALSE,TRUE,TRUE,TRUE,TRUE,3,TRUE
"ASV946","DESeq2",66.9218846857098,10.0408196455696,1.91875100300591,5.23299773125313,1.66782787351445e-07,1.51620715774041e-06,"deseq2",1.51620715774041e-06,10.0408196455696,TRUE,"Bacteria","Bacteroidota","Bacteroidia","Flavobacteriales","Crocinitomicaceae","Crocinitomix",NA,NA,NA,NA,NA,NA,NA,NA,NA,NA,NA,NA,NA,NA,TRUE,FALSE,FALSE,TRUE,TRUE,TRUE,3,TRUE
"ASV946","ALDEx2",NA,NA,NA,NA,NA,NA,"aldex2",0.133240913445566,5.45361086523017,TRUE,"Bacteria","Bacteroidota","Bacteroidia","Flavobacteriales","Crocinitomicaceae","Crocinitomix",NA,-4.24696322156585,-6.19374719199771,6.28009778439762,12.7714311662236,2.31007198832453,5.45361086523017,0.000547999460257121,0.012935269877706,0.133240913445566,0,0,NA,NA,FALSE,TRUE,FALSE,TRUE,TRUE,TRUE,3,TRUE
"ASV976","DESeq2",23.8051290830532,-7.42388066502665,1.84370158664813,-4.02661727840856,5.65850223773969e-05,0.000168975668040194,"deseq2",0.000168975668040194,-7.42388066502665,TRUE,"Bacteria","Proteobacteria","Alphaproteobacteria","Sphingomonadales","Sphingomonadaceae","Erythrobacter",NA,NA,NA,NA,NA,NA,NA,NA,NA,NA,NA,NA,NA,NA,TRUE,FALSE,FALSE,TRUE,FALSE,FALSE,1,TRUE
"ASV976","ALDEx2",NA,NA,NA,NA,NA,NA,"aldex2",0.59195265829958,-1.68527894266121,FALSE,"Bacteria","Proteobacteria","Alphaproteobacteria","Sphingomonadales","Sphingomonadaceae","Erythrobacter",NA,0.799379874913418,1.16309234783575,-2.85999996792444,-4.13221033370747,2.33399921692526,-1.68527894266121,0.00782930484115282,0.177771075396804,0.59195265829958,0.2171875,0.552897196343213,NA,NA,FALSE,FALSE,FALSE,TRUE,FALSE,FALSE,1,TRUE
