"TaxaID","source","baseMean","log2FoldChange","lfcSE","stat","pvalue","padj","method","adjusted_p_value","score","significant","Kingdom","Phylum","Class","Order","Family","Genus","Species","rab.all","rab.win.control","rab.win.Dor.out","diff.btw","diff.win","effect","overlap","we.ep","we.eBH","wi.ep","wi.eBH","Names","scores","significant_in_deseq2.x","significant_in_aldex2.x","significant_in_lefse.x","significant_in_deseq2.y","significant_in_aldex2.y","significant_in_lefse.y","n_methods","is_significant","TaxLabel","significance_label"
"ASV1","DESeq2",386.466764684341,-4.51509249515564,1.14849391136164,-3.93131600480374,8.44821398879643e-05,0.000131550760682687,"deseq2",0.000131550760682687,-4.51509249515564,TRUE,"Bacteria","Proteobacteria","Alphaproteobacteria","SAR11 clade","Clade I","Clade Ia",NA,NA,NA,NA,NA,NA,NA,NA,NA,NA,NA,NA,NA,NA,TRUE,FALSE,FALSE,TRUE,FALSE,TRUE,2,TRUE,"Clade Ia","Significant"
"ASV1","ALDEx2",NA,NA,NA,NA,NA,NA,"aldex2",0.784711901347607,-1.30030056956659,FALSE,"Bacteria","Proteobacteria","Alphaproteobacteria","SAR11 clade","Clade I","Clade Ia",NA,5.00664343956195,5.42360530681355,3.5243707060714,-1.71805707623502,1.27606734442939,-1.30030056956659,0.0387751645274906,0.354502137934942,0.784711901347607,0.2390625,0.5221335837584,NA,NA,FALSE,FALSE,FALSE,TRUE,FALSE,TRUE,2,TRUE,"Clade Ia","Significant"
"ASV1","LEfSe",NA,NA,NA,NA,NA,NA,"lefse",0.0832645166635506,-4.30652424607322,TRUE,"Bacteria","Proteobacteria","Alphaproteobacteria","SAR11 clade","Clade I","Clade Ia",NA,NA,NA,NA,NA,NA,NA,NA,NA,NA,NA,NA,"ASV1",-4.30652424607322,FALSE,FALSE,TRUE,TRUE,FALSE,TRUE,2,TRUE,"Clade Ia","Significant"
"ASV1030","DESeq2",37.7910601669596,-9.05586195035638,1.61369504442926,-5.61187938304619,2.00140928036643e-08,5.19413360857003e-08,"deseq2",5.19413360857003e-08,-9.05586195035638,TRUE,"Bacteria","Proteobacteria","Gammaproteobacteria","Enterobacterales","Alteromonadaceae","Aliiglaciecola",NA,NA,NA,NA,NA,NA,NA,NA,NA,NA,NA,NA,NA,NA,TRUE,FALSE,FALSE,TRUE,FALSE,FALSE,1,TRUE,"Aliiglaciecola","Significant"
"ASV1030","ALDEx2",NA,NA,NA,NA,NA,NA,"aldex2",0.457014134519129,-1.97946485479993,FALSE,"Bacteria","Proteobacteria","Gammaproteobacteria","Enterobacterales","Alteromonadaceae","Aliiglaciecola",NA,1.44753088317622,1.96190827958677,-3.17269820065655,-5.30357036825952,2.63715429869843,-1.97946485479993,0.000547999460257121,0.137063803068252,0.457014134519129,0.2,0.45901555986124,NA,NA,FALSE,FALSE,FALSE,TRUE,FALSE,FALSE,1,TRUE,"Aliiglaciecola","Significant"
"ASV1075","DESeq2",31.9849362512682,8.34868544220132,1.39581088406558,5.98124397617829,2.21439902624074e-09,9.67625020682517e-09,"deseq2",9.67625020682517e-09,8.34868544220132,TRUE,"Bacteria","Proteobacteria","Alphaproteobacteria","Rhodobacterales","Rhodobacteraceae","Ruegeria","conchae",NA,NA,NA,NA,NA,NA,NA,NA,NA,NA,NA,NA,NA,TRUE,FALSE,FALSE,TRUE,TRUE,FALSE,2,TRUE,"Ruegeria","Significant"
"ASV1075","ALDEx2",NA,NA,NA,NA,NA,NA,"aldex2",0.10494900043735,4.34714285519838,TRUE,"Bacteria","Proteobacteria","Alphaproteobacteria","Rhodobacterales","Rhodobacteraceae","Ruegeria","conchae",-3.40341914531345,-5.5280929609886,5.92969807715876,11.7506830575831,2.83341021781681,4.34714285519838,0.000547999460257121,0.0165606056207534,0.10494900043735,0,0,NA,NA,FALSE,TRUE,FALSE,TRUE,TRUE,FALSE,2,TRUE,"Ruegeria","Significant"
"ASV1077","DESeq2",20.1533072609829,7.67797659802016,1.52325705475759,5.04049961497931,4.64318061943018e-07,8.87906469329631e-07,"deseq2",8.87906469329631e-07,7.67797659802016,TRUE,"Bacteria","Verrucomicrobiota","Lentisphaeria","Lentisphaerales","Lentisphaeraceae","Lentisphaera",NA,NA,NA,NA,NA,NA,NA,NA,NA,NA,NA,NA,NA,NA,TRUE,FALSE,FALSE,TRUE,TRUE,FALSE,2,TRUE,"Lentisphaera","Significant"
"ASV1077","ALDEx2",NA,NA,NA,NA,NA,NA,"aldex2",0.121533148594794,4.17434286276361,TRUE,"Bacteria","Verrucomicrobiota","Lentisphaeria","Lentisphaerales","Lentisphaeraceae","Lentisphaera",NA,-3.63671178433594,-5.83614285372016,5.08229725797541,10.8932667151908,2.72739258604704,4.17434286276361,0.000547999460257121,0.0219213625308736,0.121533148594794,0,0,NA,NA,FALSE,TRUE,FALSE,TRUE,TRUE,FALSE,2,TRUE,"Lentisphaera","Significant"
"ASV111","DESeq2",64.3784206652951,-4.78803607199293,2.87130112697429,-1.66754926086016,0.0954052377648584,0.108324697045516,"deseq2",0.108324697045516,-4.78803607199293,FALSE,"Bacteria","Proteobacteria","Gammaproteobacteria","Pseudomonadales","SAR86 clade",NA,NA,NA,NA,NA,NA,NA,NA,NA,NA,NA,NA,NA,NA,NA,FALSE,FALSE,FALSE,FALSE,FALSE,FALSE,0,FALSE,NA,"Not Significant"
"ASV111","ALDEx2",NA,NA,NA,NA,NA,NA,"aldex2",0.998895027642997,-0.204843897776847,FALSE,"Bacteria","Proteobacteria","Gammaproteobacteria","Pseudomonadales","SAR86 clade",NA,NA,1.95145643818345,2.94753004568111,0.703620166100421,-1.57460243565295,7.03767698723864,-0.204843897776847,0.320313549445968,0.844054596831794,0.998895027642997,0.729687499999999,0.962643479166709,NA,NA,FALSE,FALSE,FALSE,FALSE,FALSE,FALSE,0,FALSE,NA,"Not Significant"
"ASV1133","DESeq2",70.790839908863,-5.24886251297558,1.47161165849954,-3.56674431237337,0.000361443832877935,0.000547185802551318,"deseq2",0.000547185802551318,-5.24886251297558,TRUE,"Bacteria","Bacteroidota","Bacteroidia","Flavobacteriales","Flavobacteriaceae","Aurantivirga",NA,NA,NA,NA,NA,NA,NA,NA,NA,NA,NA,NA,NA,NA,TRUE,FALSE,FALSE,TRUE,FALSE,FALSE,1,TRUE,"Aurantivirga","Significant"
"ASV1133","ALDEx2",NA,NA,NA,NA,NA,NA,"aldex2",0.938805891833507,-0.613002344547979,FALSE,"Bacteria","Bacteroidota","Bacteroidia","Flavobacteriales","Flavobacteriaceae","Aurantivirga",NA,2.63543533947869,3.23217044555279,1.39562694190302,-1.69372793509734,3.36713915582248,-0.613002344547979,0.187502608145345,0.500182477643502,0.938805891833507,0.474999999999999,0.838439873818562,NA,NA,FALSE,FALSE,FALSE,TRUE,FALSE,FALSE,1,TRUE,"Aurantivirga","Significant"
"ASV1158","ALDEx2",NA,NA,NA,NA,NA,NA,"aldex2",0.102271826392732,4.23863485340335,TRUE,"Bacteria","Bacteroidota","Bacteroidia","Flavobacteriales","Crocinitomicaceae","Salinirepens",NA,-3.32180437300187,-5.4167197421547,5.49023061357848,10.7601100978295,2.55305013219545,4.23863485340335,0.000547999460257121,0.0163221591734546,0.102271826392732,0,0,NA,NA,FALSE,TRUE,FALSE,TRUE,TRUE,FALSE,2,TRUE,"Salinirepens","Significant"
"ASV1158","DESeq2",23.737833137198,7.91984733155026,1.34828528783453,5.87401450049958,4.2536614085824e-09,1.44890341729838e-08,"deseq2",1.44890341729838e-08,7.91984733155026,TRUE,"Bacteria","Bacteroidota","Bacteroidia","Flavobacteriales","Crocinitomicaceae","Salinirepens",NA,NA,NA,NA,NA,NA,NA,NA,NA,NA,NA,NA,NA,NA,TRUE,FALSE,FALSE,TRUE,TRUE,FALSE,2,TRUE,"Salinirepens","Significant"
"ASV116","ALDEx2",NA,NA,NA,NA,NA,NA,"aldex2",0.941916348433801,-0.0697992881701188,FALSE,"Bacteria","Proteobacteria","Alphaproteobacteria","Rhodobacterales","Rhodobacteraceae","Sedimentitalea",NA,-3.42951791200188,-3.58627889618394,-3.139385570384,-0.465746045341942,6.77505131452688,-0.0697992881701188,0.46875015956559,0.69668085981373,0.941916348433801,0.74375,0.955204597540219,NA,NA,FALSE,FALSE,FALSE,FALSE,FALSE,FALSE,0,FALSE,"Sedimentitalea","Not Significant"
"ASV116","DESeq2",63.6546749779267,-23.3148750919814,4.40851036895039,-5.28860615962038,NA,NA,"deseq2",NA,-23.3148750919814,NA,"Bacteria","Proteobacteria","Alphaproteobacteria","Rhodobacterales","Rhodobacteraceae","Sedimentitalea",NA,NA,NA,NA,NA,NA,NA,NA,NA,NA,NA,NA,NA,NA,FALSE,FALSE,FALSE,FALSE,FALSE,FALSE,0,FALSE,"Sedimentitalea","Not Significant"
"ASV1179","DESeq2",33.5371224115052,-0.941814668697499,0.675555859255689,-1.39413292889676,0.163277467092406,0.183476741371879,"deseq2",0.183476741371879,-0.941814668697499,FALSE,"Bacteria","Bacteroidota","Bacteroidia","Flavobacteriales","Flavobacteriaceae","Aquimarina",NA,NA,NA,NA,NA,NA,NA,NA,NA,NA,NA,NA,NA,NA,FALSE,FALSE,FALSE,FALSE,FALSE,FALSE,0,FALSE,"Aquimarina","Not Significant"
"ASV1179","ALDEx2",NA,NA,NA,NA,NA,NA,"aldex2",0.471131989607438,2.04101842092341,FALSE,"Bacteria","Bacteroidota","Bacteroidia","Flavobacteriales","Flavobacteriaceae","Aquimarina",NA,1.9331174068727,1.45877666631875,4.07206503504573,2.6267010582888,1.17577261935531,2.04101842092341,0.00782930484115282,0.150529172935359,0.471131989607438,0.0015625,0.00426829268292683,NA,NA,FALSE,FALSE,FALSE,FALSE,FALSE,FALSE,0,FALSE,"Aquimarina","Not Significant"
"ASV1191","DESeq2",27.0737356163472,8.10682975385556,1.48742845123116,5.45023173863956,5.03042284879943e-08,1.21848020115364e-07,"deseq2",1.21848020115364e-07,8.10682975385556,TRUE,"Bacteria","Bacteroidota","Bacteroidia","Flavobacteriales","Flavobacteriaceae","Lutimonas",NA,NA,NA,NA,NA,NA,NA,NA,NA,NA,NA,NA,NA,NA,TRUE,FALSE,FALSE,TRUE,TRUE,FALSE,2,TRUE,"Lutimonas","Significant"
"ASV1191","ALDEx2",NA,NA,NA,NA,NA,NA,"aldex2",0.11068839841831,4.52292168698817,TRUE,"Bacteria","Bacteroidota","Bacteroidia","Flavobacteriales","Flavobacteriaceae","Lutimonas",NA,-3.46999120262516,-5.68604618646569,5.60271379061574,11.1829669682267,2.65681235289535,4.52292168698817,0.000547999460257121,0.0193441796562994,0.11068839841831,0,0,NA,NA,FALSE,TRUE,FALSE,TRUE,TRUE,FALSE,2,TRUE,"Lutimonas","Significant"
"ASV1194","DESeq2",55.0905082455031,-9.58011007801162,2.02230425327976,-4.73722490692222,2.16664669607203e-06,3.74864269637859e-06,"deseq2",3.74864269637859e-06,-9.58011007801162,TRUE,"Bacteria","Bacteroidota","Bacteroidia","Flavobacteriales","Flavobacteriaceae",NA,NA,NA,NA,NA,NA,NA,NA,NA,NA,NA,NA,NA,NA,NA,TRUE,FALSE,FALSE,TRUE,FALSE,FALSE,1,TRUE,NA,"Significant"
"ASV1194","ALDEx2",NA,NA,NA,NA,NA,NA,"aldex2",0.471994352860618,-1.57217621528493,FALSE,"Bacteria","Bacteroidota","Bacteroidia","Flavobacteriales","Flavobacteriaceae",NA,NA,0.0080014313089869,2.94949184866987,-3.00947653582401,-5.30124933233,3.32550429502343,-1.57217621528493,0.0234638632116018,0.129617673943136,0.471994352860618,0.2328125,0.507658296877694,NA,NA,FALSE,FALSE,FALSE,TRUE,FALSE,FALSE,1,TRUE,NA,"Significant"
"ASV1218","ALDEx2",NA,NA,NA,NA,NA,NA,"aldex2",0.786541935510749,0.82836686838515,FALSE,"Bacteria","Bacteroidota","Bacteroidia","Flavobacteriales","Flavobacteriaceae","Aureicoccus","marinus",3.03477258174419,2.46556867793923,3.41272085821378,1.03014918393584,1.24022560533772,0.82836686838515,0.13281655334062,0.289081236785565,0.786541935510749,0.1578125,0.392942988031469,NA,NA,FALSE,FALSE,FALSE,FALSE,FALSE,FALSE,0,FALSE,"Aureicoccus","Not Significant"
"ASV1218","DESeq2",55.9177727413715,-2.4106485431471,1.21209224630349,-1.98883257482987,0.0467196859622305,0.0547574813965928,"deseq2",0.0547574813965928,-2.4106485431471,FALSE,"Bacteria","Bacteroidota","Bacteroidia","Flavobacteriales","Flavobacteriaceae","Aureicoccus","marinus",NA,NA,NA,NA,NA,NA,NA,NA,NA,NA,NA,NA,NA,FALSE,FALSE,FALSE,FALSE,FALSE,FALSE,0,FALSE,"Aureicoccus","Not Significant"
"ASV1227","ALDEx2",NA,NA,NA,NA,NA,NA,"aldex2",0.106366448710261,5.11375177795787,TRUE,"Bacteria","Proteobacteria","Gammaproteobacteria","Burkholderiales","Rhodocyclaceae","Thauera",NA,-3.47379820926418,-5.36783488608216,5.35942056126699,10.7318133031496,2.15955767992972,5.11375177795787,0.000547999460257121,0.0176382317366188,0.106366448710261,0,0,NA,NA,FALSE,TRUE,FALSE,TRUE,TRUE,FALSE,2,TRUE,"Thauera","Significant"
"ASV1227","DESeq2",23.9977381864158,7.93190612757857,1.52596609214616,5.19795699812894,2.01490722784791e-07,4.04999573915465e-07,"deseq2",4.04999573915465e-07,7.93190612757857,TRUE,"Bacteria","Proteobacteria","Gammaproteobacteria","Burkholderiales","Rhodocyclaceae","Thauera",NA,NA,NA,NA,NA,NA,NA,NA,NA,NA,NA,NA,NA,NA,TRUE,FALSE,FALSE,TRUE,TRUE,FALSE,2,TRUE,"Thauera","Significant"
"ASV1232","DESeq2",45.34307957928,-9.3003061328391,3.17580480031731,-2.92848796371548,0.00340615020152734,0.00431709734844745,"deseq2",0.00431709734844745,-9.3003061328391,TRUE,"Bacteria","Bacteroidota","Bacteroidia","Flavobacteriales","Flavobacteriaceae",NA,NA,NA,NA,NA,NA,NA,NA,NA,NA,NA,NA,NA,NA,NA,TRUE,FALSE,FALSE,TRUE,FALSE,FALSE,1,TRUE,NA,"Significant"
"ASV1232","ALDEx2",NA,NA,NA,NA,NA,NA,"aldex2",0.844836298355693,-0.760040192776437,FALSE,"Bacteria","Bacteroidota","Bacteroidia","Flavobacteriales","Flavobacteriaceae",NA,NA,-1.74666837855838,2.24860063981119,-3.31703398014591,-5.00841010677546,5.79841825759943,-0.760040192776437,0.226564484085857,0.488541446941477,0.844836298355693,0.642187499999999,0.908284167947151,NA,NA,FALSE,FALSE,FALSE,TRUE,FALSE,FALSE,1,TRUE,NA,"Significant"
"ASV1233","DESeq2",59.5570152408281,-9.68504815785388,1.55032270863596,-6.2471175219869,4.18096483851094e-10,2.84828229623558e-09,"deseq2",2.84828229623558e-09,-9.68504815785388,TRUE,"Bacteria","Proteobacteria","Gammaproteobacteria","Enterobacterales","Alteromonadaceae",NA,NA,NA,NA,NA,NA,NA,NA,NA,NA,NA,NA,NA,NA,NA,TRUE,FALSE,FALSE,TRUE,FALSE,FALSE,1,TRUE,NA,"Significant"
"ASV1233","ALDEx2",NA,NA,NA,NA,NA,NA,"aldex2",0.448121527960748,-2.35636682313496,FALSE,"Bacteria","Proteobacteria","Gammaproteobacteria","Enterobacterales","Alteromonadaceae",NA,NA,2.2274600648505,2.63248575596658,-3.13105749989026,-6.16032464401373,2.58144907436492,-2.35636682313496,0.000547999460257121,0.129256849042052,0.448121527960748,0.2,0.45901555986124,NA,NA,FALSE,FALSE,FALSE,TRUE,FALSE,FALSE,1,TRUE,NA,"Significant"
"ASV1236","ALDEx2",NA,NA,NA,NA,NA,NA,"aldex2",0.107191724651489,4.42783784252541,TRUE,"Bacteria","Proteobacteria","Alphaproteobacteria","Rhodobacterales","Rhodobacteraceae","Epibacterium",NA,-3.50676146119061,-5.56755614822715,5.47753629429948,11.1164407822837,2.59463224312506,4.42783784252541,0.000547999460257121,0.0182862371187535,0.107191724651489,0,0,NA,NA,FALSE,TRUE,FALSE,TRUE,TRUE,FALSE,2,TRUE,"Epibacterium","Significant"
"ASV1236","DESeq2",23.6971503869956,7.91617898030737,1.35515813516346,5.8415167757175,5.17276685215982e-09,1.65832819672182e-08,"deseq2",1.65832819672182e-08,7.91617898030737,TRUE,"Bacteria","Proteobacteria","Alphaproteobacteria","Rhodobacterales","Rhodobacteraceae","Epibacterium",NA,NA,NA,NA,NA,NA,NA,NA,NA,NA,NA,NA,NA,NA,TRUE,FALSE,FALSE,TRUE,TRUE,FALSE,2,TRUE,"Epibacterium","Significant"
"ASV1244","ALDEx2",NA,NA,NA,NA,NA,NA,"aldex2",0.109947383477205,4.35680441023887,TRUE,"Bacteria","Proteobacteria","Alphaproteobacteria","Rhodobacterales","Rhodobacteraceae",NA,NA,-3.54866231536733,-5.45225597565329,5.54805861180003,11.1118842784336,2.59157368138018,4.35680441023887,0.000547999460257121,0.0199491348333349,0.109947383477205,0,0,NA,NA,FALSE,TRUE,FALSE,TRUE,TRUE,FALSE,2,TRUE,NA,"Significant"
"ASV1244","DESeq2",24.2011519374277,7.94585966469176,1.37338897436142,5.78558573938334,7.22600920691726e-09,2.18787500987217e-08,"deseq2",2.18787500987217e-08,7.94585966469176,TRUE,"Bacteria","Proteobacteria","Alphaproteobacteria","Rhodobacterales","Rhodobacteraceae",NA,NA,NA,NA,NA,NA,NA,NA,NA,NA,NA,NA,NA,NA,NA,TRUE,FALSE,FALSE,TRUE,TRUE,FALSE,2,TRUE,NA,"Significant"
"ASV1253","ALDEx2",NA,NA,NA,NA,NA,NA,"aldex2",0.430728405733011,-2.29479378604598,FALSE,"Bacteria","Proteobacteria","Gammaproteobacteria","Arenicellales","Arenicellaceae","Arenicella",NA,2.42161939429302,2.70755755668311,-3.06020283917729,-5.84852880009832,2.93872876426447,-2.29479378604598,0.000547999460257121,0.120373039250551,0.430728405733011,0.2,0.45901555986124,NA,NA,FALSE,FALSE,FALSE,TRUE,FALSE,FALSE,1,TRUE,"Arenicella","Significant"
"ASV1253","DESeq2",60.2582794624485,-9.70330377397204,1.52669318156752,-6.35576544856856,2.07391273393704e-10,1.61468919999384e-09,"deseq2",1.61468919999384e-09,-9.70330377397204,TRUE,"Bacteria","Proteobacteria","Gammaproteobacteria","Arenicellales","Arenicellaceae","Arenicella",NA,NA,NA,NA,NA,NA,NA,NA,NA,NA,NA,NA,NA,NA,TRUE,FALSE,FALSE,TRUE,FALSE,FALSE,1,TRUE,"Arenicella","Significant"
"ASV13","DESeq2",103.031153858047,-10.4868981131949,1.55046833465809,-6.76369705770704,1.34514202310119e-11,2.44367467530049e-10,"deseq2",2.44367467530049e-10,-10.4868981131949,TRUE,"Bacteria","Proteobacteria","Alphaproteobacteria","SAR11 clade","Clade I","Clade Ib",NA,NA,NA,NA,NA,NA,NA,NA,NA,NA,NA,NA,NA,NA,TRUE,FALSE,FALSE,TRUE,FALSE,FALSE,1,TRUE,"Clade Ib","Significant"
"ASV13","ALDEx2",NA,NA,NA,NA,NA,NA,"aldex2",0.447591429599636,-2.63524099217137,FALSE,"Bacteria","Proteobacteria","Alphaproteobacteria","SAR11 clade","Clade I","Clade Ib",NA,2.76962219915127,3.74023153016408,-3.58580921433973,-6.97522941034673,2.79408603597712,-2.63524099217137,0.000547999460257121,0.122034014029795,0.447591429599636,0.2,0.45901555986124,NA,NA,FALSE,FALSE,FALSE,TRUE,FALSE,FALSE,1,TRUE,"Clade Ib","Significant"
"ASV1328","DESeq2",50.4266379695147,-9.44556611887832,1.88632907560493,-5.00737980505824,5.5175984829159e-07,1.03692799075489e-06,"deseq2",1.03692799075489e-06,-9.44556611887832,TRUE,"Bacteria","Proteobacteria","Alphaproteobacteria","Rhodobacterales","Rhodobacteraceae",NA,NA,NA,NA,NA,NA,NA,NA,NA,NA,NA,NA,NA,NA,NA,TRUE,FALSE,FALSE,TRUE,FALSE,FALSE,1,TRUE,NA,"Significant"
"ASV1328","ALDEx2",NA,NA,NA,NA,NA,NA,"aldex2",0.455900954420263,-1.89786806506526,FALSE,"Bacteria","Proteobacteria","Alphaproteobacteria","Rhodobacterales","Rhodobacteraceae",NA,NA,0.972132979266947,1.71907986489073,-3.35629302820065,-5.42502842152834,2.73004498896777,-1.89786806506526,0.00789046640005469,0.123660137599256,0.455900954420263,0.2078125,0.468750584250825,NA,NA,FALSE,FALSE,FALSE,TRUE,FALSE,FALSE,1,TRUE,NA,"Significant"
"ASV1331","ALDEx2",NA,NA,NA,NA,NA,NA,"aldex2",0.0986320572419256,4.83449010478959,TRUE,"Bacteria","Proteobacteria","Alphaproteobacteria","Rhodobacterales","Rhodobacteraceae",NA,NA,-3.76127602976908,-5.66762915679849,5.79776757242046,11.2208453294741,2.45008386052257,4.83449010478959,0.000547999460257121,0.0154581573285177,0.0986320572419256,0,0,NA,NA,FALSE,TRUE,FALSE,TRUE,TRUE,FALSE,2,TRUE,NA,"Significant"
"ASV1331","DESeq2",31.3340241105224,8.31811201934848,1.47411333551596,5.64279002091589,1.6731635891285e-08,4.44816661500015e-08,"deseq2",4.44816661500015e-08,8.31811201934848,TRUE,"Bacteria","Proteobacteria","Alphaproteobacteria","Rhodobacterales","Rhodobacteraceae",NA,NA,NA,NA,NA,NA,NA,NA,NA,NA,NA,NA,NA,NA,NA,TRUE,FALSE,FALSE,TRUE,TRUE,FALSE,2,TRUE,NA,"Significant"
"ASV1334","ALDEx2",NA,NA,NA,NA,NA,NA,"aldex2",0.435229953556635,-2.19275707453651,FALSE,"Bacteria","Proteobacteria","Gammaproteobacteria","Pseudomonadales","Spongiibacteraceae","Dasania",NA,1.36520812261855,1.79533421784267,-2.95782224141378,-4.77602388791736,2.16241569664082,-2.19275707453651,0.00782930484115282,0.1309334192107,0.435229953556635,0.20625,0.465700845690547,NA,NA,FALSE,FALSE,FALSE,TRUE,FALSE,FALSE,1,TRUE,"Dasania","Significant"
"ASV1334","DESeq2",35.1408737718842,-8.95145471066369,1.60944199317235,-5.56183742479566,2.66948925023845e-08,6.7668448436277e-08,"deseq2",6.7668448436277e-08,-8.95145471066369,TRUE,"Bacteria","Proteobacteria","Gammaproteobacteria","Pseudomonadales","Spongiibacteraceae","Dasania",NA,NA,NA,NA,NA,NA,NA,NA,NA,NA,NA,NA,NA,NA,TRUE,FALSE,FALSE,TRUE,FALSE,FALSE,1,TRUE,"Dasania","Significant"
"ASV141","ALDEx2",NA,NA,NA,NA,NA,NA,"aldex2",0.504447250619106,-1.84874013330541,FALSE,"Bacteria","Cyanobacteria","Cyanobacteriia","Synechococcales","Cyanobiaceae","Synechococcus CC9902",NA,0.961107851161006,1.88150751339692,-3.1229491504087,-4.8274875338146,2.53819154950214,-1.84874013330541,0.00782930484115282,0.157951660276015,0.504447250619106,0.2015625,0.461807767653448,NA,NA,FALSE,FALSE,FALSE,TRUE,FALSE,FALSE,1,TRUE,"Synechococcus CC9902","Significant"
"ASV141","DESeq2",29.2703767195298,-8.67023066458805,1.57706686459072,-5.49769376255213,3.8479040808621e-08,9.5323078366811e-08,"deseq2",9.5323078366811e-08,-8.67023066458805,TRUE,"Bacteria","Cyanobacteria","Cyanobacteriia","Synechococcales","Cyanobiaceae","Synechococcus CC9902",NA,NA,NA,NA,NA,NA,NA,NA,NA,NA,NA,NA,NA,NA,TRUE,FALSE,FALSE,TRUE,FALSE,FALSE,1,TRUE,"Synechococcus CC9902","Significant"
"ASV1415","ALDEx2",NA,NA,NA,NA,NA,NA,"aldex2",0.994772352053192,-0.30936581121586,FALSE,"Bacteria","Proteobacteria","Alphaproteobacteria","Rhodobacterales","Rhodobacteraceae","Yoonia-Loktanella",NA,2.08951821946223,2.08951821946223,1.92228547140151,-0.94036802549632,3.92327996031431,-0.30936581121586,0.410853174248917,0.610376718046117,0.994772352053192,0.889062499999999,1,NA,NA,FALSE,FALSE,FALSE,TRUE,FALSE,FALSE,1,TRUE,"Yoonia-Loktanella","Significant"
"ASV1415","DESeq2",51.0649422692259,-4.21612204626391,1.3418062638685,-3.14212428410389,0.00167726823130634,0.00237431476899209,"deseq2",0.00237431476899209,-4.21612204626391,TRUE,"Bacteria","Proteobacteria","Alphaproteobacteria","Rhodobacterales","Rhodobacteraceae","Yoonia-Loktanella",NA,NA,NA,NA,NA,NA,NA,NA,NA,NA,NA,NA,NA,NA,TRUE,FALSE,FALSE,TRUE,FALSE,FALSE,1,TRUE,"Yoonia-Loktanella","Significant"
"ASV1467","DESeq2",19.1001063765571,7.60253696712534,1.2877518261494,5.90372835258037,3.55377146637567e-09,1.34000280204412e-08,"deseq2",1.34000280204412e-08,7.60253696712534,TRUE,"Bacteria","Proteobacteria","Alphaproteobacteria","Rhodobacterales","Rhodobacteraceae",NA,NA,NA,NA,NA,NA,NA,NA,NA,NA,NA,NA,NA,NA,NA,TRUE,FALSE,FALSE,TRUE,TRUE,FALSE,2,TRUE,NA,"Significant"
"ASV1467","ALDEx2",NA,NA,NA,NA,NA,NA,"aldex2",0.102981440718246,4.19507681691126,TRUE,"Bacteria","Proteobacteria","Alphaproteobacteria","Rhodobacterales","Rhodobacteraceae",NA,NA,-3.62294006365983,-5.81318542461014,5.16239468994527,10.7344846565132,2.54210681415954,4.19507681691126,0.000547999460257121,0.017313859955765,0.102981440718246,0,0,NA,NA,FALSE,TRUE,FALSE,TRUE,TRUE,FALSE,2,TRUE,NA,"Significant"
"ASV1480","DESeq2",24.1469122246553,7.94568632733753,1.35427871753812,5.8670982748526,4.43487841118546e-09,1.46485377824005e-08,"deseq2",1.46485377824005e-08,7.94568632733753,TRUE,"Bacteria","Proteobacteria","Alphaproteobacteria","Rhodobacterales","Rhodobacteraceae",NA,NA,NA,NA,NA,NA,NA,NA,NA,NA,NA,NA,NA,NA,NA,TRUE,FALSE,FALSE,TRUE,TRUE,FALSE,2,TRUE,NA,"Significant"
"ASV1480","ALDEx2",NA,NA,NA,NA,NA,NA,"aldex2",0.0995794331764697,4.44059722878172,TRUE,"Bacteria","Proteobacteria","Alphaproteobacteria","Rhodobacterales","Rhodobacteraceae",NA,NA,-3.53045678489928,-5.71189414446438,5.59236076966067,11.3976412608196,2.67456074968433,4.44059722878172,0.000547999460257121,0.0152776300220666,0.0995794331764697,0,0,NA,NA,FALSE,TRUE,FALSE,TRUE,TRUE,FALSE,2,TRUE,NA,"Significant"
"ASV1498","ALDEx2",NA,NA,NA,NA,NA,NA,"aldex2",0.485509269092996,-1.97955637837723,FALSE,"Bacteria","Proteobacteria","Gammaproteobacteria","Pseudomonadales","Marinobacteraceae","Marinobacter","guineae",0.883888158931779,1.85186471536054,-3.21583473841581,-4.89049450826767,2.59834200928498,-1.97955637837723,0.00782930484115282,0.150554528090858,0.485509269092996,0.203125,0.464383907925823,NA,NA,FALSE,FALSE,FALSE,TRUE,FALSE,FALSE,1,TRUE,"Marinobacter","Significant"
"ASV1498","DESeq2",32.2598300749095,-8.79594005433828,1.64192332560377,-5.35709549719919,8.45704267086513e-08,1.88126051249857e-07,"deseq2",1.88126051249857e-07,-8.79594005433828,TRUE,"Bacteria","Proteobacteria","Gammaproteobacteria","Pseudomonadales","Marinobacteraceae","Marinobacter","guineae",NA,NA,NA,NA,NA,NA,NA,NA,NA,NA,NA,NA,NA,TRUE,FALSE,FALSE,TRUE,FALSE,FALSE,1,TRUE,"Marinobacter","Significant"
"ASV1510","ALDEx2",NA,NA,NA,NA,NA,NA,"aldex2",0.49505459180167,-1.89099404699111,FALSE,"Bacteria","Proteobacteria","Alphaproteobacteria","Rhodobacterales","Rhodobacteraceae","Yoonia-Loktanella",NA,1.79102632248569,2.08069587731582,-3.51661495425444,-5.75962455897715,2.9435342902645,-1.89099404699111,0.000547999460257121,0.152094042074881,0.49505459180167,0.2,0.45901555986124,NA,NA,FALSE,FALSE,FALSE,TRUE,FALSE,FALSE,1,TRUE,"Yoonia-Loktanella","Significant"
"ASV1510","DESeq2",44.160208085945,-9.24778656564108,1.57315401314788,-5.87850044455359,4.13999696596645e-09,1.44890341729838e-08,"deseq2",1.44890341729838e-08,-9.24778656564108,TRUE,"Bacteria","Proteobacteria","Alphaproteobacteria","Rhodobacterales","Rhodobacteraceae","Yoonia-Loktanella",NA,NA,NA,NA,NA,NA,NA,NA,NA,NA,NA,NA,NA,NA,TRUE,FALSE,FALSE,TRUE,FALSE,FALSE,1,TRUE,"Yoonia-Loktanella","Significant"
"ASV1526","DESeq2",16.7767220316313,7.40863953427434,1.28391463318851,5.77035212681978,7.91060559050024e-09,2.31710455831025e-08,"deseq2",2.31710455831025e-08,7.40863953427434,TRUE,"Bacteria","Planctomycetota","Planctomycetes","Pirellulales","Pirellulaceae","Rhodopirellula",NA,NA,NA,NA,NA,NA,NA,NA,NA,NA,NA,NA,NA,NA,TRUE,FALSE,FALSE,TRUE,TRUE,FALSE,2,TRUE,"Rhodopirellula","Significant"
"ASV1526","ALDEx2",NA,NA,NA,NA,NA,NA,"aldex2",0.128399545096258,3.77703203900367,TRUE,"Bacteria","Planctomycetota","Planctomycetes","Pirellulales","Pirellulaceae","Rhodopirellula",NA,-3.25798419709014,-5.48321693477131,4.89530143993369,10.4672443841619,3.00913331421816,3.77703203900367,0.000547999460257121,0.0253879087805379,0.128399545096258,0,0,NA,NA,FALSE,TRUE,FALSE,TRUE,TRUE,FALSE,2,TRUE,"Rhodopirellula","Significant"
"ASV160","ALDEx2",NA,NA,NA,NA,NA,NA,"aldex2",0.125018574484287,5.61092788157386,TRUE,"Bacteria","Bacteroidota","Bacteroidia","Flavobacteriales","Flavobacteriaceae","Polaribacter","dokdonensis",3.96456697418901,3.55896847759649,6.15837230533556,2.58530253928267,0.46829921255122,5.61092788157386,0.000547999460257121,0.0246851445232106,0.125018574484287,0,0,NA,NA,FALSE,TRUE,FALSE,FALSE,TRUE,TRUE,2,TRUE,"Polaribacter","Significant"
"ASV160","DESeq2",147.411123414012,-0.87197356049945,0.452229579429788,-1.92816569318379,0.0538345199198842,0.0624251348007168,"deseq2",0.0624251348007168,-0.87197356049945,FALSE,"Bacteria","Bacteroidota","Bacteroidia","Flavobacteriales","Flavobacteriaceae","Polaribacter","dokdonensis",NA,NA,NA,NA,NA,NA,NA,NA,NA,NA,NA,NA,NA,FALSE,FALSE,FALSE,FALSE,TRUE,TRUE,2,TRUE,"Polaribacter","Significant"
"ASV160","LEfSe",NA,NA,NA,NA,NA,NA,"lefse",0.0832645166635506,3.94282337782074,TRUE,"Bacteria","Bacteroidota","Bacteroidia","Flavobacteriales","Flavobacteriaceae","Polaribacter","dokdonensis",NA,NA,NA,NA,NA,NA,NA,NA,NA,NA,NA,"ASV160",3.94282337782074,FALSE,FALSE,TRUE,FALSE,TRUE,TRUE,2,TRUE,"Polaribacter","Significant"
"ASV169","LEfSe",NA,NA,NA,NA,NA,NA,"lefse",0.0832645166635506,4.0550514212017,TRUE,"Bacteria","Proteobacteria","Gammaproteobacteria","Enterobacterales","Colwelliaceae","Thalassotalea","eurytherma",NA,NA,NA,NA,NA,NA,NA,NA,NA,NA,NA,"ASV169",4.0550514212017,FALSE,FALSE,TRUE,FALSE,FALSE,TRUE,1,TRUE,"Thalassotalea","Significant"
"ASV169","ALDEx2",NA,NA,NA,NA,NA,NA,"aldex2",0.493233604494051,1.25171683008821,FALSE,"Bacteria","Proteobacteria","Gammaproteobacteria","Enterobacterales","Colwelliaceae","Thalassotalea","eurytherma",4.51820003813027,0.119631748319911,6.03196816039279,6.02085776475148,4.47738855098856,1.25171683008821,0.000547999460257121,0.157886089303214,0.493233604494051,0,0,NA,NA,FALSE,FALSE,FALSE,FALSE,FALSE,TRUE,1,TRUE,"Thalassotalea","Significant"
"ASV169","DESeq2",100.626823996299,-0.385354201779124,2.08649305293677,-0.184689904064973,0.853472265338541,0.869425017961691,"deseq2",0.869425017961691,-0.385354201779124,FALSE,"Bacteria","Proteobacteria","Gammaproteobacteria","Enterobacterales","Colwelliaceae","Thalassotalea","eurytherma",NA,NA,NA,NA,NA,NA,NA,NA,NA,NA,NA,NA,NA,FALSE,FALSE,FALSE,FALSE,FALSE,TRUE,1,TRUE,"Thalassotalea","Significant"
"ASV1733","DESeq2",43.4904917440353,-9.2263442651151,1.56293908492071,-5.90320144536097,3.56514506965867e-09,1.34000280204412e-08,"deseq2",1.34000280204412e-08,-9.2263442651151,TRUE,"Bacteria","Proteobacteria","Alphaproteobacteria","Rhodobacterales","Rhodobacteraceae","Tateyamaria",NA,NA,NA,NA,NA,NA,NA,NA,NA,NA,NA,NA,NA,NA,TRUE,FALSE,FALSE,TRUE,FALSE,FALSE,1,TRUE,"Tateyamaria","Significant"
"ASV1733","ALDEx2",NA,NA,NA,NA,NA,NA,"aldex2",0.479132371863283,-1.90666258566204,FALSE,"Bacteria","Proteobacteria","Alphaproteobacteria","Rhodobacterales","Rhodobacteraceae","Tateyamaria",NA,1.69782645192812,2.17771460051154,-3.6919531463618,-6.1315389547162,3.2814706353843,-1.90666258566204,0.000547999460257121,0.146231681867979,0.479132371863283,0.2,0.45901555986124,NA,NA,FALSE,FALSE,FALSE,TRUE,FALSE,FALSE,1,TRUE,"Tateyamaria","Significant"
"ASV175","ALDEx2",NA,NA,NA,NA,NA,NA,"aldex2",0.388807859863043,-3.56931793111243,FALSE,"Bacteria","Proteobacteria","Gammaproteobacteria","Enterobacterales","Colwelliaceae","Colwellia",NA,4.0100666340359,4.52607855807932,-3.37014537468074,-7.97402702328107,2.37700704963288,-3.56931793111243,0.000547999460257121,0.0934810516729977,0.388807859863043,0.2,0.45901555986124,NA,NA,FALSE,FALSE,FALSE,TRUE,FALSE,FALSE,1,TRUE,"Colwellia","Significant"
"ASV175","DESeq2",225.367085085779,-11.6160555944026,1.65251792813403,-7.02930685146581,2.07562058416367e-12,5.656066091846e-11,"deseq2",5.656066091846e-11,-11.6160555944026,TRUE,"Bacteria","Proteobacteria","Gammaproteobacteria","Enterobacterales","Colwelliaceae","Colwellia",NA,NA,NA,NA,NA,NA,NA,NA,NA,NA,NA,NA,NA,NA,TRUE,FALSE,FALSE,TRUE,FALSE,FALSE,1,TRUE,"Colwellia","Significant"
"ASV1755","ALDEx2",NA,NA,NA,NA,NA,NA,"aldex2",0.115477629963253,4.05452235278416,TRUE,"Bacteria","Bacteroidota","Bacteroidia","Flavobacteriales","Flavobacteriaceae","Actibacter",NA,-3.47398769108472,-5.61343856451519,4.83869615326227,10.1700296011166,2.53161265610143,4.05452235278416,0.000547999460257121,0.0205891163027224,0.115477629963253,0,0,NA,NA,FALSE,TRUE,FALSE,TRUE,TRUE,FALSE,2,TRUE,"Actibacter","Significant"
"ASV1755","DESeq2",15.6489341280858,7.31569167632483,1.23373546438223,5.92970850520863,3.03472931883399e-09,1.27225190674194e-08,"deseq2",1.27225190674194e-08,7.31569167632483,TRUE,"Bacteria","Bacteroidota","Bacteroidia","Flavobacteriales","Flavobacteriaceae","Actibacter",NA,NA,NA,NA,NA,NA,NA,NA,NA,NA,NA,NA,NA,NA,TRUE,FALSE,FALSE,TRUE,TRUE,FALSE,2,TRUE,"Actibacter","Significant"
"ASV180","ALDEx2",NA,NA,NA,NA,NA,NA,"aldex2",0.998854603303536,-0.240840788580037,FALSE,"Bacteria","Proteobacteria","Gammaproteobacteria","Enterobacterales","Pseudoalteromonadaceae","Pseudoalteromonas",NA,2.9749835772782,2.98215518723261,1.85694216417506,-0.868790123419132,4.60982700829581,-0.240840788580037,0.429687864834544,0.682290866489621,0.998854603303536,0.871874999999999,1,NA,NA,FALSE,FALSE,FALSE,TRUE,FALSE,FALSE,1,TRUE,"Pseudoalteromonas","Significant"
"ASV180","DESeq2",71.6810630839183,-4.03945967093058,1.73653676360659,-2.32615845260948,0.0200100991987832,0.0242344534740818,"deseq2",0.0242344534740818,-4.03945967093058,TRUE,"Bacteria","Proteobacteria","Gammaproteobacteria","Enterobacterales","Pseudoalteromonadaceae","Pseudoalteromonas",NA,NA,NA,NA,NA,NA,NA,NA,NA,NA,NA,NA,NA,NA,TRUE,FALSE,FALSE,TRUE,FALSE,FALSE,1,TRUE,"Pseudoalteromonas","Significant"
"ASV1836","DESeq2",55.642997350309,-9.59909698291584,3.09466424037766,-3.10182179303058,0.00192333704469506,0.00268774022912515,"deseq2",0.00268774022912515,-9.59909698291584,TRUE,"Bacteria","Proteobacteria","Gammaproteobacteria","Pseudomonadales","Alcanivoracaceae1","Alcanivorax",NA,NA,NA,NA,NA,NA,NA,NA,NA,NA,NA,NA,NA,NA,TRUE,FALSE,FALSE,TRUE,FALSE,FALSE,1,TRUE,"Alcanivorax","Significant"
"ASV1836","ALDEx2",NA,NA,NA,NA,NA,NA,"aldex2",0.771797203616632,-0.816803363744324,FALSE,"Bacteria","Proteobacteria","Gammaproteobacteria","Pseudomonadales","Alcanivoracaceae1","Alcanivorax",NA,-1.61883775751616,2.32643226521664,-3.06199631467939,-5.01139768664234,5.35591576289412,-0.816803363744324,0.218752092515224,0.406569852489958,0.771797203616632,0.578125,0.843080716662411,NA,NA,FALSE,FALSE,FALSE,TRUE,FALSE,FALSE,1,TRUE,"Alcanivorax","Significant"
"ASV1880","ALDEx2",NA,NA,NA,NA,NA,NA,"aldex2",0.118128148626207,4.07384299206862,TRUE,"Bacteria","Proteobacteria","Alphaproteobacteria","Rhodobacterales","Rhodobacteraceae","Ruegeria",NA,-3.28360926399836,-5.70347110841662,4.81060830954214,10.4341517521565,2.79043016041292,4.07384299206862,0.000547999460257121,0.0218537287096068,0.118128148626207,0,0,NA,NA,FALSE,TRUE,FALSE,TRUE,TRUE,FALSE,2,TRUE,"Ruegeria","Significant"
"ASV1880","DESeq2",14.912141453576,7.24557261957169,1.22702627178803,5.90498572537765,3.52677286251869e-09,1.34000280204412e-08,"deseq2",1.34000280204412e-08,7.24557261957169,TRUE,"Bacteria","Proteobacteria","Alphaproteobacteria","Rhodobacterales","Rhodobacteraceae","Ruegeria",NA,NA,NA,NA,NA,NA,NA,NA,NA,NA,NA,NA,NA,NA,TRUE,FALSE,FALSE,TRUE,TRUE,FALSE,2,TRUE,"Ruegeria","Significant"
"ASV1892","ALDEx2",NA,NA,NA,NA,NA,NA,"aldex2",0.454142232923446,1.48814771061398,FALSE,"Bacteria","Proteobacteria","Alphaproteobacteria","Caulobacterales","Hyphomonadaceae",NA,NA,2.35997282828663,2.00649252710599,3.30450210447623,1.48541291870815,1.0638751816823,1.48814771061398,0.0155432426385351,0.142563057388137,0.454142232923446,0.0109375,0.0303048780487805,NA,NA,FALSE,FALSE,FALSE,FALSE,FALSE,FALSE,0,FALSE,NA,"Not Significant"
"ASV1892","DESeq2",35.8588479843458,-1.85773456458326,0.98691697284183,-1.88236155188811,0.0597869424896481,0.068597649803912,"deseq2",0.068597649803912,-1.85773456458326,FALSE,"Bacteria","Proteobacteria","Alphaproteobacteria","Caulobacterales","Hyphomonadaceae",NA,NA,NA,NA,NA,NA,NA,NA,NA,NA,NA,NA,NA,NA,NA,FALSE,FALSE,FALSE,FALSE,FALSE,FALSE,0,FALSE,NA,"Not Significant"
"ASV1915","ALDEx2",NA,NA,NA,NA,NA,NA,"aldex2",0.112380993050415,4.24808164130511,TRUE,"Bacteria","Proteobacteria","Alphaproteobacteria","Rhodobacterales","Rhodobacteraceae","Roseobacter clade NAC11-7 lineage",NA,-3.55944424304152,-5.71879099487382,5.02350269903714,10.8895605443862,2.67551145672567,4.24808164130511,0.000547999460257121,0.0195889189197706,0.112380993050415,0,0,NA,NA,FALSE,TRUE,FALSE,TRUE,TRUE,FALSE,2,TRUE,"Roseobacter clade NAC11-7 lineage","Significant"
"ASV1915","DESeq2",17.4253707244513,7.46474128704991,1.29442870584331,5.76682304197408,8.07797919410913e-09,2.31710455831025e-08,"deseq2",2.31710455831025e-08,7.46474128704991,TRUE,"Bacteria","Proteobacteria","Alphaproteobacteria","Rhodobacterales","Rhodobacteraceae","Roseobacter clade NAC11-7 lineage",NA,NA,NA,NA,NA,NA,NA,NA,NA,NA,NA,NA,NA,NA,TRUE,FALSE,FALSE,TRUE,TRUE,FALSE,2,TRUE,"Roseobacter clade NAC11-7 lineage","Significant"
"ASV2","DESeq2",50.7460386190603,-9.47518557401166,1.52764131444627,-6.20249366419246,5.5575422939506e-10,3.56336535318009e-09,"deseq2",3.56336535318009e-09,-9.47518557401166,TRUE,"Bacteria","Cyanobacteria","Cyanobacteriia","Synechococcales","Cyanobiaceae","Prochlorococcus MIT9313","marinus",NA,NA,NA,NA,NA,NA,NA,NA,NA,NA,NA,NA,NA,TRUE,FALSE,FALSE,TRUE,FALSE,FALSE,1,TRUE,"Prochlorococcus MIT9313","Significant"
"ASV2","ALDEx2",NA,NA,NA,NA,NA,NA,"aldex2",0.485455218416853,-1.90569925960492,FALSE,"Bacteria","Cyanobacteria","Cyanobacteriia","Synechococcales","Cyanobiaceae","Prochlorococcus MIT9313","marinus",2.13226112396586,2.518727792372,-3.0770663142128,-5.49039488375303,3.27108687078716,-1.90569925960492,0.000547999460257121,0.149676548870944,0.485455218416853,0.2,0.45901555986124,NA,NA,FALSE,FALSE,FALSE,TRUE,FALSE,FALSE,1,TRUE,"Prochlorococcus MIT9313","Significant"
"ASV20","ALDEx2",NA,NA,NA,NA,NA,NA,"aldex2",0.976491743150772,-0.421334732303577,FALSE,"Bacteria","Proteobacteria","Alphaproteobacteria","SAR11 clade","Clade I","Clade Ia",NA,3.10869925503076,3.13757055990537,1.73297423110263,-1.32295613254117,4.57362060878367,-0.421334732303577,0.390625584253894,0.536764219311278,0.976491743150772,0.8296875,0.929342604096807,NA,NA,FALSE,FALSE,FALSE,FALSE,FALSE,FALSE,0,FALSE,"Clade Ia","Not Significant"
"ASV20","DESeq2",81.0637491532123,-3.55150088397561,1.75311219063322,-2.0258263578059,0.0427825818836113,0.0506880589708003,"deseq2",0.0506880589708003,-3.55150088397561,FALSE,"Bacteria","Proteobacteria","Alphaproteobacteria","SAR11 clade","Clade I","Clade Ia",NA,NA,NA,NA,NA,NA,NA,NA,NA,NA,NA,NA,NA,NA,FALSE,FALSE,FALSE,FALSE,FALSE,FALSE,0,FALSE,"Clade Ia","Not Significant"
"ASV223","ALDEx2",NA,NA,NA,NA,NA,NA,"aldex2",0.376991462203413,-2.53895735184948,FALSE,"Bacteria","Proteobacteria","Gammaproteobacteria","Pseudomonadales","Cellvibrionaceae","Aestuariicella",NA,3.1910479778532,3.50802834237538,-3.32217573342263,-7.09802339449852,2.62463953941366,-2.53895735184948,0.000547999460257121,0.0904364269712319,0.376991462203413,0.2,0.45901555986124,NA,NA,FALSE,FALSE,FALSE,TRUE,FALSE,FALSE,1,TRUE,"Aestuariicella","Significant"
"ASV223","DESeq2",139.284979724092,-10.9261087370277,1.65510338553975,-6.60146600658703,4.07111625471109e-11,4.85346052458689e-10,"deseq2",4.85346052458689e-10,-10.9261087370277,TRUE,"Bacteria","Proteobacteria","Gammaproteobacteria","Pseudomonadales","Cellvibrionaceae","Aestuariicella",NA,NA,NA,NA,NA,NA,NA,NA,NA,NA,NA,NA,NA,NA,TRUE,FALSE,FALSE,TRUE,FALSE,FALSE,1,TRUE,"Aestuariicella","Significant"
"ASV2303","ALDEx2",NA,NA,NA,NA,NA,NA,"aldex2",0.836200755653126,-0.717741132254921,FALSE,"Bacteria","Bacteroidota","Bacteroidia","Flavobacteriales","Flavobacteriaceae","Winogradskyella",NA,-1.73490713060731,2.62599164062779,-3.52434123694981,-5.07968552091631,7.00567445651315,-0.717741132254921,0.265626527726068,0.482917897531283,0.836200755653126,0.646874999999999,0.900317555658403,NA,NA,FALSE,FALSE,FALSE,TRUE,FALSE,FALSE,1,TRUE,"Winogradskyella","Significant"
"ASV2303","DESeq2",45.4330845407149,-9.30455509274461,3.17652906369569,-2.92915786576162,0.00339881754067889,0.00431709734844745,"deseq2",0.00431709734844745,-9.30455509274461,TRUE,"Bacteria","Bacteroidota","Bacteroidia","Flavobacteriales","Flavobacteriaceae","Winogradskyella",NA,NA,NA,NA,NA,NA,NA,NA,NA,NA,NA,NA,NA,NA,TRUE,FALSE,FALSE,TRUE,FALSE,FALSE,1,TRUE,"Winogradskyella","Significant"
"ASV236","ALDEx2",NA,NA,NA,NA,NA,NA,"aldex2",0.824332745532227,-0.689088690480676,FALSE,"Bacteria","Bacteroidota","Bacteroidia","Flavobacteriales","Flavobacteriaceae","Aurantivirga",NA,-1.53712236280276,4.01207114259431,-3.2975719577524,-6.02578432862752,7.1799689091231,-0.689088690480676,0.25581555923057,0.447918785490448,0.824332745532227,0.640624999999999,0.908209455778357,NA,NA,FALSE,FALSE,FALSE,TRUE,FALSE,FALSE,1,TRUE,"Aurantivirga","Significant"
"ASV236","DESeq2",147.792808212849,-11.0069432436983,3.28760421708148,-3.3480134824348,0.000813930515819224,0.00119889765167967,"deseq2",0.00119889765167967,-11.0069432436983,TRUE,"Bacteria","Bacteroidota","Bacteroidia","Flavobacteriales","Flavobacteriaceae","Aurantivirga",NA,NA,NA,NA,NA,NA,NA,NA,NA,NA,NA,NA,NA,NA,TRUE,FALSE,FALSE,TRUE,FALSE,FALSE,1,TRUE,"Aurantivirga","Significant"
"ASV24","ALDEx2",NA,NA,NA,NA,NA,NA,"aldex2",0.367891621301592,-2.56320042903188,FALSE,"Bacteria","Proteobacteria","Alphaproteobacteria","Rhodobacterales","Rhodobacteraceae","Pseudophaeobacter",NA,3.83172258729238,4.09474429713371,-3.06200307936187,-8.10523191888464,3.05049197146992,-2.56320042903188,0.000547999460257121,0.0807382378781142,0.367891621301592,0.2,0.45901555986124,NA,NA,FALSE,FALSE,FALSE,TRUE,FALSE,FALSE,1,TRUE,"Pseudophaeobacter","Significant"
"ASV24","DESeq2",429.15439832272,-12.5457790386124,2.06838126131504,-6.06550604245758,1.31538824603483e-09,7.4995231572966e-09,"deseq2",7.4995231572966e-09,-12.5457790386124,TRUE,"Bacteria","Proteobacteria","Alphaproteobacteria","Rhodobacterales","Rhodobacteraceae","Pseudophaeobacter",NA,NA,NA,NA,NA,NA,NA,NA,NA,NA,NA,NA,NA,NA,TRUE,FALSE,FALSE,TRUE,FALSE,FALSE,1,TRUE,"Pseudophaeobacter","Significant"
"ASV248","DESeq2",26.5171641322773,-8.53210171265318,2.8849731934255,-2.95742841981922,0.00310216765855739,0.00412361310710678,"deseq2",0.00412361310710678,-8.53210171265318,TRUE,"Bacteria","Proteobacteria","Gammaproteobacteria","Enterobacterales","Alteromonadaceae","Alteromonas","australica",NA,NA,NA,NA,NA,NA,NA,NA,NA,NA,NA,NA,NA,TRUE,FALSE,FALSE,TRUE,FALSE,FALSE,1,TRUE,"Alteromonas","Significant"
"ASV248","ALDEx2",NA,NA,NA,NA,NA,NA,"aldex2",0.763067318487054,-0.778139132854941,FALSE,"Bacteria","Proteobacteria","Gammaproteobacteria","Enterobacterales","Alteromonadaceae","Alteromonas","australica",-1.53921386366998,1.58600183802864,-3.33319967901206,-3.93154905897314,5.03898462859849,-0.778139132854941,0.187502608145345,0.408939157719742,0.763067318487054,0.5265625,0.813952468076199,NA,NA,FALSE,FALSE,FALSE,TRUE,FALSE,FALSE,1,TRUE,"Alteromonas","Significant"
"ASV256","DESeq2",39.564810512596,-22.6684499210328,4.40917941164233,-5.14119472235068,NA,NA,"deseq2",NA,-22.6684499210328,NA,"Bacteria","Proteobacteria","Alphaproteobacteria","Rhodobacterales","Rhodobacteraceae","Amylibacter",NA,NA,NA,NA,NA,NA,NA,NA,NA,NA,NA,NA,NA,NA,FALSE,FALSE,FALSE,FALSE,FALSE,FALSE,0,FALSE,"Amylibacter","Not Significant"
"ASV256","ALDEx2",NA,NA,NA,NA,NA,NA,"aldex2",0.948778308789074,-0.0912367636675121,FALSE,"Bacteria","Proteobacteria","Alphaproteobacteria","Rhodobacterales","Rhodobacteraceae","Amylibacter",NA,-3.60347499032435,-3.66650858329667,-3.43226650468784,-0.62911481564337,6.78387969806417,-0.0912367636675121,0.460937699897913,0.718753916669917,0.948778308789074,0.7453125,0.962393561604253,NA,NA,FALSE,FALSE,FALSE,FALSE,FALSE,FALSE,0,FALSE,"Amylibacter","Not Significant"
"ASV2656","ALDEx2",NA,NA,NA,NA,NA,NA,"aldex2",0.474416522516546,-1.83393625369997,FALSE,"Bacteria","Bacteroidota","Bacteroidia","Flavobacteriales","Flavobacteriaceae",NA,NA,0.186552286255073,2.09892738964595,-3.16776479582049,-5.1218795144973,2.83865437556578,-1.83393625369997,0.0156646691693825,0.133476854428433,0.474416522516546,0.21875,0.487295407901347,NA,NA,FALSE,FALSE,FALSE,TRUE,FALSE,FALSE,1,TRUE,NA,"Significant"
"ASV2656","DESeq2",40.6443789310436,-9.13523294145098,1.90257454037027,-4.80151118792597,1.5747270915667e-06,2.76847182227048e-06,"deseq2",2.76847182227048e-06,-9.13523294145098,TRUE,"Bacteria","Bacteroidota","Bacteroidia","Flavobacteriales","Flavobacteriaceae",NA,NA,NA,NA,NA,NA,NA,NA,NA,NA,NA,NA,NA,NA,NA,TRUE,FALSE,FALSE,TRUE,FALSE,FALSE,1,TRUE,NA,"Significant"
"ASV27","DESeq2",276.45023894692,-11.9115212822194,2.26074666481957,-5.26884390346763,1.37285643430206e-07,2.87771829497933e-07,"deseq2",2.87771829497933e-07,-11.9115212822194,TRUE,"Bacteria","Proteobacteria","Gammaproteobacteria","Pseudomonadales","Saccharospirillaceae","Oceaniserpentilla",NA,NA,NA,NA,NA,NA,NA,NA,NA,NA,NA,NA,NA,NA,TRUE,FALSE,FALSE,TRUE,FALSE,FALSE,1,TRUE,"Oceaniserpentilla","Significant"
"ASV27","ALDEx2",NA,NA,NA,NA,NA,NA,"aldex2",0.365424502223515,-2.10339958138191,FALSE,"Bacteria","Proteobacteria","Gammaproteobacteria","Pseudomonadales","Saccharospirillaceae","Oceaniserpentilla",NA,2.35391654085452,2.85538882086276,-3.50115461852957,-7.57623682891142,3.8699157177272,-2.10339958138191,0.000547999460257121,0.0759360620986421,0.365424502223515,0.2,0.45901555986124,NA,NA,FALSE,FALSE,FALSE,TRUE,FALSE,FALSE,1,TRUE,"Oceaniserpentilla","Significant"
"ASV3","ALDEx2",NA,NA,NA,NA,NA,NA,"aldex2",0.756187692269829,-1.49238679046667,FALSE,"Bacteria","Proteobacteria","Alphaproteobacteria","SAR11 clade","Clade I","Clade Ia",NA,4.15522210918053,4.48375028734059,1.37925241804,-3.35186479022421,3.16266337949046,-1.49238679046667,0.000547999460257121,0.325089721934105,0.756187692269829,0.2,0.45901555986124,NA,NA,FALSE,FALSE,FALSE,TRUE,FALSE,TRUE,2,TRUE,"Clade Ia","Significant"
"ASV3","DESeq2",200.000285750935,-6.01679389162956,1.5410849942358,-3.9042583077082,9.45147921850181e-05,0.000145100173917845,"deseq2",0.000145100173917845,-6.01679389162956,TRUE,"Bacteria","Proteobacteria","Alphaproteobacteria","SAR11 clade","Clade I","Clade Ia",NA,NA,NA,NA,NA,NA,NA,NA,NA,NA,NA,NA,NA,NA,TRUE,FALSE,FALSE,TRUE,FALSE,TRUE,2,TRUE,"Clade Ia","Significant"
"ASV3","LEfSe",NA,NA,NA,NA,NA,NA,"lefse",0.0832645166635506,-4.10796035968937,TRUE,"Bacteria","Proteobacteria","Alphaproteobacteria","SAR11 clade","Clade I","Clade Ia",NA,NA,NA,NA,NA,NA,NA,NA,NA,NA,NA,NA,"ASV3",-4.10796035968937,FALSE,FALSE,TRUE,TRUE,FALSE,TRUE,2,TRUE,"Clade Ia","Significant"
"ASV30","ALDEx2",NA,NA,NA,NA,NA,NA,"aldex2",0.743773807576855,-0.824095337499529,FALSE,"Bacteria","Proteobacteria","Alphaproteobacteria","SAR11 clade","Clade II",NA,NA,-1.63420301763453,3.23239818452554,-3.29173461315233,-5.32058143011624,6.01409219463188,-0.824095337499529,0.195314964938317,0.362865223045518,0.743773807576855,0.5734375,0.847065307541884,NA,NA,FALSE,FALSE,FALSE,TRUE,FALSE,FALSE,1,TRUE,NA,"Significant"
"ASV30","DESeq2",63.1469839703167,-9.78171748936099,3.08945991527398,-3.16615776142657,0.0015446699352132,0.00221538188076629,"deseq2",0.00221538188076629,-9.78171748936099,TRUE,"Bacteria","Proteobacteria","Alphaproteobacteria","SAR11 clade","Clade II",NA,NA,NA,NA,NA,NA,NA,NA,NA,NA,NA,NA,NA,NA,NA,TRUE,FALSE,FALSE,TRUE,FALSE,FALSE,1,TRUE,NA,"Significant"
"ASV3131","DESeq2",37.4215553207995,-9.02442197721663,3.1417716032655,-2.87239911642107,0.00407368121699038,0.00510380750174656,"deseq2",0.00510380750174656,-9.02442197721663,TRUE,"Bacteria","Bacteroidota","Bacteroidia","Flavobacteriales","Flavobacteriaceae","Tenacibaculum",NA,NA,NA,NA,NA,NA,NA,NA,NA,NA,NA,NA,NA,NA,TRUE,FALSE,FALSE,TRUE,FALSE,FALSE,1,TRUE,"Tenacibaculum","Significant"
"ASV3131","ALDEx2",NA,NA,NA,NA,NA,NA,"aldex2",0.864378910781914,-0.650982677045515,FALSE,"Bacteria","Bacteroidota","Bacteroidia","Flavobacteriales","Flavobacteriaceae","Tenacibaculum",NA,-1.64896613120405,2.42735750898339,-3.34670249534239,-4.51455423258412,6.47902505771261,-0.650982677045515,0.242189286111662,0.533869957337142,0.864378910781914,0.648437499999999,0.908627232554158,NA,NA,FALSE,FALSE,FALSE,TRUE,FALSE,FALSE,1,TRUE,"Tenacibaculum","Significant"
"ASV319","ALDEx2",NA,NA,NA,NA,NA,NA,"aldex2",0.380275806470224,-2.88453093333263,FALSE,"Bacteria","Proteobacteria","Gammaproteobacteria","Pseudomonadales","Saccharospirillaceae","Oleispira",NA,2.94853811516179,3.47542220741885,-3.29374480875724,-7.26296676256069,2.35233342974445,-2.88453093333263,0.000547999460257121,0.0893250151667397,0.380275806470224,0.2,0.45901555986124,NA,NA,FALSE,FALSE,FALSE,TRUE,FALSE,FALSE,1,TRUE,"Oleispira","Significant"
"ASV319","DESeq2",128.66168181987,-10.8110137808871,1.65773181354584,-6.52156982965937,6.95753163161542e-11,6.31975789871734e-10,"deseq2",6.31975789871734e-10,-10.8110137808871,TRUE,"Bacteria","Proteobacteria","Gammaproteobacteria","Pseudomonadales","Saccharospirillaceae","Oleispira",NA,NA,NA,NA,NA,NA,NA,NA,NA,NA,NA,NA,NA,NA,TRUE,FALSE,FALSE,TRUE,FALSE,FALSE,1,TRUE,"Oleispira","Significant"
"ASV34","ALDEx2",NA,NA,NA,NA,NA,NA,"aldex2",0.639048100366975,-1.44109472859917,FALSE,"Bacteria","Proteobacteria","Alphaproteobacteria","SAR11 clade","Clade IV",NA,NA,2.26223687147163,2.54514886338565,-0.423789582597727,-3.13642661783788,2.19557035817938,-1.44109472859917,0.000547999460257121,0.244314711582407,0.639048100366975,0.2,0.45901555986124,NA,NA,FALSE,FALSE,FALSE,TRUE,FALSE,TRUE,2,TRUE,NA,"Significant"
"ASV34","LEfSe",NA,NA,NA,NA,NA,NA,"lefse",0.0832645166635506,-3.55930960968628,TRUE,"Bacteria","Proteobacteria","Alphaproteobacteria","SAR11 clade","Clade IV",NA,NA,NA,NA,NA,NA,NA,NA,NA,NA,NA,NA,NA,"ASV34",-3.55930960968628,FALSE,FALSE,TRUE,TRUE,FALSE,TRUE,2,TRUE,NA,"Significant"
"ASV34","DESeq2",57.3908667443843,-6.37121181443357,1.19671935973114,-5.32389800718606,1.0156686922683e-07,2.21415774914489e-07,"deseq2",2.21415774914489e-07,-6.37121181443357,TRUE,"Bacteria","Proteobacteria","Alphaproteobacteria","SAR11 clade","Clade IV",NA,NA,NA,NA,NA,NA,NA,NA,NA,NA,NA,NA,NA,NA,NA,TRUE,FALSE,FALSE,TRUE,FALSE,TRUE,2,TRUE,NA,"Significant"
"ASV343","DESeq2",54.4016144548196,-23.0972110437086,4.40869738204433,-5.23901031124942,NA,NA,"deseq2",NA,-23.0972110437086,NA,"Bacteria","Proteobacteria","Gammaproteobacteria","Enterobacterales","Colwelliaceae","Colwellia",NA,NA,NA,NA,NA,NA,NA,NA,NA,NA,NA,NA,NA,NA,FALSE,FALSE,FALSE,FALSE,FALSE,FALSE,0,FALSE,"Colwellia","Not Significant"
"ASV343","ALDEx2",NA,NA,NA,NA,NA,NA,"aldex2",0.941179875237475,-0.0103161979629878,FALSE,"Bacteria","Proteobacteria","Gammaproteobacteria","Enterobacterales","Colwelliaceae","Colwellia",NA,-3.41255996930144,-3.70645832792073,-2.99100977993012,-0.0918204552447648,7.35875961253,-0.0103161979629878,0.496124050418246,0.737290986242219,0.941179875237475,0.703125,0.955111928582777,NA,NA,FALSE,FALSE,FALSE,FALSE,FALSE,FALSE,0,FALSE,"Colwellia","Not Significant"
"ASV346","ALDEx2",NA,NA,NA,NA,NA,NA,"aldex2",0.266672019744604,2.26328669171913,FALSE,"Archaea","Crenarchaeota","Nitrososphaeria","Nitrosopumilales","Nitrosopumilaceae","Candidatus Nitrosopumilus",NA,2.28848678271245,0.929177095784423,3.92631652583247,3.01685510818288,1.38425582348574,2.26328669171913,0.000547999460257121,0.0699106148634186,0.266672019744604,0,0,NA,NA,FALSE,FALSE,FALSE,FALSE,FALSE,FALSE,0,FALSE,"Candidatus Nitrosopumilus","Not Significant"
"ASV346","DESeq2",29.9172608545028,-0.689795922022607,1.00746857220773,-0.684682322656491,0.493544406319653,0.512346097988973,"deseq2",0.512346097988973,-0.689795922022607,FALSE,"Archaea","Crenarchaeota","Nitrososphaeria","Nitrosopumilales","Nitrosopumilaceae","Candidatus Nitrosopumilus",NA,NA,NA,NA,NA,NA,NA,NA,NA,NA,NA,NA,NA,NA,FALSE,FALSE,FALSE,FALSE,FALSE,FALSE,0,FALSE,"Candidatus Nitrosopumilus","Not Significant"
"ASV347","ALDEx2",NA,NA,NA,NA,NA,NA,"aldex2",0.810105206009086,-0.690425811648502,FALSE,"Bacteria","Proteobacteria","Gammaproteobacteria","Enterobacterales","Alteromonadaceae","Alteromonas","genovensis",-1.49713668545719,0.431687943697589,-3.03213752598631,-4.27884835393231,5.02462100010725,-0.690425811648502,0.217056347854834,0.450483033938421,0.810105206009086,0.55,0.826100849689592,NA,NA,FALSE,FALSE,FALSE,TRUE,FALSE,FALSE,1,TRUE,"Alteromonas","Significant"
"ASV347","DESeq2",39.9297821096881,-9.12220583313773,3.10128378952162,-2.94142892177721,0.00326701810044771,0.00428868553908231,"deseq2",0.00428868553908231,-9.12220583313773,TRUE,"Bacteria","Proteobacteria","Gammaproteobacteria","Enterobacterales","Alteromonadaceae","Alteromonas","genovensis",NA,NA,NA,NA,NA,NA,NA,NA,NA,NA,NA,NA,NA,TRUE,FALSE,FALSE,TRUE,FALSE,FALSE,1,TRUE,"Alteromonas","Significant"
"ASV35","ALDEx2",NA,NA,NA,NA,NA,NA,"aldex2",0.0976402573195767,4.46719511336919,TRUE,"Bacteria","Bacteroidota","Bacteroidia","Flavobacteriales","Crocinitomicaceae","Fluviicola",NA,-3.45155702907846,-5.540129524712,6.0202741810803,11.8847199687041,2.68909239970115,4.46719511336919,0.000547999460257121,0.0142351903137054,0.0976402573195767,0,0,NA,NA,FALSE,TRUE,FALSE,TRUE,TRUE,FALSE,2,TRUE,"Fluviicola","Significant"
"ASV35","DESeq2",36.5299921343677,8.53956232622676,1.49173798295833,5.72457256152423,1.0369448145268e-08,2.82567461958552e-08,"deseq2",2.82567461958552e-08,8.53956232622676,TRUE,"Bacteria","Bacteroidota","Bacteroidia","Flavobacteriales","Crocinitomicaceae","Fluviicola",NA,NA,NA,NA,NA,NA,NA,NA,NA,NA,NA,NA,NA,NA,TRUE,FALSE,FALSE,TRUE,TRUE,FALSE,2,TRUE,"Fluviicola","Significant"
"ASV354","DESeq2",50.7092743638584,0.186770655635577,1.67616475518162,0.11142738508145,0.911277445121177,0.91971519924267,"deseq2",0.91971519924267,0.186770655635577,FALSE,"Bacteria","Bacteroidota","Bacteroidia","Flavobacteriales","Flavobacteriaceae","Winogradskyella",NA,NA,NA,NA,NA,NA,NA,NA,NA,NA,NA,NA,NA,NA,FALSE,FALSE,FALSE,FALSE,FALSE,TRUE,1,TRUE,"Winogradskyella","Significant"
"ASV354","LEfSe",NA,NA,NA,NA,NA,NA,"lefse",0.0832645166635506,3.85242407959047,TRUE,"Bacteria","Bacteroidota","Bacteroidia","Flavobacteriales","Flavobacteriaceae","Winogradskyella",NA,NA,NA,NA,NA,NA,NA,NA,NA,NA,NA,NA,"ASV354",3.85242407959047,FALSE,FALSE,TRUE,FALSE,FALSE,TRUE,1,TRUE,"Winogradskyella","Significant"
"ASV354","ALDEx2",NA,NA,NA,NA,NA,NA,"aldex2",0.426458618920853,2.17235740819048,FALSE,"Bacteria","Bacteroidota","Bacteroidia","Flavobacteriales","Flavobacteriaceae","Winogradskyella",NA,2.5087309950828,1.70728132154277,5.29692347222552,3.67041292876704,1.77769497313648,2.17235740819048,0.000547999460257121,0.131573410149753,0.426458618920853,0,0,NA,NA,FALSE,FALSE,FALSE,FALSE,FALSE,TRUE,1,TRUE,"Winogradskyella","Significant"
"ASV37","ALDEx2",NA,NA,NA,NA,NA,NA,"aldex2",0.483687445636438,-2.25683209877557,FALSE,"Bacteria","Cyanobacteria","Cyanobacteriia","Synechococcales","Cyanobiaceae","Synechococcus CC9902",NA,2.00620222882589,2.33928149542279,-3.38784370714037,-5.61490603216701,2.46497990803175,-2.25683209877557,0.000547999460257121,0.148728352371476,0.483687445636438,0.2,0.45901555986124,NA,NA,FALSE,FALSE,FALSE,TRUE,FALSE,FALSE,1,TRUE,"Synechococcus CC9902","Significant"
"ASV37","DESeq2",46.4427319538723,-9.33022408061549,1.5478262166519,-6.0279532548542,1.66049057876796e-09,8.30996790266946e-09,"deseq2",8.30996790266946e-09,-9.33022408061549,TRUE,"Bacteria","Cyanobacteria","Cyanobacteriia","Synechococcales","Cyanobiaceae","Synechococcus CC9902",NA,NA,NA,NA,NA,NA,NA,NA,NA,NA,NA,NA,NA,NA,TRUE,FALSE,FALSE,TRUE,FALSE,FALSE,1,TRUE,"Synechococcus CC9902","Significant"
"ASV383","ALDEx2",NA,NA,NA,NA,NA,NA,"aldex2",0.393006978595409,-2.56361658811209,FALSE,"Bacteria","Proteobacteria","Gammaproteobacteria","Pseudomonadales","Saccharospirillaceae","Oleispira",NA,3.09001299604619,3.54008603146147,-3.07834240537401,-6.79959812391083,2.47048128766563,-2.56361658811209,0.000547999460257121,0.10397250806583,0.393006978595409,0.2,0.45901555986124,NA,NA,FALSE,FALSE,FALSE,TRUE,FALSE,FALSE,1,TRUE,"Oleispira","Significant"
"ASV383","DESeq2",124.931223227109,-10.7583803906122,1.6001210057372,-6.72347925690512,1.77435753849096e-11,2.76292816707878e-10,"deseq2",2.76292816707878e-10,-10.7583803906122,TRUE,"Bacteria","Proteobacteria","Gammaproteobacteria","Pseudomonadales","Saccharospirillaceae","Oleispira",NA,NA,NA,NA,NA,NA,NA,NA,NA,NA,NA,NA,NA,NA,TRUE,FALSE,FALSE,TRUE,FALSE,FALSE,1,TRUE,"Oleispira","Significant"
"ASV39","DESeq2",39.5897257756639,-9.0975653930699,1.56216968918691,-5.82367296974318,5.75681735939985e-09,1.7928374062131e-08,"deseq2",1.7928374062131e-08,-9.0975653930699,TRUE,"Bacteria","Actinobacteriota","Acidimicrobiia","Actinomarinales","Actinomarinaceae","Candidatus Actinomarina",NA,NA,NA,NA,NA,NA,NA,NA,NA,NA,NA,NA,NA,NA,TRUE,FALSE,FALSE,TRUE,FALSE,FALSE,1,TRUE,"Candidatus Actinomarina","Significant"
"ASV39","ALDEx2",NA,NA,NA,NA,NA,NA,"aldex2",0.463708260239098,-2.18341867700166,FALSE,"Bacteria","Actinobacteriota","Acidimicrobiia","Actinomarinales","Actinomarinaceae","Candidatus Actinomarina",NA,1.6751577269679,2.1697801175249,-3.41636697683361,-5.51118103802612,2.59131726023972,-2.18341867700166,0.000547999460257121,0.141298843026518,0.463708260239098,0.2,0.45901555986124,NA,NA,FALSE,FALSE,FALSE,TRUE,FALSE,FALSE,1,TRUE,"Candidatus Actinomarina","Significant"
"ASV4","ALDEx2",NA,NA,NA,NA,NA,NA,"aldex2",0.480064789376444,-1.7477717255865,FALSE,"Bacteria","Cyanobacteria","Cyanobacteriia","Synechococcales","Cyanobiaceae","Synechococcus CC9902",NA,3.98410368226554,4.72370142429675,3.37793428294426,-1.29585122920752,0.756638042336805,-1.7477717255865,0.0468878823465655,0.117413502385901,0.480064789376444,0.253125,0.533704098375313,NA,NA,FALSE,FALSE,FALSE,TRUE,FALSE,TRUE,2,TRUE,"Synechococcus CC9902","Significant"
"ASV4","LEfSe",NA,NA,NA,NA,NA,NA,"lefse",0.0832645166635506,-4.06488655136105,TRUE,"Bacteria","Cyanobacteria","Cyanobacteriia","Synechococcales","Cyanobiaceae","Synechococcus CC9902",NA,NA,NA,NA,NA,NA,NA,NA,NA,NA,NA,NA,"ASV4",-4.06488655136105,FALSE,FALSE,TRUE,TRUE,FALSE,TRUE,2,TRUE,"Synechococcus CC9902","Significant"
"ASV4","DESeq2",228.30928056834,-4.69567721245233,0.611354686767663,-7.68077404833384,1.58130176999547e-14,1.44422401881511e-12,"deseq2",1.44422401881511e-12,-4.69567721245233,TRUE,"Bacteria","Cyanobacteria","Cyanobacteriia","Synechococcales","Cyanobiaceae","Synechococcus CC9902",NA,NA,NA,NA,NA,NA,NA,NA,NA,NA,NA,NA,NA,NA,TRUE,FALSE,FALSE,TRUE,FALSE,TRUE,2,TRUE,"Synechococcus CC9902","Significant"
"ASV42","ALDEx2",NA,NA,NA,NA,NA,NA,"aldex2",0.512654608931455,-1.57747658837436,FALSE,"Bacteria","Proteobacteria","Gammaproteobacteria","Pseudomonadales","Marinomonadaceae","Marinomonas",NA,0.496908641287521,1.0286500953412,-3.30329460684737,-4.99152829469381,2.81176057086972,-1.57747658837436,0.00789046640005469,0.161862915992279,0.512654608931455,0.2171875,0.481662451301917,NA,NA,FALSE,FALSE,FALSE,TRUE,FALSE,FALSE,1,TRUE,"Marinomonas","Significant"
"ASV42","DESeq2",30.8637315201791,-8.76055663361305,1.87437120451874,-4.67386428712365,2.95584692134907e-06,4.95672791426229e-06,"deseq2",4.95672791426229e-06,-8.76055663361305,TRUE,"Bacteria","Proteobacteria","Gammaproteobacteria","Pseudomonadales","Marinomonadaceae","Marinomonas",NA,NA,NA,NA,NA,NA,NA,NA,NA,NA,NA,NA,NA,NA,TRUE,FALSE,FALSE,TRUE,FALSE,FALSE,1,TRUE,"Marinomonas","Significant"
"ASV424","DESeq2",21.6968315714236,-21.8522693160837,4.41063224455387,-4.95445280958673,7.25341167878706e-07,1.31871259050909e-06,"deseq2",1.31871259050909e-06,-21.8522693160837,TRUE,"Bacteria","Proteobacteria","Alphaproteobacteria","Rhodobacterales","Rhodobacteraceae","Pseudophaeobacter","arcticus",NA,NA,NA,NA,NA,NA,NA,NA,NA,NA,NA,NA,NA,TRUE,FALSE,FALSE,TRUE,FALSE,FALSE,1,TRUE,"Pseudophaeobacter","Significant"
"ASV424","ALDEx2",NA,NA,NA,NA,NA,NA,"aldex2",0.941301981173661,-0.187729699771486,FALSE,"Bacteria","Proteobacteria","Alphaproteobacteria","Rhodobacterales","Rhodobacteraceae","Pseudophaeobacter","arcticus",-3.3613211450027,-3.65488132968108,-3.1441490896868,-1.4724724242477,6.48312068127104,-0.187729699771486,0.434108862921588,0.742710058234005,0.941301981173661,0.75,0.957539702687345,NA,NA,FALSE,FALSE,FALSE,TRUE,FALSE,FALSE,1,TRUE,"Pseudophaeobacter","Significant"
"ASV441","DESeq2",48.4370988067946,2.0876520544445,2.719434540328,0.767678730076253,0.44267807571679,0.463960675510866,"deseq2",0.463960675510866,2.0876520544445,FALSE,"Bacteria","Bacteroidota","Bacteroidia","Flavobacteriales","Flavobacteriaceae","Winogradskyella",NA,NA,NA,NA,NA,NA,NA,NA,NA,NA,NA,NA,NA,NA,FALSE,FALSE,FALSE,FALSE,FALSE,TRUE,1,TRUE,"Winogradskyella","Significant"
"ASV441","ALDEx2",NA,NA,NA,NA,NA,NA,"aldex2",0.318561389455564,1.90145757017789,FALSE,"Bacteria","Bacteroidota","Bacteroidia","Flavobacteriales","Flavobacteriaceae","Winogradskyella",NA,2.3338687313875,-4.49174260911908,6.08274194772721,10.5613150871347,5.82112539318948,1.90145757017789,0.000547999460257121,0.0889428511577069,0.318561389455564,0,0,NA,NA,FALSE,FALSE,FALSE,FALSE,FALSE,TRUE,1,TRUE,"Winogradskyella","Significant"
"ASV441","LEfSe",NA,NA,NA,NA,NA,NA,"lefse",0.0832645166635506,4.15940625856157,TRUE,"Bacteria","Bacteroidota","Bacteroidia","Flavobacteriales","Flavobacteriaceae","Winogradskyella",NA,NA,NA,NA,NA,NA,NA,NA,NA,NA,NA,NA,"ASV441",4.15940625856157,FALSE,FALSE,TRUE,FALSE,FALSE,TRUE,1,TRUE,"Winogradskyella","Significant"
"ASV442","DESeq2",84.6240795203628,-10.2065529549407,2.06013865445861,-4.95430389253238,7.25896838812344e-07,1.31871259050909e-06,"deseq2",1.31871259050909e-06,-10.2065529549407,TRUE,"Bacteria","Proteobacteria","Gammaproteobacteria","Enterobacterales","Colwelliaceae","Colwellia","meonggei",NA,NA,NA,NA,NA,NA,NA,NA,NA,NA,NA,NA,NA,TRUE,FALSE,FALSE,TRUE,FALSE,FALSE,1,TRUE,"Colwellia","Significant"
"ASV442","ALDEx2",NA,NA,NA,NA,NA,NA,"aldex2",0.453249835386477,-2.00550057372326,FALSE,"Bacteria","Proteobacteria","Gammaproteobacteria","Enterobacterales","Colwelliaceae","Colwellia","meonggei",0.361556186351391,3.08303592075628,-3.36015173111377,-6.2233596198554,3.26789128751923,-2.00550057372326,0.00789046640005469,0.113102376715795,0.453249835386477,0.215625,0.478017168338286,NA,NA,FALSE,FALSE,FALSE,TRUE,FALSE,FALSE,1,TRUE,"Colwellia","Significant"
"ASV45","ALDEx2",NA,NA,NA,NA,NA,NA,"aldex2",0.427647598747658,-2.36368680059055,FALSE,"Bacteria","Proteobacteria","Alphaproteobacteria","SAR11 clade","Clade I","Clade Ib",NA,1.96136326184582,2.49830559890943,-3.12375521939447,-5.61212282912823,2.33944348631145,-2.36368680059055,0.000547999460257121,0.112366541603908,0.427647598747658,0.2,0.45901555986124,NA,NA,FALSE,FALSE,FALSE,TRUE,FALSE,FALSE,1,TRUE,"Clade Ib","Significant"
"ASV45","DESeq2",55.3073473964607,-9.57726959970738,1.58923738680046,-6.02633041435607,1.67724122806173e-09,8.30996790266946e-09,"deseq2",8.30996790266946e-09,-9.57726959970738,TRUE,"Bacteria","Proteobacteria","Alphaproteobacteria","SAR11 clade","Clade I","Clade Ib",NA,NA,NA,NA,NA,NA,NA,NA,NA,NA,NA,NA,NA,NA,TRUE,FALSE,FALSE,TRUE,FALSE,FALSE,1,TRUE,"Clade Ib","Significant"
"ASV457","ALDEx2",NA,NA,NA,NA,NA,NA,"aldex2",0.108184494123801,4.25167068846942,TRUE,"Bacteria","Proteobacteria","Gammaproteobacteria","Enterobacterales","Vibrionaceae","Vibrio",NA,-3.34599252724443,-5.56971194220264,6.18646001895249,11.6775663535972,2.98774700511858,4.25167068846942,0.000547999460257121,0.0185743265151198,0.108184494123801,0,0,NA,NA,FALSE,TRUE,FALSE,TRUE,TRUE,FALSE,2,TRUE,"Vibrio","Significant"
"ASV457","DESeq2",41.1270361448062,8.71081593147225,1.45486234787462,5.9873815170196,2.13246177332412e-09,9.67625020682517e-09,"deseq2",9.67625020682517e-09,8.71081593147225,TRUE,"Bacteria","Proteobacteria","Gammaproteobacteria","Enterobacterales","Vibrionaceae","Vibrio",NA,NA,NA,NA,NA,NA,NA,NA,NA,NA,NA,NA,NA,NA,TRUE,FALSE,FALSE,TRUE,TRUE,FALSE,2,TRUE,"Vibrio","Significant"
"ASV47","ALDEx2",NA,NA,NA,NA,NA,NA,"aldex2",0.777496627201176,-0.794732464477715,FALSE,"Bacteria","Proteobacteria","Alphaproteobacteria","SAR11 clade","Clade I","Clade Ib",NA,-1.42779324558676,2.36630069453505,-3.40220101004281,-4.45680984080043,5.10426541002365,-0.794732464477715,0.218752092515224,0.39178267170872,0.777496627201176,0.546874999999999,0.825595822745451,NA,NA,FALSE,FALSE,FALSE,TRUE,FALSE,FALSE,1,TRUE,"Clade Ib","Significant"
"ASV47","DESeq2",35.476653905403,-8.9514065890962,2.89637899959723,-3.09055085344183,0.00199785590078823,0.00275653535678376,"deseq2",0.00275653535678376,-8.9514065890962,TRUE,"Bacteria","Proteobacteria","Alphaproteobacteria","SAR11 clade","Clade I","Clade Ib",NA,NA,NA,NA,NA,NA,NA,NA,NA,NA,NA,NA,NA,NA,TRUE,FALSE,FALSE,TRUE,FALSE,FALSE,1,TRUE,"Clade Ib","Significant"
"ASV479","ALDEx2",NA,NA,NA,NA,NA,NA,"aldex2",0.445356789711668,-2.3175888897044,FALSE,"Bacteria","Proteobacteria","Gammaproteobacteria","Enterobacterales","Colwelliaceae","Thalassotalea",NA,1.72897926599975,2.89649591799859,-3.19933759971513,-5.83643714598227,2.4905411047463,-2.3175888897044,0.000547999460257121,0.123838459359754,0.445356789711668,0.2,0.45901555986124,NA,NA,FALSE,FALSE,FALSE,TRUE,FALSE,FALSE,1,TRUE,"Thalassotalea","Significant"
"ASV479","DESeq2",59.5097799513607,-9.70282817354236,1.69115971827711,-5.73738131808583,9.61516119919181e-09,2.68731428387669e-08,"deseq2",2.68731428387669e-08,-9.70282817354236,TRUE,"Bacteria","Proteobacteria","Gammaproteobacteria","Enterobacterales","Colwelliaceae","Thalassotalea",NA,NA,NA,NA,NA,NA,NA,NA,NA,NA,NA,NA,NA,NA,TRUE,FALSE,FALSE,TRUE,FALSE,FALSE,1,TRUE,"Thalassotalea","Significant"
"ASV49","DESeq2",440.390211160552,-12.5829497464102,2.10386182833533,-5.98088219337408,2.21932344193238e-09,9.67625020682517e-09,"deseq2",9.67625020682517e-09,-12.5829497464102,TRUE,"Bacteria","Proteobacteria","Gammaproteobacteria","Enterobacterales","Colwelliaceae","Colwellia",NA,NA,NA,NA,NA,NA,NA,NA,NA,NA,NA,NA,NA,NA,TRUE,FALSE,FALSE,TRUE,FALSE,FALSE,1,TRUE,"Colwellia","Significant"
"ASV49","ALDEx2",NA,NA,NA,NA,NA,NA,"aldex2",0.362369542786885,-2.65510373004906,FALSE,"Bacteria","Proteobacteria","Gammaproteobacteria","Enterobacterales","Colwelliaceae","Colwellia",NA,3.38732395526632,4.45527098942606,-3.15287364439269,-8.03876986996024,3.48942658351547,-2.65510373004906,0.000547999460257121,0.0755859746662404,0.362369542786885,0.2,0.45901555986124,NA,NA,FALSE,FALSE,FALSE,TRUE,FALSE,FALSE,1,TRUE,"Colwellia","Significant"
"ASV495","LEfSe",NA,NA,NA,NA,NA,NA,"lefse",0.0832645166635506,3.95061070376259,TRUE,"Bacteria","Proteobacteria","Gammaproteobacteria","Pseudomonadales","Oleiphilaceae","Oleiphilus",NA,NA,NA,NA,NA,NA,NA,NA,NA,NA,NA,NA,"ASV495",3.95061070376259,FALSE,FALSE,TRUE,FALSE,FALSE,TRUE,1,TRUE,"Oleiphilus","Significant"
"ASV495","DESeq2",28.7124124296591,2.92316517623372,2.23687381028069,1.30680826195864,0.191277838504428,0.210598832292755,"deseq2",0.210598832292755,2.92316517623372,FALSE,"Bacteria","Proteobacteria","Gammaproteobacteria","Pseudomonadales","Oleiphilaceae","Oleiphilus",NA,NA,NA,NA,NA,NA,NA,NA,NA,NA,NA,NA,NA,NA,FALSE,FALSE,FALSE,FALSE,FALSE,TRUE,1,TRUE,"Oleiphilus","Significant"
"ASV495","ALDEx2",NA,NA,NA,NA,NA,NA,"aldex2",0.256490105350201,2.20999845437001,FALSE,"Bacteria","Proteobacteria","Gammaproteobacteria","Pseudomonadales","Oleiphilaceae","Oleiphilus",NA,0.77641454254181,-3.7142519457242,5.38185358013198,9.11908360809161,4.28435034165948,2.20999845437001,0.000547999460257121,0.066310927134633,0.256490105350201,0,0,NA,NA,FALSE,FALSE,FALSE,FALSE,FALSE,TRUE,1,TRUE,"Oleiphilus","Significant"
"ASV5","LEfSe",NA,NA,NA,NA,NA,NA,"lefse",0.0832645166635506,-4.09111117786712,TRUE,"Bacteria","Proteobacteria","Alphaproteobacteria","SAR11 clade","Clade II",NA,NA,NA,NA,NA,NA,NA,NA,NA,NA,NA,NA,NA,"ASV5",-4.09111117786712,FALSE,FALSE,TRUE,TRUE,FALSE,TRUE,2,TRUE,NA,"Significant"
"ASV5","DESeq2",204.474142258219,-5.14604336609534,1.66977119582037,-3.08188533792922,0.00205694053807785,0.00280258148313106,"deseq2",0.00280258148313106,-5.14604336609534,TRUE,"Bacteria","Proteobacteria","Alphaproteobacteria","SAR11 clade","Clade II",NA,NA,NA,NA,NA,NA,NA,NA,NA,NA,NA,NA,NA,NA,NA,TRUE,FALSE,FALSE,TRUE,FALSE,TRUE,2,TRUE,NA,"Significant"
"ASV5","ALDEx2",NA,NA,NA,NA,NA,NA,"aldex2",0.830089144238251,-1.36441291105557,FALSE,"Bacteria","Proteobacteria","Alphaproteobacteria","SAR11 clade","Clade II",NA,NA,4.28537324365166,4.51563584789605,1.45362500587424,-3.40419341635585,4.0077541144553,-1.36441291105557,0.000547999460257121,0.395234142186875,0.830089144238251,0.2,0.45901555986124,NA,NA,FALSE,FALSE,FALSE,TRUE,FALSE,TRUE,2,TRUE,NA,"Significant"
"ASV50","DESeq2",94.7112649008964,-3.07852394390543,1.34155512561183,-2.29474278405178,0.0217478693447546,0.0260496456986622,"deseq2",0.0260496456986622,-3.07852394390543,TRUE,"Bacteria","Proteobacteria","Alphaproteobacteria","Rhodobacterales","Rhodobacteraceae","Pseudophaeobacter",NA,NA,NA,NA,NA,NA,NA,NA,NA,NA,NA,NA,NA,NA,TRUE,FALSE,FALSE,TRUE,FALSE,FALSE,1,TRUE,"Pseudophaeobacter","Significant"
"ASV50","ALDEx2",NA,NA,NA,NA,NA,NA,"aldex2",0.960258646421668,0.759882408998233,FALSE,"Bacteria","Proteobacteria","Alphaproteobacteria","Rhodobacterales","Rhodobacteraceae","Pseudophaeobacter",NA,3.42698653024462,1.50237086727365,3.64116421233245,2.15545613299017,1.23006389130335,0.759882408998233,0.310078630782153,0.411575954883111,0.960258646421668,0.398437499999999,0.992923155000514,NA,NA,FALSE,FALSE,FALSE,TRUE,FALSE,FALSE,1,TRUE,"Pseudophaeobacter","Significant"
"ASV506","ALDEx2",NA,NA,NA,NA,NA,NA,"aldex2",0.83362616645507,-0.678374401905464,FALSE,"Bacteria","Bacteroidota","Bacteroidia","Flavobacteriales","Flavobacteriaceae","Aurantivirga",NA,-1.7291586973127,2.96449256627026,-3.34055032225251,-5.1555617157488,7.33513185571639,-0.678374401905464,0.234376882168507,0.4625264007444,0.83362616645507,0.637499999999999,0.899237576064514,NA,NA,FALSE,FALSE,FALSE,TRUE,FALSE,FALSE,1,TRUE,"Aurantivirga","Significant"
"ASV506","DESeq2",54.4241749078657,-9.56519879572897,3.25585756776035,-2.93784313246501,0.00330504206681573,0.00428868553908231,"deseq2",0.00428868553908231,-9.56519879572897,TRUE,"Bacteria","Bacteroidota","Bacteroidia","Flavobacteriales","Flavobacteriaceae","Aurantivirga",NA,NA,NA,NA,NA,NA,NA,NA,NA,NA,NA,NA,NA,NA,TRUE,FALSE,FALSE,TRUE,FALSE,FALSE,1,TRUE,"Aurantivirga","Significant"
"ASV51","ALDEx2",NA,NA,NA,NA,NA,NA,"aldex2",0.503792830223754,-2.22178633557918,FALSE,"Bacteria","Proteobacteria","Alphaproteobacteria","SAR11 clade","Clade I","Clade Ib",NA,2.01796155661744,2.26069332029161,-2.96979199595339,-5.17429581655966,2.4002889776354,-2.22178633557918,0.000547999460257121,0.154784388281989,0.503792830223754,0.2,0.45901555986124,NA,NA,FALSE,FALSE,FALSE,TRUE,FALSE,FALSE,1,TRUE,"Clade Ib","Significant"
"ASV51","DESeq2",42.2561598689262,-9.20641292485728,1.5196475819772,-6.05825523894094,1.37605929491681e-09,7.4995231572966e-09,"deseq2",7.4995231572966e-09,-9.20641292485728,TRUE,"Bacteria","Proteobacteria","Alphaproteobacteria","SAR11 clade","Clade I","Clade Ib",NA,NA,NA,NA,NA,NA,NA,NA,NA,NA,NA,NA,NA,NA,TRUE,FALSE,FALSE,TRUE,FALSE,FALSE,1,TRUE,"Clade Ib","Significant"
"ASV523","ALDEx2",NA,NA,NA,NA,NA,NA,"aldex2",0.40802585044594,-2.05788467658533,FALSE,"Bacteria","Proteobacteria","Gammaproteobacteria","Enterobacterales","Colwelliaceae","Colwellia","aquaemaris",1.71795678658472,2.10426538956556,-3.19232520560064,-5.91216673463212,2.69345917274275,-2.05788467658533,0.000547999460257121,0.10379671360886,0.40802585044594,0.2,0.45901555986124,NA,NA,FALSE,FALSE,FALSE,TRUE,FALSE,FALSE,1,TRUE,"Colwellia","Significant"
"ASV523","DESeq2",64.0981743017499,-9.80845485574231,1.81896492177115,-5.39232765752938,6.95507952147473e-08,1.61298652732073e-07,"deseq2",1.61298652732073e-07,-9.80845485574231,TRUE,"Bacteria","Proteobacteria","Gammaproteobacteria","Enterobacterales","Colwelliaceae","Colwellia","aquaemaris",NA,NA,NA,NA,NA,NA,NA,NA,NA,NA,NA,NA,NA,TRUE,FALSE,FALSE,TRUE,FALSE,FALSE,1,TRUE,"Colwellia","Significant"
"ASV53","ALDEx2",NA,NA,NA,NA,NA,NA,"aldex2",0.405101303355453,-1.91568323483531,FALSE,"Bacteria","Proteobacteria","Gammaproteobacteria","Enterobacterales","Colwelliaceae","Colwellia",NA,2.25446471073544,3.23793674076164,-3.0385806239462,-7.70181433358807,4.34235383026777,-1.91568323483531,0.000547999460257121,0.0888174800340988,0.405101303355453,0.2,0.45901555986124,NA,NA,FALSE,FALSE,FALSE,TRUE,FALSE,FALSE,1,TRUE,"Colwellia","Significant"
"ASV53","DESeq2",396.049961877686,-12.4297801568839,2.39249122013272,-5.19532947594029,2.04357583168354e-07,4.04999573915465e-07,"deseq2",4.04999573915465e-07,-12.4297801568839,TRUE,"Bacteria","Proteobacteria","Gammaproteobacteria","Enterobacterales","Colwelliaceae","Colwellia",NA,NA,NA,NA,NA,NA,NA,NA,NA,NA,NA,NA,NA,NA,TRUE,FALSE,FALSE,TRUE,FALSE,FALSE,1,TRUE,"Colwellia","Significant"
"ASV537","ALDEx2",NA,NA,NA,NA,NA,NA,"aldex2",0.0963443196631561,4.81765019903859,TRUE,"Bacteria","Proteobacteria","Alphaproteobacteria","Rhodobacterales","Rhodobacteraceae","Ruegeria",NA,-3.4673981506166,-5.52988484848254,6.80271531736936,12.0371644102457,2.64030354657013,4.81765019903859,0.000547999460257121,0.0148213160230214,0.0963443196631561,0,0,NA,NA,FALSE,TRUE,FALSE,TRUE,TRUE,FALSE,2,TRUE,"Ruegeria","Significant"
"ASV537","DESeq2",57.5353737016749,9.19764128009832,1.37968017212803,6.66650247347674,2.61971275758616e-11,3.56935863221114e-10,"deseq2",3.56935863221114e-10,9.19764128009832,TRUE,"Bacteria","Proteobacteria","Alphaproteobacteria","Rhodobacterales","Rhodobacteraceae","Ruegeria",NA,NA,NA,NA,NA,NA,NA,NA,NA,NA,NA,NA,NA,NA,TRUE,FALSE,FALSE,TRUE,TRUE,FALSE,2,TRUE,"Ruegeria","Significant"
"ASV543","DESeq2",41.8941889647673,-9.17464685734288,1.71102364156221,-5.36208070682541,8.22687656602784e-08,1.86818655353549e-07,"deseq2",1.86818655353549e-07,-9.17464685734288,TRUE,"Bacteria","Bacteroidota","Bacteroidia","Flavobacteriales","Flavobacteriaceae","Dokdonia","lutea",NA,NA,NA,NA,NA,NA,NA,NA,NA,NA,NA,NA,NA,TRUE,FALSE,FALSE,TRUE,FALSE,FALSE,1,TRUE,"Dokdonia","Significant"
"ASV543","ALDEx2",NA,NA,NA,NA,NA,NA,"aldex2",0.46583606799379,-1.99842103099511,FALSE,"Bacteria","Bacteroidota","Bacteroidia","Flavobacteriales","Flavobacteriaceae","Dokdonia","lutea",1.12586105219665,1.92185702547647,-3.12903137195662,-5.0120693243143,2.58446384687505,-1.99842103099511,0.00782930484115282,0.132157145996669,0.46583606799379,0.2,0.45901555986124,NA,NA,FALSE,FALSE,FALSE,TRUE,FALSE,FALSE,1,TRUE,"Dokdonia","Significant"
"ASV56","DESeq2",73.3158506871885,-9.99101619905698,2.02177855550063,-4.94169659277201,7.74456710722554e-07,1.38386526997965e-06,"deseq2",1.38386526997965e-06,-9.99101619905698,TRUE,"Archaea","Crenarchaeota","Nitrososphaeria","Nitrosopumilales","Nitrosopumilaceae","Candidatus Nitrosopelagicus",NA,NA,NA,NA,NA,NA,NA,NA,NA,NA,NA,NA,NA,NA,TRUE,FALSE,FALSE,TRUE,FALSE,FALSE,1,TRUE,"Candidatus Nitrosopelagicus","Significant"
"ASV56","ALDEx2",NA,NA,NA,NA,NA,NA,"aldex2",0.433736517445991,-1.82250625366608,FALSE,"Archaea","Crenarchaeota","Nitrososphaeria","Nitrosopumilales","Nitrosopumilaceae","Candidatus Nitrosopelagicus",NA,0.514898088891068,2.78422478797779,-3.33253065984299,-6.03744280892313,3.42182027984384,-1.82250625366608,0.000547999460257121,0.111607843245303,0.433736517445991,0.203125,0.464578746674427,NA,NA,FALSE,FALSE,FALSE,TRUE,FALSE,FALSE,1,TRUE,"Candidatus Nitrosopelagicus","Significant"
"ASV566","ALDEx2",NA,NA,NA,NA,NA,NA,"aldex2",0.779145226695061,-1.04900250279346,FALSE,"Bacteria","Proteobacteria","Gammaproteobacteria","Enterobacterales","Shewanellaceae","Psychrobium",NA,1.69264673498155,2.03847858350323,-0.360376600174627,-2.30044407873505,2.57579146335238,-1.04900250279346,0.0387751645274906,0.358612519937047,0.779145226695061,0.2453125,0.526498251731995,NA,NA,FALSE,FALSE,FALSE,TRUE,FALSE,FALSE,1,TRUE,"Psychrobium","Significant"
"ASV566","DESeq2",36.6878155790396,-5.18806878766471,1.27257059282378,-4.07684164393002,4.565156046841e-05,7.21162332037201e-05,"deseq2",7.21162332037201e-05,-5.18806878766471,TRUE,"Bacteria","Proteobacteria","Gammaproteobacteria","Enterobacterales","Shewanellaceae","Psychrobium",NA,NA,NA,NA,NA,NA,NA,NA,NA,NA,NA,NA,NA,NA,TRUE,FALSE,FALSE,TRUE,FALSE,FALSE,1,TRUE,"Psychrobium","Significant"
"ASV578","DESeq2",77.8830409219666,9.6333686948781,1.4712429498769,6.54777560407964,5.84003798499017e-11,5.78694673058117e-10,"deseq2",5.78694673058117e-10,9.6333686948781,TRUE,"Bacteria","Bacteroidota","Bacteroidia","Flavobacteriales","Flavobacteriaceae","Actibacter",NA,NA,NA,NA,NA,NA,NA,NA,NA,NA,NA,NA,NA,NA,TRUE,FALSE,FALSE,TRUE,TRUE,FALSE,2,TRUE,"Actibacter","Significant"
"ASV578","ALDEx2",NA,NA,NA,NA,NA,NA,"aldex2",0.0951921930305454,5.10657594475642,TRUE,"Bacteria","Bacteroidota","Bacteroidia","Flavobacteriales","Flavobacteriaceae","Actibacter",NA,-3.18093041612889,-5.51100691852335,7.13481283735179,12.5487351444265,2.55310353873776,5.10657594475642,0.000547999460257121,0.0157280573172619,0.0951921930305454,0,0,NA,NA,FALSE,TRUE,FALSE,TRUE,TRUE,FALSE,2,TRUE,"Actibacter","Significant"
"ASV579","ALDEx2",NA,NA,NA,NA,NA,NA,"aldex2",0.924612262918218,0.756991750670277,FALSE,"Bacteria","Proteobacteria","Gammaproteobacteria","Enterobacterales","Alteromonadaceae",NA,NA,3.37385074640074,2.80393603313847,3.83374476420678,1.04101584016076,1.82853738323737,0.756991750670277,0.108532196382724,0.344924847385383,0.924612262918218,0.1453125,0.389511844010733,NA,NA,FALSE,FALSE,FALSE,FALSE,FALSE,FALSE,0,FALSE,NA,"Not Significant"
"ASV579","DESeq2",65.1971506257443,-2.34432184659535,1.84801533509853,-1.26856190101386,0.204597359952452,0.223011122348173,"deseq2",0.223011122348173,-2.34432184659535,FALSE,"Bacteria","Proteobacteria","Gammaproteobacteria","Enterobacterales","Alteromonadaceae",NA,NA,NA,NA,NA,NA,NA,NA,NA,NA,NA,NA,NA,NA,NA,FALSE,FALSE,FALSE,FALSE,FALSE,FALSE,0,FALSE,NA,"Not Significant"
"ASV582","DESeq2",56.505255499747,-9.62558161411452,2.08712079878811,-4.61189482645357,3.9901488357651e-06,6.5897912590666e-06,"deseq2",6.5897912590666e-06,-9.62558161411452,TRUE,"Bacteria","Proteobacteria","Gammaproteobacteria","Pseudomonadales","Oleiphilaceae","Oleiphilus",NA,NA,NA,NA,NA,NA,NA,NA,NA,NA,NA,NA,NA,NA,TRUE,FALSE,FALSE,TRUE,FALSE,FALSE,1,TRUE,"Oleiphilus","Significant"
"ASV582","ALDEx2",NA,NA,NA,NA,NA,NA,"aldex2",0.452579724602496,-1.71917120371868,FALSE,"Bacteria","Proteobacteria","Gammaproteobacteria","Pseudomonadales","Oleiphilaceae","Oleiphilus",NA,0.693779793728002,1.19080556073621,-3.24380041361953,-5.52762080288833,3.25461360144177,-1.71917120371868,0.000547999460257121,0.120742893204293,0.452579724602496,0.209375,0.46719037870182,NA,NA,FALSE,FALSE,FALSE,TRUE,FALSE,FALSE,1,TRUE,"Oleiphilus","Significant"
"ASV6","DESeq2",196.069665772334,-11.4188617475752,1.53152890010945,-7.45585783380201,8.92849794688383e-14,3.24402092070113e-12,"deseq2",3.24402092070113e-12,-11.4188617475752,TRUE,"Bacteria","Proteobacteria","Alphaproteobacteria","SAR11 clade","Clade I","Clade Ia",NA,NA,NA,NA,NA,NA,NA,NA,NA,NA,NA,NA,NA,NA,TRUE,FALSE,FALSE,TRUE,FALSE,FALSE,1,TRUE,"Clade Ia","Significant"
"ASV6","ALDEx2",NA,NA,NA,NA,NA,NA,"aldex2",0.427329851165455,-3.3779986380534,FALSE,"Bacteria","Proteobacteria","Alphaproteobacteria","SAR11 clade","Clade I","Clade Ia",NA,4.12025102848998,4.44882518681927,-3.1364921894402,-7.51977476819541,2.38360553370978,-3.3779986380534,0.000547999460257121,0.109431522095675,0.427329851165455,0.2,0.45901555986124,NA,NA,FALSE,FALSE,FALSE,TRUE,FALSE,FALSE,1,TRUE,"Clade Ia","Significant"
"ASV62","ALDEx2",NA,NA,NA,NA,NA,NA,"aldex2",0.552454228137936,-1.37679594900239,FALSE,"Bacteria","Verrucomicrobiota","Verrucomicrobiae","Opitutales","Puniceicoccaceae","Lentimonas",NA,-0.682900760190907,2.02011070167437,-3.0049488505737,-4.45388908206762,3.35740721745963,-1.37679594900239,0.0620249244046617,0.168122429398762,0.552454228137936,0.275,0.571564659936018,NA,NA,FALSE,FALSE,FALSE,TRUE,FALSE,FALSE,1,TRUE,"Lentimonas","Significant"
"ASV62","DESeq2",36.962348753072,-9.00645753958846,2.12102890639726,-4.24626817316066,2.17360454407216e-05,3.48416022505685e-05,"deseq2",3.48416022505685e-05,-9.00645753958846,TRUE,"Bacteria","Verrucomicrobiota","Verrucomicrobiae","Opitutales","Puniceicoccaceae","Lentimonas",NA,NA,NA,NA,NA,NA,NA,NA,NA,NA,NA,NA,NA,NA,TRUE,FALSE,FALSE,TRUE,FALSE,FALSE,1,TRUE,"Lentimonas","Significant"
"ASV64","DESeq2",43.7935290602375,-1.40649134000073,1.31747353141833,-1.06756705653628,0.285715850494462,0.305323801018592,"deseq2",0.305323801018592,-1.40649134000073,FALSE,"Bacteria","Planctomycetota","Planctomycetes","Pirellulales","Pirellulaceae",NA,NA,NA,NA,NA,NA,NA,NA,NA,NA,NA,NA,NA,NA,NA,FALSE,FALSE,FALSE,FALSE,FALSE,FALSE,0,FALSE,NA,"Not Significant"
"ASV64","ALDEx2",NA,NA,NA,NA,NA,NA,"aldex2",0.471092363322545,1.28133490968762,FALSE,"Bacteria","Planctomycetota","Planctomycetes","Pirellulales","Pirellulaceae",NA,NA,3.19427375045989,0.362838706550342,4.16456075112981,3.35167166656177,1.95535162974553,1.28133490968762,0.0930292930848227,0.148368508640724,0.471092363322545,0.1265625,0.351390836378,NA,NA,FALSE,FALSE,FALSE,FALSE,FALSE,FALSE,0,FALSE,NA,"Not Significant"
"ASV651","DESeq2",55.8298804150149,-9.59207627669877,1.53528232476914,-6.24776050759336,4.16379455527624e-10,2.84828229623558e-09,"deseq2",2.84828229623558e-09,-9.59207627669877,TRUE,"Bacteria","Bacteroidota","Bacteroidia","Flavobacteriales","Flavobacteriaceae","Tenacibaculum",NA,NA,NA,NA,NA,NA,NA,NA,NA,NA,NA,NA,NA,NA,TRUE,FALSE,FALSE,TRUE,FALSE,FALSE,1,TRUE,"Tenacibaculum","Significant"
"ASV651","ALDEx2",NA,NA,NA,NA,NA,NA,"aldex2",0.454466038429363,-2.22770353993087,FALSE,"Bacteria","Bacteroidota","Bacteroidia","Flavobacteriales","Flavobacteriaceae","Tenacibaculum",NA,2.28898670017953,2.55795927842661,-3.29044709890964,-6.0618724769487,2.8041902571732,-2.22770353993087,0.000547999460257121,0.129884667953078,0.454466038429363,0.2,0.45901555986124,NA,NA,FALSE,FALSE,FALSE,TRUE,FALSE,FALSE,1,TRUE,"Tenacibaculum","Significant"
"ASV66","LEfSe",NA,NA,NA,NA,NA,NA,"lefse",0.0832645166635506,4.29376125618582,TRUE,"Bacteria","Proteobacteria","Gammaproteobacteria","Enterobacterales","Vibrionaceae","Vibrio",NA,NA,NA,NA,NA,NA,NA,NA,NA,NA,NA,NA,"ASV66",4.29376125618582,FALSE,FALSE,TRUE,FALSE,TRUE,TRUE,2,TRUE,"Vibrio","Significant"
"ASV66","ALDEx2",NA,NA,NA,NA,NA,NA,"aldex2",0.214207718693643,5.74267678291363,TRUE,"Bacteria","Proteobacteria","Gammaproteobacteria","Enterobacterales","Vibrionaceae","Vibrio",NA,3.59645677532886,3.32697334608833,6.66569232718582,3.44828665457774,0.597053827892394,5.74267678291363,0.000547999460257121,0.050729837015803,0.214207718693643,0,0,NA,NA,FALSE,TRUE,FALSE,FALSE,TRUE,TRUE,2,TRUE,"Vibrio","Significant"
"ASV66","DESeq2",128.567096989655,0.305457694340545,1.07804977818365,0.283342847911154,0.776914034566918,0.798902167620699,"deseq2",0.798902167620699,0.305457694340545,FALSE,"Bacteria","Proteobacteria","Gammaproteobacteria","Enterobacterales","Vibrionaceae","Vibrio",NA,NA,NA,NA,NA,NA,NA,NA,NA,NA,NA,NA,NA,NA,FALSE,FALSE,FALSE,FALSE,TRUE,TRUE,2,TRUE,"Vibrio","Significant"
"ASV691","ALDEx2",NA,NA,NA,NA,NA,NA,"aldex2",0.0839197380209162,6.2855406084412,TRUE,"Bacteria","Bacteroidota","Bacteroidia","Flavobacteriales","Flavobacteriaceae","Dokdonia",NA,1.6546600709961,0.850827377611981,5.41419664676496,4.477663505688,0.683195388744816,6.2855406084412,0.000547999460257121,0.0104289649336475,0.0839197380209162,0,0,NA,NA,FALSE,TRUE,FALSE,FALSE,TRUE,TRUE,2,TRUE,"Dokdonia","Significant"
"ASV691","DESeq2",43.829928587768,0.977290378046259,0.837104222779041,1.167465593235,0.243022395324238,0.262271693963782,"deseq2",0.262271693963782,0.977290378046259,FALSE,"Bacteria","Bacteroidota","Bacteroidia","Flavobacteriales","Flavobacteriaceae","Dokdonia",NA,NA,NA,NA,NA,NA,NA,NA,NA,NA,NA,NA,NA,NA,FALSE,FALSE,FALSE,FALSE,TRUE,TRUE,2,TRUE,"Dokdonia","Significant"
"ASV691","LEfSe",NA,NA,NA,NA,NA,NA,"lefse",0.0832645166635506,3.96217765682156,TRUE,"Bacteria","Bacteroidota","Bacteroidia","Flavobacteriales","Flavobacteriaceae","Dokdonia",NA,NA,NA,NA,NA,NA,NA,NA,NA,NA,NA,NA,"ASV691",3.96217765682156,FALSE,FALSE,TRUE,FALSE,TRUE,TRUE,2,TRUE,"Dokdonia","Significant"
"ASV714","ALDEx2",NA,NA,NA,NA,NA,NA,"aldex2",0.799030654950924,-0.979068429694751,FALSE,"Bacteria","Proteobacteria","Gammaproteobacteria","Enterobacterales","Alteromonadaceae","Aliiglaciecola",NA,2.35347609814645,3.22702009934244,0.856959363352102,-2.57015964687763,2.90374244488106,-0.979068429694751,0.0546984444258801,0.369207091604713,0.799030654950924,0.26875,0.571457389231402,NA,NA,FALSE,FALSE,FALSE,TRUE,FALSE,TRUE,2,TRUE,"Aliiglaciecola","Significant"
"ASV714","DESeq2",76.2274092369028,-5.09368023630927,1.51636856693079,-3.35913072019104,0.000781880725949031,0.00116746574148554,"deseq2",0.00116746574148554,-5.09368023630927,TRUE,"Bacteria","Proteobacteria","Gammaproteobacteria","Enterobacterales","Alteromonadaceae","Aliiglaciecola",NA,NA,NA,NA,NA,NA,NA,NA,NA,NA,NA,NA,NA,NA,TRUE,FALSE,FALSE,TRUE,FALSE,TRUE,2,TRUE,"Aliiglaciecola","Significant"
"ASV714","LEfSe",NA,NA,NA,NA,NA,NA,"lefse",0.0832645166635506,-3.64483633821171,TRUE,"Bacteria","Proteobacteria","Gammaproteobacteria","Enterobacterales","Alteromonadaceae","Aliiglaciecola",NA,NA,NA,NA,NA,NA,NA,NA,NA,NA,NA,NA,"ASV714",-3.64483633821171,FALSE,FALSE,TRUE,TRUE,FALSE,TRUE,2,TRUE,"Aliiglaciecola","Significant"
"ASV72","ALDEx2",NA,NA,NA,NA,NA,NA,"aldex2",0.790795956384459,-0.677062268658298,FALSE,"Bacteria","Proteobacteria","Alphaproteobacteria","Puniceispirillales","SAR116 clade",NA,NA,-1.54580247843542,1.31127769564633,-3.01928903439083,-3.92171088402181,5.35382444564734,-0.677062268658298,0.224808178412025,0.417738596257079,0.790795956384459,0.562499999999999,0.852731359266731,NA,NA,FALSE,FALSE,FALSE,TRUE,FALSE,FALSE,1,TRUE,NA,"Significant"
"ASV72","DESeq2",38.1363235962363,-9.05471662963878,3.00297338499826,-3.01525037646779,0.00256767198796554,0.00345526230479313,"deseq2",0.00345526230479313,-9.05471662963878,TRUE,"Bacteria","Proteobacteria","Alphaproteobacteria","Puniceispirillales","SAR116 clade",NA,NA,NA,NA,NA,NA,NA,NA,NA,NA,NA,NA,NA,NA,NA,TRUE,FALSE,FALSE,TRUE,FALSE,FALSE,1,TRUE,NA,"Significant"
"ASV725","DESeq2",33.5177612523597,3.05639810313664,2.31162819194852,1.3221841270937,0.186106845317361,0.206996389179513,"deseq2",0.206996389179513,3.05639810313664,FALSE,"Bacteria","Bacteroidota","Bacteroidia","Flavobacteriales","Crocinitomicaceae","Fluviicola",NA,NA,NA,NA,NA,NA,NA,NA,NA,NA,NA,NA,NA,NA,FALSE,FALSE,FALSE,FALSE,TRUE,TRUE,2,TRUE,"Fluviicola","Significant"
"ASV725","ALDEx2",NA,NA,NA,NA,NA,NA,"aldex2",0.227185505989159,2.34615664003493,TRUE,"Bacteria","Bacteroidota","Bacteroidia","Flavobacteriales","Crocinitomicaceae","Fluviicola",NA,0.58773267782458,-3.78200493807898,5.7753777763969,9.3017564855645,4.08532719901246,2.34615664003493,0.000547999460257121,0.0560883396236954,0.227185505989159,0,0,NA,NA,FALSE,TRUE,FALSE,FALSE,TRUE,TRUE,2,TRUE,"Fluviicola","Significant"
"ASV725","LEfSe",NA,NA,NA,NA,NA,NA,"lefse",0.0832645166635506,4.06861897977975,TRUE,"Bacteria","Bacteroidota","Bacteroidia","Flavobacteriales","Crocinitomicaceae","Fluviicola",NA,NA,NA,NA,NA,NA,NA,NA,NA,NA,NA,NA,"ASV725",4.06861897977975,FALSE,FALSE,TRUE,FALSE,TRUE,TRUE,2,TRUE,"Fluviicola","Significant"
"ASV76","ALDEx2",NA,NA,NA,NA,NA,NA,"aldex2",0.367201564990503,-3.64312958130517,FALSE,"Bacteria","Proteobacteria","Gammaproteobacteria","Enterobacterales","Colwelliaceae","Colwellia",NA,5.32039212927005,5.6977399588233,-3.00243732813214,-8.97306012217015,2.57851861434725,-3.64312958130517,0.000547999460257121,0.0847676254151515,0.367201564990503,0.2,0.45901555986124,NA,NA,FALSE,FALSE,FALSE,TRUE,FALSE,FALSE,1,TRUE,"Colwellia","Significant"
"ASV76","DESeq2",552.256053482113,-12.9090645409652,1.69535713783064,-7.61436292855883,2.64995232810112e-14,1.44422401881511e-12,"deseq2",1.44422401881511e-12,-12.9090645409652,TRUE,"Bacteria","Proteobacteria","Gammaproteobacteria","Enterobacterales","Colwelliaceae","Colwellia",NA,NA,NA,NA,NA,NA,NA,NA,NA,NA,NA,NA,NA,NA,TRUE,FALSE,FALSE,TRUE,FALSE,FALSE,1,TRUE,"Colwellia","Significant"
"ASV785","DESeq2",17.1858011190886,7.44646723207952,1.26626316073103,5.88066324837295,4.08625763643371e-09,1.44890341729838e-08,"deseq2",1.44890341729838e-08,7.44646723207952,TRUE,"Bacteria","Proteobacteria","Gammaproteobacteria","Enterobacterales","Pseudoalteromonadaceae","Psychrosphaera",NA,NA,NA,NA,NA,NA,NA,NA,NA,NA,NA,NA,NA,NA,TRUE,FALSE,FALSE,TRUE,TRUE,FALSE,2,TRUE,"Psychrosphaera","Significant"
"ASV785","ALDEx2",NA,NA,NA,NA,NA,NA,"aldex2",0.107284877124128,3.9480062921812,TRUE,"Bacteria","Proteobacteria","Gammaproteobacteria","Enterobacterales","Pseudoalteromonadaceae","Psychrosphaera",NA,-3.41046324881226,-5.58882995882908,5.04736265760362,10.3912849105703,2.76239059334543,3.9480062921812,0.000547999460257121,0.0183670788299989,0.107284877124128,0,0,NA,NA,FALSE,TRUE,FALSE,TRUE,TRUE,FALSE,2,TRUE,"Psychrosphaera","Significant"
"ASV795","ALDEx2",NA,NA,NA,NA,NA,NA,"aldex2",0.403683080684011,-2.7278822819061,FALSE,"Bacteria","Bacteroidota","Bacteroidia","Cytophagales","Cyclobacteriaceae","Fabibacter",NA,3.13301185728437,3.38969552933238,-3.16128004936828,-6.94582204692401,2.36100195447521,-2.7278822819061,0.000547999460257121,0.107195377699634,0.403683080684011,0.2,0.45901555986124,NA,NA,FALSE,FALSE,FALSE,TRUE,FALSE,FALSE,1,TRUE,"Fabibacter","Significant"
"ASV795","DESeq2",105.410196564286,-10.5118393721984,1.54044284615134,-6.82390742276564,8.85969888509197e-12,1.93141435695005e-10,"deseq2",1.93141435695005e-10,-10.5118393721984,TRUE,"Bacteria","Bacteroidota","Bacteroidia","Cytophagales","Cyclobacteriaceae","Fabibacter",NA,NA,NA,NA,NA,NA,NA,NA,NA,NA,NA,NA,NA,NA,TRUE,FALSE,FALSE,TRUE,FALSE,FALSE,1,TRUE,"Fabibacter","Significant"
"ASV81","ALDEx2",NA,NA,NA,NA,NA,NA,"aldex2",0.370344745577347,-2.12851989446862,FALSE,"Bacteria","Proteobacteria","Alphaproteobacteria","Rhodobacterales","Rhodobacteraceae","Pseudophaeobacter",NA,2.06102848965674,2.475827128517,-3.24346388073297,-6.56994053281773,3.10822258510777,-2.12851989446862,0.000547999460257121,0.0835564821024855,0.370344745577347,0.2,0.45901555986124,NA,NA,FALSE,FALSE,FALSE,TRUE,FALSE,FALSE,1,TRUE,"Pseudophaeobacter","Significant"
"ASV81","DESeq2",131.666224499516,-10.8432979938766,2.00288829039164,-5.4138306394294,6.16905187899105e-08,1.46179707567397e-07,"deseq2",1.46179707567397e-07,-10.8432979938766,TRUE,"Bacteria","Proteobacteria","Alphaproteobacteria","Rhodobacterales","Rhodobacteraceae","Pseudophaeobacter",NA,NA,NA,NA,NA,NA,NA,NA,NA,NA,NA,NA,NA,NA,TRUE,FALSE,FALSE,TRUE,FALSE,FALSE,1,TRUE,"Pseudophaeobacter","Significant"
"ASV814","ALDEx2",NA,NA,NA,NA,NA,NA,"aldex2",0.100979352908558,5.46854489828051,TRUE,"Bacteria","Proteobacteria","Gammaproteobacteria","Pseudomonadales","Oleiphilaceae","Oleiphilus",NA,-3.03661711440399,-4.55159409254927,5.64376599621962,10.2566379560985,1.9503647284848,5.46854489828051,0.000547999460257121,0.016281219882492,0.100979352908558,0,0,NA,NA,FALSE,TRUE,FALSE,TRUE,TRUE,TRUE,3,TRUE,"Oleiphilus","Significant"
"ASV814","DESeq2",28.7136349729123,7.23968449743825,1.4289758899081,5.06634474980808,4.05527195722056e-07,7.89329720244716e-07,"deseq2",7.89329720244716e-07,7.23968449743825,TRUE,"Bacteria","Proteobacteria","Gammaproteobacteria","Pseudomonadales","Oleiphilaceae","Oleiphilus",NA,NA,NA,NA,NA,NA,NA,NA,NA,NA,NA,NA,NA,NA,TRUE,FALSE,FALSE,TRUE,TRUE,TRUE,3,TRUE,"Oleiphilus","Significant"
"ASV814","LEfSe",NA,NA,NA,NA,NA,NA,"lefse",0.0832645166635506,4.07389345456966,TRUE,"Bacteria","Proteobacteria","Gammaproteobacteria","Pseudomonadales","Oleiphilaceae","Oleiphilus",NA,NA,NA,NA,NA,NA,NA,NA,NA,NA,NA,NA,"ASV814",4.07389345456966,FALSE,FALSE,TRUE,TRUE,TRUE,TRUE,3,TRUE,"Oleiphilus","Significant"
"ASV829","DESeq2",37.839572570115,-9.05008205481078,2.11322972233647,-4.28258317548394,1.8473604141003e-05,3.00540724084974e-05,"deseq2",3.00540724084974e-05,-9.05008205481078,TRUE,"Bacteria","Proteobacteria","Gammaproteobacteria","Enterobacterales","Colwelliaceae","Thalassotalea",NA,NA,NA,NA,NA,NA,NA,NA,NA,NA,NA,NA,NA,NA,TRUE,FALSE,FALSE,TRUE,FALSE,FALSE,1,TRUE,"Thalassotalea","Significant"
"ASV829","ALDEx2",NA,NA,NA,NA,NA,NA,"aldex2",0.556968142025377,-1.43979278467276,FALSE,"Bacteria","Proteobacteria","Gammaproteobacteria","Enterobacterales","Colwelliaceae","Thalassotalea",NA,-0.019474395219004,0.633768008141228,-3.05988099131738,-4.56674897140824,3.14576467702612,-1.43979278467276,0.0387751645274906,0.18165669017322,0.556968142025377,0.2546875,0.51828088585355,NA,NA,FALSE,FALSE,FALSE,TRUE,FALSE,FALSE,1,TRUE,"Thalassotalea","Significant"
"ASV831","ALDEx2",NA,NA,NA,NA,NA,NA,"aldex2",0.0997759188735944,4.317496548392,TRUE,"Bacteria","Cyanobacteria","Cyanobacteriia","Cyanobacteriales","Oscillatoriaceae",NA,NA,-3.52491745785798,-5.76680587394253,7.14201532958989,12.8885366295983,2.97607791777501,4.317496548392,0.000547999460257121,0.0154128467903275,0.0997759188735944,0,0,NA,NA,FALSE,TRUE,FALSE,TRUE,TRUE,FALSE,2,TRUE,NA,"Significant"
"ASV831","DESeq2",74.698587791475,9.5752455889091,1.4533992308865,6.58817301222095,4.45271607760265e-11,4.85346052458689e-10,"deseq2",4.85346052458689e-10,9.5752455889091,TRUE,"Bacteria","Cyanobacteria","Cyanobacteriia","Cyanobacteriales","Oscillatoriaceae",NA,NA,NA,NA,NA,NA,NA,NA,NA,NA,NA,NA,NA,NA,NA,TRUE,FALSE,FALSE,TRUE,TRUE,FALSE,2,TRUE,NA,"Significant"
"ASV853","ALDEx2",NA,NA,NA,NA,NA,NA,"aldex2",0.766971385895922,0.844265961654088,FALSE,"Bacteria","Proteobacteria","Gammaproteobacteria","Pseudomonadales","Saccharospirillaceae",NA,NA,2.81867403838618,2.30778857443836,3.18413580221538,1.00178785445911,1.2930396196438,0.844265961654088,0.178297322477122,0.290632944391022,0.766971385895922,0.1828125,0.469371548767567,NA,NA,FALSE,FALSE,FALSE,TRUE,FALSE,FALSE,1,TRUE,NA,"Significant"
"ASV853","DESeq2",45.7883057384723,-2.49009299010481,0.891223841157198,-2.79401523513058,0.0052058026047835,0.00644809640819775,"deseq2",0.00644809640819775,-2.49009299010481,TRUE,"Bacteria","Proteobacteria","Gammaproteobacteria","Pseudomonadales","Saccharospirillaceae",NA,NA,NA,NA,NA,NA,NA,NA,NA,NA,NA,NA,NA,NA,NA,TRUE,FALSE,FALSE,TRUE,FALSE,FALSE,1,TRUE,NA,"Significant"
"ASV855","DESeq2",51.9642189967973,9.04923243440591,1.4134247394193,6.4023447319337,1.53008702563261e-10,1.28291912149195e-09,"deseq2",1.28291912149195e-09,9.04923243440591,TRUE,"Bacteria","Bacteroidota","Bacteroidia","Flavobacteriales","Flavobacteriaceae","Robiginitalea",NA,NA,NA,NA,NA,NA,NA,NA,NA,NA,NA,NA,NA,NA,TRUE,FALSE,FALSE,TRUE,TRUE,FALSE,2,TRUE,"Robiginitalea","Significant"
"ASV855","ALDEx2",NA,NA,NA,NA,NA,NA,"aldex2",0.0923857857244717,4.893220059717,TRUE,"Bacteria","Bacteroidota","Bacteroidia","Flavobacteriales","Flavobacteriaceae","Robiginitalea",NA,-3.2155873987007,-5.35211462647025,6.6103562517871,12.0156645460543,2.60477228138552,4.893220059717,0.000547999460257121,0.0146490241357573,0.0923857857244717,0,0,NA,NA,FALSE,TRUE,FALSE,TRUE,TRUE,FALSE,2,TRUE,"Robiginitalea","Significant"
"ASV861","DESeq2",39.1809793587327,-9.10340737821694,1.73385437858566,-5.25038751272917,1.51779568582274e-07,3.12150433499393e-07,"deseq2",3.12150433499393e-07,-9.10340737821694,TRUE,"Bacteria","Proteobacteria","Gammaproteobacteria","Enterobacterales","Alteromonadaceae","Aestuariibacter",NA,NA,NA,NA,NA,NA,NA,NA,NA,NA,NA,NA,NA,NA,TRUE,FALSE,FALSE,TRUE,FALSE,FALSE,1,TRUE,"Aestuariibacter","Significant"
"ASV861","ALDEx2",NA,NA,NA,NA,NA,NA,"aldex2",0.453765822203406,-2.20124462742798,FALSE,"Bacteria","Proteobacteria","Gammaproteobacteria","Enterobacterales","Alteromonadaceae","Aestuariibacter",NA,1.13949185096781,1.66294308607204,-3.20991561305051,-5.22523665430534,2.30303297643991,-2.20124462742798,0.000547999460257121,0.138253316387575,0.453765822203406,0.20625,0.465583000572702,NA,NA,FALSE,FALSE,FALSE,TRUE,FALSE,FALSE,1,TRUE,"Aestuariibacter","Significant"
"ASV882","ALDEx2",NA,NA,NA,NA,NA,NA,"aldex2",0.466083063713897,-1.89929620523306,FALSE,"Bacteria","Bacteroidota","Bacteroidia","Flavobacteriales","Flavobacteriaceae","Dokdonia",NA,1.31473019386824,2.06863259276428,-3.20856194283936,-5.47249755254298,2.68942300481389,-1.89929620523306,0.000547999460257121,0.140881145852551,0.466083063713897,0.2,0.45901555986124,NA,NA,FALSE,FALSE,FALSE,TRUE,FALSE,FALSE,1,TRUE,"Dokdonia","Significant"
"ASV882","DESeq2",44.2390654097009,-9.26811299695934,1.75106492202991,-5.292843732039,1.20428822748833e-07,2.5738709175731e-07,"deseq2",2.5738709175731e-07,-9.26811299695934,TRUE,"Bacteria","Bacteroidota","Bacteroidia","Flavobacteriales","Flavobacteriaceae","Dokdonia",NA,NA,NA,NA,NA,NA,NA,NA,NA,NA,NA,NA,NA,NA,TRUE,FALSE,FALSE,TRUE,FALSE,FALSE,1,TRUE,"Dokdonia","Significant"
"ASV889","ALDEx2",NA,NA,NA,NA,NA,NA,"aldex2",0.994725340536204,0.179165655996715,FALSE,"Bacteria","Proteobacteria","Gammaproteobacteria","Pseudomonadales","Oleiphilaceae","Oleiphilus",NA,-2.22355168991521,-3.78443405743159,0.92371043685753,1.25072263943269,6.69291920759266,0.179165655996715,0.426356966101453,0.65851314093291,0.994725340536204,0.596875,0.993131488333847,NA,NA,FALSE,FALSE,FALSE,FALSE,FALSE,FALSE,0,FALSE,"Oleiphilus","Not Significant"
"ASV889","DESeq2",27.4467679404284,-3.15864876704752,3.89009247073199,-0.81197266923919,0.416807314230697,0.441087351952874,"deseq2",0.441087351952874,-3.15864876704752,FALSE,"Bacteria","Proteobacteria","Gammaproteobacteria","Pseudomonadales","Oleiphilaceae","Oleiphilus",NA,NA,NA,NA,NA,NA,NA,NA,NA,NA,NA,NA,NA,NA,FALSE,FALSE,FALSE,FALSE,FALSE,FALSE,0,FALSE,"Oleiphilus","Not Significant"
"ASV890","ALDEx2",NA,NA,NA,NA,NA,NA,"aldex2",0.0980944167863348,4.71726007989977,TRUE,"Bacteria","Bacteroidota","Bacteroidia","Flavobacteriales","Flavobacteriaceae","Lutimonas",NA,-3.29791520654865,-5.70807627592188,6.3519542807845,11.7548538699748,2.50827157442674,4.71726007989977,0.000547999460257121,0.0155769300063303,0.0980944167863348,0,0,NA,NA,FALSE,TRUE,FALSE,TRUE,TRUE,FALSE,2,TRUE,"Lutimonas","Significant"
"ASV890","DESeq2",45.7240801552446,8.8640242191542,1.44049668208226,6.15344993807352,7.58153162000713e-10,4.59103859211543e-09,"deseq2",4.59103859211543e-09,8.8640242191542,TRUE,"Bacteria","Bacteroidota","Bacteroidia","Flavobacteriales","Flavobacteriaceae","Lutimonas",NA,NA,NA,NA,NA,NA,NA,NA,NA,NA,NA,NA,NA,NA,TRUE,FALSE,FALSE,TRUE,TRUE,FALSE,2,TRUE,"Lutimonas","Significant"
"ASV901","LEfSe",NA,NA,NA,NA,NA,NA,"lefse",0.0832645166635506,3.59978364243188,TRUE,"Bacteria","Bacteroidota","Bacteroidia","Flavobacteriales","Flavobacteriaceae","Aurantivirga",NA,NA,NA,NA,NA,NA,NA,NA,NA,NA,NA,NA,"ASV901",3.59978364243188,FALSE,FALSE,TRUE,FALSE,FALSE,TRUE,1,TRUE,"Aurantivirga","Significant"
"ASV901","ALDEx2",NA,NA,NA,NA,NA,NA,"aldex2",0.548435004319945,1.67162536180898,FALSE,"Bacteria","Bacteroidota","Bacteroidia","Flavobacteriales","Flavobacteriaceae","Aurantivirga",NA,2.0692054415231,1.47026199706589,4.57882605889988,3.30330143004164,4.68761194478772,1.67162536180898,0.000547999460257121,0.179663974276624,0.548435004319945,0,0,NA,NA,FALSE,FALSE,FALSE,FALSE,FALSE,TRUE,1,TRUE,"Aurantivirga","Significant"
"ASV901","DESeq2",33.5850305289417,-0.089612540702236,1.83053520227849,-0.0489542842938472,0.96095572807508,0.96095572807508,"deseq2",0.96095572807508,-0.089612540702236,FALSE,"Bacteria","Bacteroidota","Bacteroidia","Flavobacteriales","Flavobacteriaceae","Aurantivirga",NA,NA,NA,NA,NA,NA,NA,NA,NA,NA,NA,NA,NA,NA,FALSE,FALSE,FALSE,FALSE,FALSE,TRUE,1,TRUE,"Aurantivirga","Significant"
"ASV92","ALDEx2",NA,NA,NA,NA,NA,NA,"aldex2",0.474856919040257,-1.48238486894999,FALSE,"Bacteria","Verrucomicrobiota","Verrucomicrobiae","Opitutales","Puniceicoccaceae","Coraliomargarita",NA,-0.122504071154562,2.72229701170635,-3.11251047695493,-5.31079113018949,3.28592344023884,-1.48238486894999,0.0156646691693825,0.12551055248365,0.474856919040257,0.221875,0.492817714499339,NA,NA,FALSE,FALSE,FALSE,TRUE,FALSE,FALSE,1,TRUE,"Coraliomargarita","Significant"
"ASV92","DESeq2",52.5488831287665,-9.51043415310639,2.02022618588386,-4.70760859331478,2.50639766576172e-06,4.26870852450043e-06,"deseq2",4.26870852450043e-06,-9.51043415310639,TRUE,"Bacteria","Verrucomicrobiota","Verrucomicrobiae","Opitutales","Puniceicoccaceae","Coraliomargarita",NA,NA,NA,NA,NA,NA,NA,NA,NA,NA,NA,NA,NA,NA,TRUE,FALSE,FALSE,TRUE,FALSE,FALSE,1,TRUE,"Coraliomargarita","Significant"
"ASV965","LEfSe",NA,NA,NA,NA,NA,NA,"lefse",0.0832645166635506,4.27135389655186,TRUE,"Bacteria","Proteobacteria","Alphaproteobacteria","Rhodobacterales","Rhodobacteraceae","Thalassobius",NA,NA,NA,NA,NA,NA,NA,NA,NA,NA,NA,NA,"ASV965",4.27135389655186,FALSE,FALSE,TRUE,TRUE,TRUE,TRUE,3,TRUE,"Thalassobius","Significant"
"ASV965","ALDEx2",NA,NA,NA,NA,NA,NA,"aldex2",0.16802895283218,2.73292021111838,TRUE,"Bacteria","Proteobacteria","Alphaproteobacteria","Rhodobacterales","Rhodobacteraceae","Thalassobius",NA,-0.200325001632272,-3.53181215978622,6.27629717848821,9.34992456533332,3.41702430111462,2.73292021111838,0.000547999460257121,0.0366915131015922,0.16802895283218,0,0,NA,NA,FALSE,TRUE,FALSE,TRUE,TRUE,TRUE,3,TRUE,"Thalassobius","Significant"
"ASV965","DESeq2",42.0361222016726,4.62878698100172,1.81732185569502,2.54703753575421,0.0108641746682707,0.0133055622341742,"deseq2",0.0133055622341742,4.62878698100172,TRUE,"Bacteria","Proteobacteria","Alphaproteobacteria","Rhodobacterales","Rhodobacteraceae","Thalassobius",NA,NA,NA,NA,NA,NA,NA,NA,NA,NA,NA,NA,NA,NA,TRUE,FALSE,FALSE,TRUE,TRUE,TRUE,3,TRUE,"Thalassobius","Significant"
"ASV976","DESeq2",40.4030946174033,-2.21862637804514,0.669934631282662,-3.31170576119844,0.000927290199362735,0.00134766175640717,"deseq2",0.00134766175640717,-2.21862637804514,TRUE,"Bacteria","Proteobacteria","Alphaproteobacteria","Sphingomonadales","Sphingomonadaceae","Erythrobacter",NA,NA,NA,NA,NA,NA,NA,NA,NA,NA,NA,NA,NA,NA,TRUE,FALSE,FALSE,TRUE,FALSE,FALSE,1,TRUE,"Erythrobacter","Significant"
"ASV976","ALDEx2",NA,NA,NA,NA,NA,NA,"aldex2",0.394359547486691,1.78456642767507,FALSE,"Bacteria","Proteobacteria","Alphaproteobacteria","Sphingomonadales","Sphingomonadaceae","Erythrobacter",NA,2.52409312566968,1.81833893405176,3.20999938715024,1.33239134412825,0.743339492411572,1.78456642767507,0.0468878823465655,0.125289233125174,0.394359547486691,0.0609375,0.155144981351569,NA,NA,FALSE,FALSE,FALSE,TRUE,FALSE,FALSE,1,TRUE,"Erythrobacter","Significant"
